solid WifiYagiWood
facet normal -4.2305170755066035e-47 -1.3373694072559866e-45 1.0
  outer loop
    vertex 656.5861622348863 87.17566807434038 2.257307037978831e-14
    vertex 656.7861622348863 90.29335952796433 2.257307037978831e-14
    vertex 656.0405778226148 89.72125248661195 2.257307037978831e-14
  endloop
endfacet
facet normal -4.2305170755066035e-47 -1.3373694072559866e-45 1.0
  outer loop
    vertex 656.7861622348863 90.29335952796433 2.257307037978831e-14
    vertex 656.5861622348863 87.17566807434038 2.257307037978831e-14
    vertex 656.6543105823082 87.6933061645454 2.257307037978831e-14
  endloop
endfacet
facet normal -4.2305170755066035e-47 -1.3373694072559866e-45 1.0
  outer loop
    vertex 656.7861622348863 90.29335952796433 2.257307037978831e-14
    vertex 656.6543105823082 87.6933061645454 2.257307037978831e-14
    vertex 656.8541114273174 88.17566807434038 2.257307037978831e-14
  endloop
endfacet
facet normal -4.2305170755066035e-47 -1.3373694072559866e-45 1.0
  outer loop
    vertex 656.7861622348863 90.29335952796433 2.257307037978831e-14
    vertex 656.8541114273174 88.17566807434038 2.257307037978831e-14
    vertex 657.6544136725172 90.65300104898098 2.257307037978831e-14
  endloop
endfacet
facet normal -4.2305170755066035e-47 -1.3373694072559866e-45 1.0
  outer loop
    vertex 657.6544136725172 90.65300104898098 2.257307037978831e-14
    vertex 656.8541114273174 88.17566807434038 2.257307037978831e-14
    vertex 657.1719486725132 88.58988163671343 2.257307037978831e-14
  endloop
endfacet
facet normal -4.2305170755066035e-47 -1.3373694072559866e-45 1.0
  outer loop
    vertex 657.6544136725172 90.65300104898098 2.257307037978831e-14
    vertex 657.1719486725132 88.58988163671343 2.257307037978831e-14
    vertex 657.5861622348864 88.90771888190925 2.257307037978831e-14
  endloop
endfacet
facet normal -4.2305170755066035e-47 -1.3373694072559866e-45 1.0
  outer loop
    vertex 657.6544136725172 90.65300104898098 2.257307037978831e-14
    vertex 657.5861622348864 88.90771888190925 2.257307037978831e-14
    vertex 658.0685241446812 89.1075197269185 2.257307037978831e-14
  endloop
endfacet
facet normal -4.2305170755066035e-47 -1.3373694072559866e-45 1.0
  outer loop
    vertex 657.6544136725172 90.65300104898098 2.257307037978831e-14
    vertex 658.0685241446812 89.1075197269185 2.257307037978831e-14
    vertex 658.5861622348863 90.77566807434037 2.257307037978831e-14
  endloop
endfacet
facet normal -4.2305170755066035e-47 -1.3373694072559866e-45 1.0
  outer loop
    vertex 658.5861622348863 90.77566807434037 2.257307037978831e-14
    vertex 658.0685241446812 89.1075197269185 2.257307037978831e-14
    vertex 658.5861622348863 89.17566807434036 2.257307037978831e-14
  endloop
endfacet
facet normal -4.2305170755066035e-47 -1.3373694072559866e-45 1.0
  outer loop
    vertex 658.5861622348863 90.77566807434037 2.257307037978831e-14
    vertex 658.5861622348863 89.17566807434036 2.257307037978831e-14
    vertex 659.1038003250914 89.1075197269185 2.257307037978831e-14
  endloop
endfacet
facet normal -4.2305170755066035e-47 -1.3373694072559866e-45 1.0
  outer loop
    vertex 658.5861622348863 90.77566807434037 2.257307037978831e-14
    vertex 659.1038003250914 89.1075197269185 2.257307037978831e-14
    vertex 659.5179107972554 90.65300104898098 2.257307037978831e-14
  endloop
endfacet
facet normal -4.2305170755066035e-47 -1.3373694072559866e-45 1.0
  outer loop
    vertex 659.5179107972554 90.65300104898098 2.257307037978831e-14
    vertex 659.1038003250914 89.1075197269185 2.257307037978831e-14
    vertex 659.5861622348863 88.90771888190925 2.257307037978831e-14
  endloop
endfacet
facet normal -4.2305170755066035e-47 -1.3373694072559866e-45 1.0
  outer loop
    vertex 659.5179107972554 90.65300104898098 2.257307037978831e-14
    vertex 659.5861622348863 88.90771888190925 2.257307037978831e-14
    vertex 662.3443243437383 90.31779891460538 2.257307037978831e-14
  endloop
endfacet
facet normal -4.2305170755066035e-47 -1.3373694072559866e-45 1.0
  outer loop
    vertex 662.3443243437383 90.31779891460538 2.257307037978831e-14
    vertex 659.5861622348863 88.90771888190925 2.257307037978831e-14
    vertex 660.0003757972594 88.58988163671343 2.257307037978831e-14
  endloop
endfacet
facet normal -4.2305170755066035e-47 -1.3373694072559866e-45 1.0
  outer loop
    vertex 662.3443243437383 90.31779891460538 2.257307037978831e-14
    vertex 660.0003757972594 88.58988163671343 2.257307037978831e-14
    vertex 660.3182130424551 88.17566807434038 2.257307037978831e-14
  endloop
endfacet
facet normal -4.2305170755066035e-47 -1.3373694072559866e-45 1.0
  outer loop
    vertex 662.3443243437383 90.31779891460538 2.257307037978831e-14
    vertex 660.3182130424551 88.17566807434038 2.257307037978831e-14
    vertex 660.5180138874643 87.6933061645454 2.257307037978831e-14
  endloop
endfacet
facet normal -4.2305170755066035e-47 -1.3373694072559866e-45 1.0
  outer loop
    vertex 662.3443243437383 90.31779891460538 2.257307037978831e-14
    vertex 660.5180138874643 87.6933061645454 2.257307037978831e-14
    vertex 660.5861622348863 87.17566807434038 2.257307037978831e-14
  endloop
endfacet
facet normal -4.2305170755066035e-47 -1.3373694072559866e-45 1.0
  outer loop
    vertex 676.9935215477669 74.53302738722105 2.257307037978831e-14
    vertex 677.2702364085972 80.51684902923783 2.257307037978831e-14
    vertex 677.2361622348863 80.77566807434035 2.257307037978831e-14
  endloop
endfacet
facet normal -4.2305170755066035e-47 -1.3373694072559866e-45 1.0
  outer loop
    vertex 677.2702364085972 80.51684902923783 2.257307037978831e-14
    vertex 676.9935215477669 74.53302738722105 2.257307037978831e-14
    vertex 678.2361622348863 73.5795156516337 2.257307037978831e-14
  endloop
endfacet
facet normal -4.2305170755066035e-47 -1.3373694072559866e-45 1.0
  outer loop
    vertex 677.2702364085972 80.51684902923783 2.257307037978831e-14
    vertex 678.2361622348863 73.5795156516337 2.257307037978831e-14
    vertex 677.3701368311018 80.27566807434035 2.257307037978831e-14
  endloop
endfacet
facet normal -4.2305170755066035e-47 -1.3373694072559866e-45 1.0
  outer loop
    vertex 677.3701368311018 80.27566807434035 2.257307037978831e-14
    vertex 678.2361622348863 73.5795156516337 2.257307037978831e-14
    vertex 677.5290554536997 80.06856129315379 2.257307037978831e-14
  endloop
endfacet
facet normal -4.2305170755066035e-47 -1.3373694072559866e-45 1.0
  outer loop
    vertex 677.5290554536997 80.06856129315379 2.257307037978831e-14
    vertex 678.2361622348863 73.5795156516337 2.257307037978831e-14
    vertex 677.7361622348863 79.90964267055591 2.257307037978831e-14
  endloop
endfacet
facet normal -4.2305170755066035e-47 -1.3373694072559866e-45 1.0
  outer loop
    vertex 677.7361622348863 79.90964267055591 2.257307037978831e-14
    vertex 678.2361622348863 73.5795156516337 2.257307037978831e-14
    vertex 677.9773431897838 79.80974224805128 2.257307037978831e-14
  endloop
endfacet
facet normal -4.2305170755066035e-47 -1.3373694072559866e-45 1.0
  outer loop
    vertex 677.9773431897838 79.80974224805128 2.257307037978831e-14
    vertex 678.2361622348863 73.5795156516337 2.257307037978831e-14
    vertex 678.2361622348864 79.77566807434035 2.257307037978831e-14
  endloop
endfacet
facet normal -4.2305170755066035e-47 -1.3373694072559866e-45 1.0
  outer loop
    vertex 678.2361622348864 79.77566807434035 2.257307037978831e-14
    vertex 678.2361622348863 73.5795156516337 2.257307037978831e-14
    vertex 679.6832479642711 72.98011311660589 2.257307037978831e-14
  endloop
endfacet
facet normal -4.2305170755066035e-47 -1.3373694072559866e-45 1.0
  outer loop
    vertex 678.2361622348864 79.77566807434035 2.257307037978831e-14
    vertex 679.6832479642711 72.98011311660589 2.257307037978831e-14
    vertex 678.4949812799889 79.80974224805128 2.257307037978831e-14
  endloop
endfacet
facet normal -4.2305170755066035e-47 -1.3373694072559866e-45 1.0
  outer loop
    vertex 678.4949812799889 79.80974224805128 2.257307037978831e-14
    vertex 679.6832479642711 72.98011311660589 2.257307037978831e-14
    vertex 678.7361622348863 79.90964267055591 2.257307037978831e-14
  endloop
endfacet
facet normal -4.2305170755066035e-47 -1.3373694072559866e-45 1.0
  outer loop
    vertex 678.7361622348863 79.90964267055591 2.257307037978831e-14
    vertex 679.6832479642711 72.98011311660589 2.257307037978831e-14
    vertex 678.9432690160728 80.06856129315379 2.257307037978831e-14
  endloop
endfacet
facet normal -4.2305170755066035e-47 -1.3373694072559866e-45 1.0
  outer loop
    vertex 678.9432690160728 80.06856129315379 2.257307037978831e-14
    vertex 679.6832479642711 72.98011311660589 2.257307037978831e-14
    vertex 679.1021876386707 80.27566807434035 2.257307037978831e-14
  endloop
endfacet
facet normal -4.2305170755066035e-47 -1.3373694072559866e-45 1.0
  outer loop
    vertex 679.1021876386707 80.27566807434035 2.257307037978831e-14
    vertex 679.6832479642711 72.98011311660589 2.257307037978831e-14
    vertex 679.2020880611753 80.51684902923783 2.257307037978831e-14
  endloop
endfacet
facet normal -4.2305170755066035e-47 -1.3373694072559866e-45 1.0
  outer loop
    vertex 679.2020880611753 80.51684902923783 2.257307037978831e-14
    vertex 679.6832479642711 72.98011311660589 2.257307037978831e-14
    vertex 679.2361622348863 80.77566807434035 2.257307037978831e-14
  endloop
endfacet
facet normal -4.2305170755066035e-47 -1.3373694072559866e-45 1.0
  outer loop
    vertex 680.7361622348863 77.64169347812478 2.257307037978831e-14
    vertex 680.6861622348863 83.57566807434036 2.257307037978831e-14
    vertex 680.5290554536998 77.4827748555269 2.257307037978831e-14
  endloop
endfacet
facet normal -4.2305170755066035e-47 -1.3373694072559866e-45 1.0
  outer loop
    vertex 680.6861622348863 83.57566807434036 2.257307037978831e-14
    vertex 680.7361622348863 77.64169347812478 2.257307037978831e-14
    vertex 680.7031993217419 83.44625855178911 2.257307037978831e-14
  endloop
endfacet
facet normal -4.2305170755066035e-47 -1.3373694072559866e-45 1.0
  outer loop
    vertex 680.7031993217419 83.44625855178911 2.257307037978831e-14
    vertex 680.7361622348863 77.64169347812478 2.257307037978831e-14
    vertex 680.753149532994 83.32566807434034 2.257307037978831e-14
  endloop
endfacet
facet normal -4.2305170755066035e-47 -1.3373694072559866e-45 1.0
  outer loop
    vertex 680.753149532994 83.32566807434034 2.257307037978831e-14
    vertex 680.7361622348863 77.64169347812478 2.257307037978831e-14
    vertex 680.9773431897837 77.74159390062941 2.257307037978831e-14
  endloop
endfacet
facet normal -4.2305170755066035e-47 -1.3373694072559866e-45 1.0
  outer loop
    vertex 680.753149532994 83.32566807434034 2.257307037978831e-14
    vertex 680.9773431897837 77.74159390062941 2.257307037978831e-14
    vertex 680.832608844293 83.22211468374708 2.257307037978831e-14
  endloop
endfacet
facet normal -4.2305170755066035e-47 -1.3373694072559866e-45 1.0
  outer loop
    vertex 680.832608844293 83.22211468374708 2.257307037978831e-14
    vertex 680.9773431897837 77.74159390062941 2.257307037978831e-14
    vertex 680.9361622348863 83.14265537244815 2.257307037978831e-14
  endloop
endfacet
facet normal -4.2305170755066035e-47 -1.3373694072559866e-45 1.0
  outer loop
    vertex 680.9361622348863 83.14265537244815 2.257307037978831e-14
    vertex 680.9773431897837 77.74159390062941 2.257307037978831e-14
    vertex 681.056752712335 83.09270516119582 2.257307037978831e-14
  endloop
endfacet
facet normal -4.2305170755066035e-47 -1.3373694072559866e-45 1.0
  outer loop
    vertex 681.056752712335 83.09270516119582 2.257307037978831e-14
    vertex 680.9773431897837 77.74159390062941 2.257307037978831e-14
    vertex 681.2361622348863 77.77566807434035 2.257307037978831e-14
  endloop
endfacet
facet normal -4.2305170755066035e-47 -1.3373694072559866e-45 1.0
  outer loop
    vertex 681.056752712335 83.09270516119582 2.257307037978831e-14
    vertex 681.2361622348863 77.77566807434035 2.257307037978831e-14
    vertex 681.1861622348863 83.07566807434036 2.257307037978831e-14
  endloop
endfacet
facet normal -4.2305170755066035e-47 -1.3373694072559866e-45 1.0
  outer loop
    vertex 681.1861622348863 83.07566807434036 2.257307037978831e-14
    vertex 681.2361622348863 77.77566807434035 2.257307037978831e-14
    vertex 681.2361622348863 83.08225069921973 2.257307037978831e-14
  endloop
endfacet
facet normal -4.2305170755066035e-47 -1.3373694072559866e-45 1.0
  outer loop
    vertex 681.2361622348863 83.08225069921973 2.257307037978831e-14
    vertex 681.2361622348863 77.77566807434035 2.257307037978831e-14
    vertex 681.4949812799888 77.74159390062941 2.257307037978831e-14
  endloop
endfacet
facet normal -4.2305170755066035e-47 -1.3373694072559866e-45 1.0
  outer loop
    vertex 681.2361622348863 83.08225069921973 2.257307037978831e-14
    vertex 681.4949812799888 77.74159390062941 2.257307037978831e-14
    vertex 681.3155717574375 83.09270516119582 2.257307037978831e-14
  endloop
endfacet
facet normal -4.2305170755066035e-47 -1.3373694072559866e-45 1.0
  outer loop
    vertex 681.3155717574375 83.09270516119582 2.257307037978831e-14
    vertex 681.4949812799888 77.74159390062941 2.257307037978831e-14
    vertex 681.4361622348863 83.14265537244815 2.257307037978831e-14
  endloop
endfacet
facet normal -4.2305170755066035e-47 -1.3373694072559866e-45 1.0
  outer loop
    vertex 681.4361622348863 83.14265537244815 2.257307037978831e-14
    vertex 681.4949812799888 77.74159390062941 2.257307037978831e-14
    vertex 681.5397156254796 83.22211468374708 2.257307037978831e-14
  endloop
endfacet
facet normal -4.2305170755066035e-47 -1.3373694072559866e-45 1.0
  outer loop
    vertex 681.5397156254796 83.22211468374708 2.257307037978831e-14
    vertex 681.4949812799888 77.74159390062941 2.257307037978831e-14
    vertex 681.7361622348863 77.64169347812478 2.257307037978831e-14
  endloop
endfacet
facet normal -4.2305170755066035e-47 -1.3373694072559866e-45 1.0
  outer loop
    vertex 681.5397156254796 83.22211468374708 2.257307037978831e-14
    vertex 681.7361622348863 77.64169347812478 2.257307037978831e-14
    vertex 681.6191749367786 83.32566807434034 2.257307037978831e-14
  endloop
endfacet
facet normal -4.2305170755066035e-47 -1.3373694072559866e-45 1.0
  outer loop
    vertex 681.6191749367786 83.32566807434034 2.257307037978831e-14
    vertex 681.7361622348863 77.64169347812478 2.257307037978831e-14
    vertex 681.6691251480307 83.44625855178911 2.257307037978831e-14
  endloop
endfacet
facet normal -4.2305170755066035e-47 -1.3373694072559866e-45 1.0
  outer loop
    vertex 681.6691251480307 83.44625855178911 2.257307037978831e-14
    vertex 681.7361622348863 77.64169347812478 2.257307037978831e-14
    vertex 681.6861622348863 83.57566807434036 2.257307037978831e-14
  endloop
endfacet
facet normal -4.2305170755066035e-47 -1.3373694072559866e-45 1.0
  outer loop
    vertex 679.6832479642711 72.98011311660589 2.257307037978831e-14
    vertex 680.2702364085973 76.51684902923782 2.257307037978831e-14
    vertex 680.2361622348863 76.77566807434035 2.257307037978831e-14
  endloop
endfacet
facet normal -4.2305170755066035e-47 -1.3373694072559866e-45 1.0
  outer loop
    vertex 680.2702364085973 76.51684902923782 2.257307037978831e-14
    vertex 679.6832479642711 72.98011311660589 2.257307037978831e-14
    vertex 681.2361622348863 72.77566807434032 2.257307037978831e-14
  endloop
endfacet
facet normal -4.2305170755066035e-47 -1.3373694072559866e-45 1.0
  outer loop
    vertex 680.2702364085973 76.51684902923782 2.257307037978831e-14
    vertex 681.2361622348863 72.77566807434032 2.257307037978831e-14
    vertex 680.3701368311018 76.27566807434035 2.257307037978831e-14
  endloop
endfacet
facet normal -4.2305170755066035e-47 -1.3373694072559866e-45 1.0
  outer loop
    vertex 680.3701368311018 76.27566807434035 2.257307037978831e-14
    vertex 681.2361622348863 72.77566807434032 2.257307037978831e-14
    vertex 680.5290554536998 76.0685612931538 2.257307037978831e-14
  endloop
endfacet
facet normal -4.2305170755066035e-47 -1.3373694072559866e-45 1.0
  outer loop
    vertex 680.5290554536998 76.0685612931538 2.257307037978831e-14
    vertex 681.2361622348863 72.77566807434032 2.257307037978831e-14
    vertex 680.7361622348863 75.90964267055591 2.257307037978831e-14
  endloop
endfacet
facet normal -4.2305170755066035e-47 -1.3373694072559866e-45 1.0
  outer loop
    vertex 680.7361622348863 75.90964267055591 2.257307037978831e-14
    vertex 681.2361622348863 72.77566807434032 2.257307037978831e-14
    vertex 680.9773431897837 75.80974224805126 2.257307037978831e-14
  endloop
endfacet
facet normal -4.2305170755066035e-47 -1.3373694072559866e-45 1.0
  outer loop
    vertex 680.9773431897837 75.80974224805126 2.257307037978831e-14
    vertex 681.2361622348863 72.77566807434032 2.257307037978831e-14
    vertex 681.2361622348863 75.77566807434035 2.257307037978831e-14
  endloop
endfacet
facet normal -4.2305170755066035e-47 -1.3373694072559866e-45 1.0
  outer loop
    vertex 681.2361622348863 75.77566807434035 2.257307037978831e-14
    vertex 681.2361622348863 72.77566807434032 2.257307037978831e-14
    vertex 682.7890765055014 72.98011311660589 2.257307037978831e-14
  endloop
endfacet
facet normal -4.2305170755066035e-47 -1.3373694072559866e-45 1.0
  outer loop
    vertex 681.2361622348863 75.77566807434035 2.257307037978831e-14
    vertex 682.7890765055014 72.98011311660589 2.257307037978831e-14
    vertex 681.4949812799888 75.80974224805126 2.257307037978831e-14
  endloop
endfacet
facet normal -4.2305170755066035e-47 -1.3373694072559866e-45 1.0
  outer loop
    vertex 681.4949812799888 75.80974224805126 2.257307037978831e-14
    vertex 682.7890765055014 72.98011311660589 2.257307037978831e-14
    vertex 681.7361622348863 75.90964267055591 2.257307037978831e-14
  endloop
endfacet
facet normal -4.2305170755066035e-47 -1.3373694072559866e-45 1.0
  outer loop
    vertex 681.7361622348863 75.90964267055591 2.257307037978831e-14
    vertex 682.7890765055014 72.98011311660589 2.257307037978831e-14
    vertex 681.9432690160728 76.0685612931538 2.257307037978831e-14
  endloop
endfacet
facet normal -4.2305170755066035e-47 -1.3373694072559866e-45 1.0
  outer loop
    vertex 681.9432690160728 76.0685612931538 2.257307037978831e-14
    vertex 682.7890765055014 72.98011311660589 2.257307037978831e-14
    vertex 682.1021876386708 76.27566807434035 2.257307037978831e-14
  endloop
endfacet
facet normal -4.2305170755066035e-47 -1.3373694072559866e-45 1.0
  outer loop
    vertex 682.1021876386708 76.27566807434035 2.257307037978831e-14
    vertex 682.7890765055014 72.98011311660589 2.257307037978831e-14
    vertex 682.2020880611753 76.51684902923782 2.257307037978831e-14
  endloop
endfacet
facet normal -4.2305170755066035e-47 -1.3373694072559866e-45 1.0
  outer loop
    vertex 682.2020880611753 76.51684902923782 2.257307037978831e-14
    vertex 682.7890765055014 72.98011311660589 2.257307037978831e-14
    vertex 682.2361622348864 76.77566807434035 2.257307037978831e-14
  endloop
endfacet
facet normal -4.2305170755066035e-47 -1.3373694072559866e-45 1.0
  outer loop
    vertex 682.2361622348864 76.77566807434035 2.257307037978831e-14
    vertex 682.7890765055014 72.98011311660589 2.257307037978831e-14
    vertex 682.256752712335 83.09270516119582 2.257307037978831e-14
  endloop
endfacet
facet normal -4.2305170755066035e-47 -1.3373694072559866e-45 1.0
  outer loop
    vertex 682.256752712335 83.09270516119582 2.257307037978831e-14
    vertex 682.7890765055014 72.98011311660589 2.257307037978831e-14
    vertex 682.3861622348863 83.07566807434036 2.257307037978831e-14
  endloop
endfacet
facet normal -4.2305170755066035e-47 -1.3373694072559866e-45 1.0
  outer loop
    vertex 682.3861622348863 83.07566807434036 2.257307037978831e-14
    vertex 682.7890765055014 72.98011311660589 2.257307037978831e-14
    vertex 682.5155717574376 83.09270516119582 2.257307037978831e-14
  endloop
endfacet
facet normal -4.2305170755066035e-47 -1.3373694072559866e-45 1.0
  outer loop
    vertex 682.5155717574376 83.09270516119582 2.257307037978831e-14
    vertex 682.7890765055014 72.98011311660589 2.257307037978831e-14
    vertex 682.6361622348862 83.14265537244815 2.257307037978831e-14
  endloop
endfacet
facet normal -4.2305170755066035e-47 -1.3373694072559866e-45 1.0
  outer loop
    vertex 682.6361622348862 83.14265537244815 2.257307037978831e-14
    vertex 682.7890765055014 72.98011311660589 2.257307037978831e-14
    vertex 682.7397156254794 83.22211468374708 2.257307037978831e-14
  endloop
endfacet
facet normal -4.2305170755066035e-47 -1.3373694072559866e-45 1.0
  outer loop
    vertex 682.7397156254794 83.22211468374708 2.257307037978831e-14
    vertex 682.7890765055014 72.98011311660589 2.257307037978831e-14
    vertex 682.8191749367785 83.32566807434034 2.257307037978831e-14
  endloop
endfacet
facet normal -4.2305170755066035e-47 -1.3373694072559866e-45 1.0
  outer loop
    vertex 682.8191749367785 83.32566807434034 2.257307037978831e-14
    vertex 682.7890765055014 72.98011311660589 2.257307037978831e-14
    vertex 684.2361622348863 73.57951565163367 2.257307037978831e-14
  endloop
endfacet
facet normal -4.2305170755066035e-47 -1.3373694072559866e-45 1.0
  outer loop
    vertex 682.8191749367785 83.32566807434034 2.257307037978831e-14
    vertex 684.2361622348863 73.57951565163367 2.257307037978831e-14
    vertex 683.2702364085972 80.51684902923783 2.257307037978831e-14
  endloop
endfacet
facet normal -4.2305170755066035e-47 -1.3373694072559866e-45 1.0
  outer loop
    vertex 682.8191749367785 83.32566807434034 2.257307037978831e-14
    vertex 683.2702364085972 80.51684902923783 2.257307037978831e-14
    vertex 682.8691251480309 83.44625855178911 2.257307037978831e-14
  endloop
endfacet
facet normal -4.2305170755066035e-47 -1.3373694072559866e-45 1.0
  outer loop
    vertex 682.8691251480309 83.44625855178911 2.257307037978831e-14
    vertex 683.2702364085972 80.51684902923783 2.257307037978831e-14
    vertex 683.2361622348863 80.77566807434035 2.257307037978831e-14
  endloop
endfacet
facet normal -4.2305170755066035e-47 -1.3373694072559866e-45 1.0
  outer loop
    vertex 682.8691251480309 83.44625855178911 2.257307037978831e-14
    vertex 683.2361622348863 80.77566807434035 2.257307037978831e-14
    vertex 682.8861622348863 83.57566807434036 2.257307037978831e-14
  endloop
endfacet
facet normal -4.2305170755066035e-47 -1.3373694072559866e-45 1.0
  outer loop
    vertex 683.2702364085972 80.51684902923783 2.257307037978831e-14
    vertex 684.2361622348863 73.57951565163367 2.257307037978831e-14
    vertex 683.3701368311018 80.27566807434035 2.257307037978831e-14
  endloop
endfacet
facet normal -4.2305170755066035e-47 -1.3373694072559866e-45 1.0
  outer loop
    vertex 683.3701368311018 80.27566807434035 2.257307037978831e-14
    vertex 684.2361622348863 73.57951565163367 2.257307037978831e-14
    vertex 683.5290554536997 80.06856129315379 2.257307037978831e-14
  endloop
endfacet
facet normal -4.2305170755066035e-47 -1.3373694072559866e-45 1.0
  outer loop
    vertex 683.5290554536997 80.06856129315379 2.257307037978831e-14
    vertex 684.2361622348863 73.57951565163367 2.257307037978831e-14
    vertex 683.7361622348863 79.90964267055591 2.257307037978831e-14
  endloop
endfacet
facet normal -4.2305170755066035e-47 -1.3373694072559866e-45 1.0
  outer loop
    vertex 683.7361622348863 79.90964267055591 2.257307037978831e-14
    vertex 684.2361622348863 73.57951565163367 2.257307037978831e-14
    vertex 683.9773431897837 79.80974224805128 2.257307037978831e-14
  endloop
endfacet
facet normal -4.2305170755066035e-47 -1.3373694072559866e-45 1.0
  outer loop
    vertex 683.9773431897837 79.80974224805128 2.257307037978831e-14
    vertex 684.2361622348863 73.57951565163367 2.257307037978831e-14
    vertex 684.2361622348863 79.77566807434035 2.257307037978831e-14
  endloop
endfacet
facet normal -4.2305170755066035e-47 -1.3373694072559866e-45 1.0
  outer loop
    vertex 684.2361622348863 79.77566807434035 2.257307037978831e-14
    vertex 684.2361622348863 73.57951565163367 2.257307037978831e-14
    vertex 685.4788029220056 74.53302738722103 2.257307037978831e-14
  endloop
endfacet
facet normal -4.2305170755066035e-47 -1.3373694072559866e-45 1.0
  outer loop
    vertex 684.2361622348863 79.77566807434035 2.257307037978831e-14
    vertex 685.4788029220056 74.53302738722103 2.257307037978831e-14
    vertex 684.4949812799888 79.80974224805128 2.257307037978831e-14
  endloop
endfacet
facet normal -4.2305170755066035e-47 -1.3373694072559866e-45 1.0
  outer loop
    vertex 684.4949812799888 79.80974224805128 2.257307037978831e-14
    vertex 685.4788029220056 74.53302738722103 2.257307037978831e-14
    vertex 684.7361622348863 79.90964267055591 2.257307037978831e-14
  endloop
endfacet
facet normal -4.2305170755066035e-47 -1.3373694072559866e-45 1.0
  outer loop
    vertex 684.7361622348863 79.90964267055591 2.257307037978831e-14
    vertex 685.4788029220056 74.53302738722103 2.257307037978831e-14
    vertex 684.9432690160728 80.06856129315379 2.257307037978831e-14
  endloop
endfacet
facet normal -4.2305170755066035e-47 -1.3373694072559866e-45 1.0
  outer loop
    vertex 684.9432690160728 80.06856129315379 2.257307037978831e-14
    vertex 685.4788029220056 74.53302738722103 2.257307037978831e-14
    vertex 685.1021876386707 80.27566807434035 2.257307037978831e-14
  endloop
endfacet
facet normal -4.2305170755066035e-47 -1.3373694072559866e-45 1.0
  outer loop
    vertex 685.1021876386707 80.27566807434035 2.257307037978831e-14
    vertex 685.4788029220056 74.53302738722103 2.257307037978831e-14
    vertex 685.2020880611753 80.51684902923783 2.257307037978831e-14
  endloop
endfacet
facet normal -4.2305170755066035e-47 -1.3373694072559866e-45 1.0
  outer loop
    vertex 685.2020880611753 80.51684902923783 2.257307037978831e-14
    vertex 685.4788029220056 74.53302738722103 2.257307037978831e-14
    vertex 685.2361622348863 80.77566807434035 2.257307037978831e-14
  endloop
endfacet
facet normal -4.2305170755066035e-47 -1.3373694072559866e-45 1.0
  outer loop
    vertex 676.9935215477669 74.53302738722105 2.257307037978831e-14
    vertex 676.1361622348862 85.57566807434047 2.257307037978831e-14
    vertex 676.0400098121796 75.77566807434033 2.257307037978831e-14
  endloop
endfacet
facet normal -4.2305170755066035e-47 -1.3373694072559866e-45 1.0
  outer loop
    vertex 676.1361622348862 85.57566807434047 2.257307037978831e-14
    vertex 676.9935215477669 74.53302738722105 2.257307037978831e-14
    vertex 677.2361622348863 80.77566807434035 2.257307037978831e-14
  endloop
endfacet
facet normal -4.2305170755066035e-47 -1.3373694072559866e-45 1.0
  outer loop
    vertex 676.1361622348862 85.57566807434047 2.257307037978831e-14
    vertex 677.2361622348863 80.77566807434035 2.257307037978831e-14
    vertex 677.2702364085972 81.03448711944287 2.257307037978831e-14
  endloop
endfacet
facet normal -4.2305170755066035e-47 -1.3373694072559866e-45 1.0
  outer loop
    vertex 676.1361622348862 85.57566807434047 2.257307037978831e-14
    vertex 677.2702364085972 81.03448711944287 2.257307037978831e-14
    vertex 677.3701368311018 81.27566807434036 2.257307037978831e-14
  endloop
endfacet
facet normal -4.2305170755066035e-47 -1.3373694072559866e-45 1.0
  outer loop
    vertex 676.1361622348862 85.57566807434047 2.257307037978831e-14
    vertex 677.3701368311018 81.27566807434036 2.257307037978831e-14
    vertex 677.5290554536997 81.4827748555269 2.257307037978831e-14
  endloop
endfacet
facet normal -4.2305170755066035e-47 -1.3373694072559866e-45 1.0
  outer loop
    vertex 676.1361622348862 85.57566807434047 2.257307037978831e-14
    vertex 677.5290554536997 81.4827748555269 2.257307037978831e-14
    vertex 677.7361622348863 81.64169347812478 2.257307037978831e-14
  endloop
endfacet
facet normal -4.2305170755066035e-47 -1.3373694072559866e-45 1.0
  outer loop
    vertex 676.1361622348862 85.57566807434047 2.257307037978831e-14
    vertex 677.7361622348863 81.64169347812478 2.257307037978831e-14
    vertex 680.9361622348863 84.00868077623258 2.257307037978831e-14
  endloop
endfacet
facet normal -4.2305170755066035e-47 -1.3373694072559866e-45 1.0
  outer loop
    vertex 676.1361622348862 85.57566807434047 2.257307037978831e-14
    vertex 680.9361622348863 84.00868077623258 2.257307037978831e-14
    vertex 681.056752712335 84.0586309874849 2.257307037978831e-14
  endloop
endfacet
facet normal -4.2305170755066035e-47 -1.3373694072559866e-45 1.0
  outer loop
    vertex 676.1361622348862 85.57566807434047 2.257307037978831e-14
    vertex 681.056752712335 84.0586309874849 2.257307037978831e-14
    vertex 686.3361622348863 85.57566807434047 2.257307037978831e-14
  endloop
endfacet
facet normal -4.2305170755066035e-47 -1.3373694072559866e-45 1.0
  outer loop
    vertex 680.9361622348863 84.00868077623258 2.257307037978831e-14
    vertex 677.7361622348863 81.64169347812478 2.257307037978831e-14
    vertex 677.9773431897838 81.74159390062943 2.257307037978831e-14
  endloop
endfacet
facet normal -4.2305170755066035e-47 -1.3373694072559866e-45 1.0
  outer loop
    vertex 680.9361622348863 84.00868077623258 2.257307037978831e-14
    vertex 677.9773431897838 81.74159390062943 2.257307037978831e-14
    vertex 680.832608844293 83.92922146493363 2.257307037978831e-14
  endloop
endfacet
facet normal -4.2305170755066035e-47 -1.3373694072559866e-45 1.0
  outer loop
    vertex 680.832608844293 83.92922146493363 2.257307037978831e-14
    vertex 677.9773431897838 81.74159390062943 2.257307037978831e-14
    vertex 678.2361622348864 81.77566807434035 2.257307037978831e-14
  endloop
endfacet
facet normal -4.2305170755066035e-47 -1.3373694072559866e-45 1.0
  outer loop
    vertex 680.832608844293 83.92922146493363 2.257307037978831e-14
    vertex 678.2361622348864 81.77566807434035 2.257307037978831e-14
    vertex 678.4949812799889 81.74159390062943 2.257307037978831e-14
  endloop
endfacet
facet normal -4.2305170755066035e-47 -1.3373694072559866e-45 1.0
  outer loop
    vertex 680.832608844293 83.92922146493363 2.257307037978831e-14
    vertex 678.4949812799889 81.74159390062943 2.257307037978831e-14
    vertex 678.7361622348863 81.64169347812478 2.257307037978831e-14
  endloop
endfacet
facet normal -4.2305170755066035e-47 -1.3373694072559866e-45 1.0
  outer loop
    vertex 680.832608844293 83.92922146493363 2.257307037978831e-14
    vertex 678.7361622348863 81.64169347812478 2.257307037978831e-14
    vertex 678.9432690160728 81.4827748555269 2.257307037978831e-14
  endloop
endfacet
facet normal -4.2305170755066035e-47 -1.3373694072559866e-45 1.0
  outer loop
    vertex 680.832608844293 83.92922146493363 2.257307037978831e-14
    vertex 678.9432690160728 81.4827748555269 2.257307037978831e-14
    vertex 680.753149532994 83.82566807434037 2.257307037978831e-14
  endloop
endfacet
facet normal -4.2305170755066035e-47 -1.3373694072559866e-45 1.0
  outer loop
    vertex 680.753149532994 83.82566807434037 2.257307037978831e-14
    vertex 678.9432690160728 81.4827748555269 2.257307037978831e-14
    vertex 679.1021876386707 81.27566807434035 2.257307037978831e-14
  endloop
endfacet
facet normal -4.2305170755066035e-47 -1.3373694072559866e-45 1.0
  outer loop
    vertex 680.753149532994 83.82566807434037 2.257307037978831e-14
    vertex 679.1021876386707 81.27566807434035 2.257307037978831e-14
    vertex 679.2020880611753 81.03448711944287 2.257307037978831e-14
  endloop
endfacet
facet normal -4.2305170755066035e-47 -1.3373694072559866e-45 1.0
  outer loop
    vertex 680.753149532994 83.82566807434037 2.257307037978831e-14
    vertex 679.2020880611753 81.03448711944287 2.257307037978831e-14
    vertex 679.2361622348863 80.77566807434035 2.257307037978831e-14
  endloop
endfacet
facet normal -4.2305170755066035e-47 -1.3373694072559866e-45 1.0
  outer loop
    vertex 680.753149532994 83.82566807434037 2.257307037978831e-14
    vertex 679.2361622348863 80.77566807434035 2.257307037978831e-14
    vertex 680.7031993217419 83.7050775968916 2.257307037978831e-14
  endloop
endfacet
facet normal -4.2305170755066035e-47 -1.3373694072559866e-45 1.0
  outer loop
    vertex 680.7031993217419 83.7050775968916 2.257307037978831e-14
    vertex 679.2361622348863 80.77566807434035 2.257307037978831e-14
    vertex 680.6861622348863 83.57566807434036 2.257307037978831e-14
  endloop
endfacet
facet normal -4.2305170755066035e-47 -1.3373694072559866e-45 1.0
  outer loop
    vertex 680.6861622348863 83.57566807434036 2.257307037978831e-14
    vertex 679.2361622348863 80.77566807434035 2.257307037978831e-14
    vertex 679.6832479642711 72.98011311660589 2.257307037978831e-14
  endloop
endfacet
facet normal -4.2305170755066035e-47 -1.3373694072559866e-45 1.0
  outer loop
    vertex 680.6861622348863 83.57566807434036 2.257307037978831e-14
    vertex 679.6832479642711 72.98011311660589 2.257307037978831e-14
    vertex 680.2361622348863 76.77566807434035 2.257307037978831e-14
  endloop
endfacet
facet normal -4.2305170755066035e-47 -1.3373694072559866e-45 1.0
  outer loop
    vertex 680.6861622348863 83.57566807434036 2.257307037978831e-14
    vertex 680.2361622348863 76.77566807434035 2.257307037978831e-14
    vertex 680.2702364085973 77.03448711944286 2.257307037978831e-14
  endloop
endfacet
facet normal -4.2305170755066035e-47 -1.3373694072559866e-45 1.0
  outer loop
    vertex 680.6861622348863 83.57566807434036 2.257307037978831e-14
    vertex 680.2702364085973 77.03448711944286 2.257307037978831e-14
    vertex 680.3701368311018 77.27566807434035 2.257307037978831e-14
  endloop
endfacet
facet normal -4.2305170755066035e-47 -1.3373694072559866e-45 1.0
  outer loop
    vertex 680.6861622348863 83.57566807434036 2.257307037978831e-14
    vertex 680.3701368311018 77.27566807434035 2.257307037978831e-14
    vertex 680.5290554536998 77.4827748555269 2.257307037978831e-14
  endloop
endfacet
facet normal -4.2305170755066035e-47 -1.3373694072559866e-45 1.0
  outer loop
    vertex 686.3361622348863 85.57566807434047 2.257307037978831e-14
    vertex 681.056752712335 84.0586309874849 2.257307037978831e-14
    vertex 681.1861622348863 84.07566807434036 2.257307037978831e-14
  endloop
endfacet
facet normal -4.2305170755066035e-47 -1.3373694072559866e-45 1.0
  outer loop
    vertex 686.3361622348863 85.57566807434047 2.257307037978831e-14
    vertex 681.1861622348863 84.07566807434036 2.257307037978831e-14
    vertex 681.2361622348863 84.069085449461 2.257307037978831e-14
  endloop
endfacet
facet normal -4.2305170755066035e-47 -1.3373694072559866e-45 1.0
  outer loop
    vertex 686.3361622348863 85.57566807434047 2.257307037978831e-14
    vertex 681.2361622348863 84.069085449461 2.257307037978831e-14
    vertex 681.3155717574375 84.0586309874849 2.257307037978831e-14
  endloop
endfacet
facet normal -4.2305170755066035e-47 -1.3373694072559866e-45 1.0
  outer loop
    vertex 686.3361622348863 85.57566807434047 2.257307037978831e-14
    vertex 681.3155717574375 84.0586309874849 2.257307037978831e-14
    vertex 681.4361622348863 84.00868077623258 2.257307037978831e-14
  endloop
endfacet
facet normal -4.2305170755066035e-47 -1.3373694072559866e-45 1.0
  outer loop
    vertex 686.3361622348863 85.57566807434047 2.257307037978831e-14
    vertex 681.4361622348863 84.00868077623258 2.257307037978831e-14
    vertex 681.5397156254796 83.92922146493363 2.257307037978831e-14
  endloop
endfacet
facet normal -4.2305170755066035e-47 -1.3373694072559866e-45 1.0
  outer loop
    vertex 686.3361622348863 85.57566807434047 2.257307037978831e-14
    vertex 681.5397156254796 83.92922146493363 2.257307037978831e-14
    vertex 681.6191749367786 83.82566807434037 2.257307037978831e-14
  endloop
endfacet
facet normal -4.2305170755066035e-47 -1.3373694072559866e-45 1.0
  outer loop
    vertex 686.3361622348863 85.57566807434047 2.257307037978831e-14
    vertex 681.6191749367786 83.82566807434037 2.257307037978831e-14
    vertex 682.256752712335 84.0586309874849 2.257307037978831e-14
  endloop
endfacet
facet normal -4.2305170755066035e-47 -1.3373694072559866e-45 1.0
  outer loop
    vertex 682.256752712335 84.0586309874849 2.257307037978831e-14
    vertex 681.6191749367786 83.82566807434037 2.257307037978831e-14
    vertex 682.1361622348863 84.00868077623258 2.257307037978831e-14
  endloop
endfacet
facet normal -4.2305170755066035e-47 -1.3373694072559866e-45 1.0
  outer loop
    vertex 682.1361622348863 84.00868077623258 2.257307037978831e-14
    vertex 681.6191749367786 83.82566807434037 2.257307037978831e-14
    vertex 681.6691251480307 83.7050775968916 2.257307037978831e-14
  endloop
endfacet
facet normal -4.2305170755066035e-47 -1.3373694072559866e-45 1.0
  outer loop
    vertex 682.1361622348863 84.00868077623258 2.257307037978831e-14
    vertex 681.6691251480307 83.7050775968916 2.257307037978831e-14
    vertex 682.0326088442931 83.92922146493363 2.257307037978831e-14
  endloop
endfacet
facet normal -4.2305170755066035e-47 -1.3373694072559866e-45 1.0
  outer loop
    vertex 682.0326088442931 83.92922146493363 2.257307037978831e-14
    vertex 681.6691251480307 83.7050775968916 2.257307037978831e-14
    vertex 681.6861622348863 83.57566807434036 2.257307037978831e-14
  endloop
endfacet
facet normal -4.2305170755066035e-47 -1.3373694072559866e-45 1.0
  outer loop
    vertex 682.0326088442931 83.92922146493363 2.257307037978831e-14
    vertex 681.6861622348863 83.57566807434036 2.257307037978831e-14
    vertex 681.9531495329941 83.82566807434037 2.257307037978831e-14
  endloop
endfacet
facet normal -4.2305170755066035e-47 -1.3373694072559866e-45 1.0
  outer loop
    vertex 681.9531495329941 83.82566807434037 2.257307037978831e-14
    vertex 681.6861622348863 83.57566807434036 2.257307037978831e-14
    vertex 681.9031993217417 83.7050775968916 2.257307037978831e-14
  endloop
endfacet
facet normal -4.2305170755066035e-47 -1.3373694072559866e-45 1.0
  outer loop
    vertex 681.9031993217417 83.7050775968916 2.257307037978831e-14
    vertex 681.6861622348863 83.57566807434036 2.257307037978831e-14
    vertex 681.8861622348862 83.57566807434036 2.257307037978831e-14
  endloop
endfacet
facet normal -4.2305170755066035e-47 -1.3373694072559866e-45 1.0
  outer loop
    vertex 681.8861622348862 83.57566807434036 2.257307037978831e-14
    vertex 681.6861622348863 83.57566807434036 2.257307037978831e-14
    vertex 681.7361622348863 77.64169347812478 2.257307037978831e-14
  endloop
endfacet
facet normal -4.2305170755066035e-47 -1.3373694072559866e-45 1.0
  outer loop
    vertex 686.3361622348863 85.57566807434047 2.257307037978831e-14
    vertex 682.256752712335 84.0586309874849 2.257307037978831e-14
    vertex 682.3861622348863 84.07566807434036 2.257307037978831e-14
  endloop
endfacet
facet normal -4.2305170755066035e-47 -1.3373694072559866e-45 1.0
  outer loop
    vertex 686.3361622348863 85.57566807434047 2.257307037978831e-14
    vertex 682.3861622348863 84.07566807434036 2.257307037978831e-14
    vertex 682.5155717574376 84.0586309874849 2.257307037978831e-14
  endloop
endfacet
facet normal -4.2305170755066035e-47 -1.3373694072559866e-45 1.0
  outer loop
    vertex 686.3361622348863 85.57566807434047 2.257307037978831e-14
    vertex 682.5155717574376 84.0586309874849 2.257307037978831e-14
    vertex 682.6361622348862 84.00868077623258 2.257307037978831e-14
  endloop
endfacet
facet normal -4.2305170755066035e-47 -1.3373694072559866e-45 1.0
  outer loop
    vertex 686.3361622348863 85.57566807434047 2.257307037978831e-14
    vertex 682.6361622348862 84.00868077623258 2.257307037978831e-14
    vertex 682.7397156254794 83.92922146493363 2.257307037978831e-14
  endloop
endfacet
facet normal -4.2305170755066035e-47 -1.3373694072559866e-45 1.0
  outer loop
    vertex 686.3361622348863 85.57566807434047 2.257307037978831e-14
    vertex 682.7397156254794 83.92922146493363 2.257307037978831e-14
    vertex 682.8191749367785 83.82566807434037 2.257307037978831e-14
  endloop
endfacet
facet normal -4.2305170755066035e-47 -1.3373694072559866e-45 1.0
  outer loop
    vertex 686.3361622348863 85.57566807434047 2.257307037978831e-14
    vertex 682.8191749367785 83.82566807434037 2.257307037978831e-14
    vertex 682.8691251480309 83.7050775968916 2.257307037978831e-14
  endloop
endfacet
facet normal -4.2305170755066035e-47 -1.3373694072559866e-45 1.0
  outer loop
    vertex 686.3361622348863 85.57566807434047 2.257307037978831e-14
    vertex 682.8691251480309 83.7050775968916 2.257307037978831e-14
    vertex 682.8861622348863 83.57566807434036 2.257307037978831e-14
  endloop
endfacet
facet normal -4.2305170755066035e-47 -1.3373694072559866e-45 1.0
  outer loop
    vertex 686.3361622348863 85.57566807434047 2.257307037978831e-14
    vertex 682.8861622348863 83.57566807434036 2.257307037978831e-14
    vertex 683.3701368311018 81.27566807434036 2.257307037978831e-14
  endloop
endfacet
facet normal -4.2305170755066035e-47 -1.3373694072559866e-45 1.0
  outer loop
    vertex 683.3701368311018 81.27566807434036 2.257307037978831e-14
    vertex 682.8861622348863 83.57566807434036 2.257307037978831e-14
    vertex 683.2702364085972 81.03448711944287 2.257307037978831e-14
  endloop
endfacet
facet normal -4.2305170755066035e-47 -1.3373694072559866e-45 1.0
  outer loop
    vertex 683.2702364085972 81.03448711944287 2.257307037978831e-14
    vertex 682.8861622348863 83.57566807434036 2.257307037978831e-14
    vertex 683.2361622348863 80.77566807434035 2.257307037978831e-14
  endloop
endfacet
facet normal -4.2305170755066035e-47 -1.3373694072559866e-45 1.0
  outer loop
    vertex 686.3361622348863 85.57566807434047 2.257307037978831e-14
    vertex 683.3701368311018 81.27566807434036 2.257307037978831e-14
    vertex 683.5290554536997 81.4827748555269 2.257307037978831e-14
  endloop
endfacet
facet normal -4.2305170755066035e-47 -1.3373694072559866e-45 1.0
  outer loop
    vertex 686.3361622348863 85.57566807434047 2.257307037978831e-14
    vertex 683.5290554536997 81.4827748555269 2.257307037978831e-14
    vertex 683.7361622348864 81.64169347812478 2.257307037978831e-14
  endloop
endfacet
facet normal -4.2305170755066035e-47 -1.3373694072559866e-45 1.0
  outer loop
    vertex 686.3361622348863 85.57566807434047 2.257307037978831e-14
    vertex 683.7361622348864 81.64169347812478 2.257307037978831e-14
    vertex 683.9773431897837 81.74159390062943 2.257307037978831e-14
  endloop
endfacet
facet normal -4.2305170755066035e-47 -1.3373694072559866e-45 1.0
  outer loop
    vertex 686.3361622348863 85.57566807434047 2.257307037978831e-14
    vertex 683.9773431897837 81.74159390062943 2.257307037978831e-14
    vertex 684.2361622348863 81.77566807434035 2.257307037978831e-14
  endloop
endfacet
facet normal -4.2305170755066035e-47 -1.3373694072559866e-45 1.0
  outer loop
    vertex 686.3361622348863 85.57566807434047 2.257307037978831e-14
    vertex 684.2361622348863 81.77566807434035 2.257307037978831e-14
    vertex 684.4949812799888 81.74159390062943 2.257307037978831e-14
  endloop
endfacet
facet normal -4.2305170755066035e-47 -1.3373694072559866e-45 1.0
  outer loop
    vertex 686.3361622348863 85.57566807434047 2.257307037978831e-14
    vertex 684.4949812799888 81.74159390062943 2.257307037978831e-14
    vertex 684.7361622348863 81.64169347812478 2.257307037978831e-14
  endloop
endfacet
facet normal -4.2305170755066035e-47 -1.3373694072559866e-45 1.0
  outer loop
    vertex 686.3361622348863 85.57566807434047 2.257307037978831e-14
    vertex 684.7361622348863 81.64169347812478 2.257307037978831e-14
    vertex 684.9432690160728 81.4827748555269 2.257307037978831e-14
  endloop
endfacet
facet normal -4.2305170755066035e-47 -1.3373694072559866e-45 1.0
  outer loop
    vertex 686.3361622348863 85.57566807434047 2.257307037978831e-14
    vertex 684.9432690160728 81.4827748555269 2.257307037978831e-14
    vertex 685.1021876386707 81.27566807434035 2.257307037978831e-14
  endloop
endfacet
facet normal -4.2305170755066035e-47 -1.3373694072559866e-45 1.0
  outer loop
    vertex 686.3361622348863 85.57566807434047 2.257307037978831e-14
    vertex 685.1021876386707 81.27566807434035 2.257307037978831e-14
    vertex 685.2020880611753 81.03448711944287 2.257307037978831e-14
  endloop
endfacet
facet normal -4.2305170755066035e-47 -1.3373694072559866e-45 1.0
  outer loop
    vertex 686.3361622348863 85.57566807434047 2.257307037978831e-14
    vertex 685.2020880611753 81.03448711944287 2.257307037978831e-14
    vertex 685.2361622348863 80.77566807434035 2.257307037978831e-14
  endloop
endfacet
facet normal -4.2305170755066035e-47 -1.3373694072559866e-45 1.0
  outer loop
    vertex 686.3361622348863 85.57566807434047 2.257307037978831e-14
    vertex 685.2361622348863 80.77566807434035 2.257307037978831e-14
    vertex 685.4788029220056 74.53302738722103 2.257307037978831e-14
  endloop
endfacet
facet normal -4.2305170755066035e-47 -1.3373694072559866e-45 1.0
  outer loop
    vertex 686.3361622348863 85.57566807434047 2.257307037978831e-14
    vertex 685.4788029220056 74.53302738722103 2.257307037978831e-14
    vertex 686.4323146575929 75.77566807434033 2.257307037978831e-14
  endloop
endfacet
facet normal -4.2305170755066035e-47 -1.3373694072559866e-45 1.0
  outer loop
    vertex 686.3361622348863 85.57566807434047 2.257307037978831e-14
    vertex 686.4323146575929 75.77566807434033 2.257307037978831e-14
    vertex 686.3361622348863 88.77566807434049 2.257307037978831e-14
  endloop
endfacet
facet normal -4.2305170755066035e-47 -1.3373694072559866e-45 1.0
  outer loop
    vertex 692.5859695019724 84.70025780734015 2.257307037978831e-14
    vertex 690.2361622348863 85.67566807434049 2.257307037978831e-14
    vertex 688.8057654207126 84.90878528244743 2.257307037978831e-14
  endloop
endfacet
facet normal -4.2305170755066035e-47 -1.3373694072559866e-45 1.0
  outer loop
    vertex 690.2361622348863 85.67566807434049 2.257307037978831e-14
    vertex 692.5859695019724 84.70025780734015 2.257307037978831e-14
    vertex 691.2361622348864 85.67566807434049 2.257307037978831e-14
  endloop
endfacet
facet normal -4.2305170755066035e-47 -1.3373694072559866e-45 1.0
  outer loop
    vertex 691.2361622348864 85.67566807434049 2.257307037978831e-14
    vertex 692.5859695019724 84.70025780734015 2.257307037978831e-14
    vertex 691.2361622348864 88.67566807434048 2.257307037978831e-14
  endloop
endfacet
facet normal -4.2305170755066035e-47 -1.3373694072559866e-45 1.0
  outer loop
    vertex 700.1280001260343 84.03353723407528 2.257307037978831e-14
    vertex 701.9543105823082 86.65802998413531 2.257307037978831e-14
    vertex 701.8861622348862 87.17566807434038 2.257307037978831e-14
  endloop
endfacet
facet normal -4.2305170755066035e-47 -1.3373694072559866e-45 1.0
  outer loop
    vertex 701.9543105823082 86.65802998413531 2.257307037978831e-14
    vertex 700.1280001260343 84.03353723407528 2.257307037978831e-14
    vertex 702.9544136725171 83.69833509969973 2.257307037978831e-14
  endloop
endfacet
facet normal -4.2305170755066035e-47 -1.3373694072559866e-45 1.0
  outer loop
    vertex 701.9543105823082 86.65802998413531 2.257307037978831e-14
    vertex 702.9544136725171 83.69833509969973 2.257307037978831e-14
    vertex 702.1541114273174 86.17566807434035 2.257307037978831e-14
  endloop
endfacet
facet normal -4.2305170755066035e-47 -1.3373694072559866e-45 1.0
  outer loop
    vertex 702.1541114273174 86.17566807434035 2.257307037978831e-14
    vertex 702.9544136725171 83.69833509969973 2.257307037978831e-14
    vertex 702.4719486725131 85.76145451196727 2.257307037978831e-14
  endloop
endfacet
facet normal -4.2305170755066035e-47 -1.3373694072559866e-45 1.0
  outer loop
    vertex 702.4719486725131 85.76145451196727 2.257307037978831e-14
    vertex 702.9544136725171 83.69833509969973 2.257307037978831e-14
    vertex 702.8861622348863 85.44361726677147 2.257307037978831e-14
  endloop
endfacet
facet normal -4.2305170755066035e-47 -1.3373694072559866e-45 1.0
  outer loop
    vertex 702.8861622348863 85.44361726677147 2.257307037978831e-14
    vertex 702.9544136725171 83.69833509969973 2.257307037978831e-14
    vertex 703.3685241446811 85.2438164217622 2.257307037978831e-14
  endloop
endfacet
facet normal -4.2305170755066035e-47 -1.3373694072559866e-45 1.0
  outer loop
    vertex 703.3685241446811 85.2438164217622 2.257307037978831e-14
    vertex 702.9544136725171 83.69833509969973 2.257307037978831e-14
    vertex 703.8861622348862 83.57566807434036 2.257307037978831e-14
  endloop
endfacet
facet normal -4.2305170755066035e-47 -1.3373694072559866e-45 1.0
  outer loop
    vertex 703.3685241446811 85.2438164217622 2.257307037978831e-14
    vertex 703.8861622348862 83.57566807434036 2.257307037978831e-14
    vertex 703.8861622348862 85.17566807434035 2.257307037978831e-14
  endloop
endfacet
facet normal -4.2305170755066035e-47 -1.3373694072559866e-45 1.0
  outer loop
    vertex 703.8861622348862 85.17566807434035 2.257307037978831e-14
    vertex 703.8861622348862 83.57566807434036 2.257307037978831e-14
    vertex 704.8179107972554 83.69833509969973 2.257307037978831e-14
  endloop
endfacet
facet normal -4.2305170755066035e-47 -1.3373694072559866e-45 1.0
  outer loop
    vertex 703.8861622348862 85.17566807434035 2.257307037978831e-14
    vertex 704.8179107972554 83.69833509969973 2.257307037978831e-14
    vertex 704.4038003250913 85.2438164217622 2.257307037978831e-14
  endloop
endfacet
facet normal -4.2305170755066035e-47 -1.3373694072559866e-45 1.0
  outer loop
    vertex 704.4038003250913 85.2438164217622 2.257307037978831e-14
    vertex 704.8179107972554 83.69833509969973 2.257307037978831e-14
    vertex 704.8861622348862 85.44361726677147 2.257307037978831e-14
  endloop
endfacet
facet normal -4.2305170755066035e-47 -1.3373694072559866e-45 1.0
  outer loop
    vertex 704.8861622348862 85.44361726677147 2.257307037978831e-14
    vertex 704.8179107972554 83.69833509969973 2.257307037978831e-14
    vertex 705.6861622348862 84.05797662071637 2.257307037978831e-14
  endloop
endfacet
facet normal -4.2305170755066035e-47 -1.3373694072559866e-45 1.0
  outer loop
    vertex 704.8861622348862 85.44361726677147 2.257307037978831e-14
    vertex 705.6861622348862 84.05797662071637 2.257307037978831e-14
    vertex 705.3003757972593 85.76145451196727 2.257307037978831e-14
  endloop
endfacet
facet normal -4.2305170755066035e-47 -1.3373694072559866e-45 1.0
  outer loop
    vertex 705.3003757972593 85.76145451196727 2.257307037978831e-14
    vertex 705.6861622348862 84.05797662071637 2.257307037978831e-14
    vertex 705.6182130424552 86.17566807434035 2.257307037978831e-14
  endloop
endfacet
facet normal -4.2305170755066035e-47 -1.3373694072559866e-45 1.0
  outer loop
    vertex 705.6182130424552 86.17566807434035 2.257307037978831e-14
    vertex 705.6861622348862 84.05797662071637 2.257307037978831e-14
    vertex 705.8180138874643 86.65802998413531 2.257307037978831e-14
  endloop
endfacet
facet normal -4.2305170755066035e-47 -1.3373694072559866e-45 1.0
  outer loop
    vertex 705.8180138874643 86.65802998413531 2.257307037978831e-14
    vertex 705.6861622348862 84.05797662071637 2.257307037978831e-14
    vertex 706.4317466471578 84.63008366206878 2.257307037978831e-14
  endloop
endfacet
facet normal -4.2305170755066035e-47 -1.3373694072559866e-45 1.0
  outer loop
    vertex 705.8180138874643 86.65802998413531 2.257307037978831e-14
    vertex 706.4317466471578 84.63008366206878 2.257307037978831e-14
    vertex 705.8861622348862 87.17566807434038 2.257307037978831e-14
  endloop
endfacet
facet normal -4.2305170755066035e-47 -1.3373694072559866e-45 1.0
  outer loop
    vertex 675.4406072771518 77.22275380372521 2.257307037978831e-14
    vertex 675.2361622348863 84.96070203638068 2.257307037978831e-14
    vertex 675.2361622348863 78.77566807434035 2.257307037978831e-14
  endloop
endfacet
facet normal -4.2305170755066035e-47 -1.3373694072559866e-45 1.0
  outer loop
    vertex 675.2361622348863 84.96070203638068 2.257307037978831e-14
    vertex 675.4406072771518 77.22275380372521 2.257307037978831e-14
    vertex 675.2361622348863 89.39063411229998 2.257307037978831e-14
  endloop
endfacet
facet normal -4.2305170755066035e-47 -1.3373694072559866e-45 1.0
  outer loop
    vertex 675.2361622348863 89.39063411229998 2.257307037978831e-14
    vertex 675.4406072771518 77.22275380372521 2.257307037978831e-14
    vertex 676.1361622348862 88.77566807434049 2.257307037978831e-14
  endloop
endfacet
facet normal -4.2305170755066035e-47 -1.3373694072559866e-45 1.0
  outer loop
    vertex 675.2361622348863 89.39063411229998 2.257307037978831e-14
    vertex 676.1361622348862 88.77566807434049 2.257307037978831e-14
    vertex 677.4504409609048 89.31739384062082 2.257307037978831e-14
  endloop
endfacet
facet normal -4.2305170755066035e-47 -1.3373694072559866e-45 1.0
  outer loop
    vertex 676.1361622348862 88.77566807434049 2.257307037978831e-14
    vertex 675.4406072771518 77.22275380372521 2.257307037978831e-14
    vertex 676.0400098121796 75.77566807434033 2.257307037978831e-14
  endloop
endfacet
facet normal -4.2305170755066035e-47 -1.3373694072559866e-45 1.0
  outer loop
    vertex 676.1361622348862 88.77566807434049 2.257307037978831e-14
    vertex 676.0400098121796 75.77566807434033 2.257307037978831e-14
    vertex 676.1361622348862 85.57566807434047 2.257307037978831e-14
  endloop
endfacet
facet normal -4.2305170755066035e-47 -1.3373694072559866e-45 1.0
  outer loop
    vertex 677.4504409609048 89.31739384062082 2.257307037978831e-14
    vertex 676.1361622348862 88.77566807434049 2.257307037978831e-14
    vertex 686.3361622348863 88.77566807434049 2.257307037978831e-14
  endloop
endfacet
facet normal -4.2305170755066035e-47 -1.3373694072559866e-45 1.0
  outer loop
    vertex 677.4504409609048 89.31739384062082 2.257307037978831e-14
    vertex 686.3361622348863 88.77566807434049 2.257307037978831e-14
    vertex 681.2361622348861 89.27566807434035 2.257307037978831e-14
  endloop
endfacet
facet normal -4.2305170755066035e-47 -1.3373694072559866e-45 1.0
  outer loop
    vertex 681.2361622348861 89.27566807434035 2.257307037978831e-14
    vertex 686.3361622348863 88.77566807434049 2.257307037978831e-14
    vertex 685.0218835088676 89.31739384062082 2.257307037978831e-14
  endloop
endfacet
facet normal -4.2305170755066035e-47 -1.3373694072559866e-45 1.0
  outer loop
    vertex 685.0218835088676 89.31739384062082 2.257307037978831e-14
    vertex 686.3361622348863 88.77566807434049 2.257307037978831e-14
    vertex 687.2361622348863 89.39063411230002 2.257307037978831e-14
  endloop
endfacet
facet normal -4.2305170755066035e-47 -1.3373694072559866e-45 1.0
  outer loop
    vertex 687.2361622348863 89.39063411230002 2.257307037978831e-14
    vertex 686.3361622348863 88.77566807434049 2.257307037978831e-14
    vertex 686.4323146575929 75.77566807434033 2.257307037978831e-14
  endloop
endfacet
facet normal -4.2305170755066035e-47 -1.3373694072559866e-45 1.0
  outer loop
    vertex 687.2361622348863 89.39063411230002 2.257307037978831e-14
    vertex 686.4323146575929 75.77566807434033 2.257307037978831e-14
    vertex 687.0317171926208 77.22275380372521 2.257307037978831e-14
  endloop
endfacet
facet normal -4.2305170755066035e-47 -1.3373694072559866e-45 1.0
  outer loop
    vertex 687.2361622348863 89.39063411230002 2.257307037978831e-14
    vertex 687.0317171926208 77.22275380372521 2.257307037978831e-14
    vertex 687.2361622348863 78.77566807434035 2.257307037978831e-14
  endloop
endfacet
facet normal -4.2305170755066035e-47 -1.3373694072559866e-45 1.0
  outer loop
    vertex 687.2361622348863 89.39063411230002 2.257307037978831e-14
    vertex 687.2361622348863 78.77566807434035 2.257307037978831e-14
    vertex 687.2361622348863 84.96070203638068 2.257307037978831e-14
  endloop
endfacet
facet normal -4.2305170755066035e-47 -1.3373694072559866e-45 1.0
  outer loop
    vertex 687.2361622348863 89.39063411230002 2.257307037978831e-14
    vertex 687.2361622348863 84.96070203638068 2.257307037978831e-14
    vertex 688.8057654207126 84.90878528244743 2.257307037978831e-14
  endloop
endfacet
facet normal -4.2305170755066035e-47 -1.3373694072559866e-45 1.0
  outer loop
    vertex 687.2361622348863 89.39063411230002 2.257307037978831e-14
    vertex 688.8057654207126 84.90878528244743 2.257307037978831e-14
    vertex 688.8057654207125 89.44255086623328 2.257307037978831e-14
  endloop
endfacet
facet normal -4.2305170755066035e-47 -1.3373694072559866e-45 1.0
  outer loop
    vertex 688.8057654207125 89.44255086623328 2.257307037978831e-14
    vertex 688.8057654207126 84.90878528244743 2.257307037978831e-14
    vertex 690.2361622348863 88.67566807434048 2.257307037978831e-14
  endloop
endfacet
facet normal -4.2305170755066035e-47 -1.3373694072559866e-45 1.0
  outer loop
    vertex 688.8057654207125 89.44255086623328 2.257307037978831e-14
    vertex 690.2361622348863 88.67566807434048 2.257307037978831e-14
    vertex 692.5859695019724 89.65107834134051 2.257307037978831e-14
  endloop
endfacet
facet normal -4.2305170755066035e-47 -1.3373694072559866e-45 1.0
  outer loop
    vertex 690.2361622348863 88.67566807434048 2.257307037978831e-14
    vertex 688.8057654207126 84.90878528244743 2.257307037978831e-14
    vertex 690.2361622348863 85.67566807434049 2.257307037978831e-14
  endloop
endfacet
facet normal -4.2305170755066035e-47 -1.3373694072559866e-45 1.0
  outer loop
    vertex 692.5859695019724 89.65107834134051 2.257307037978831e-14
    vertex 690.2361622348863 88.67566807434048 2.257307037978831e-14
    vertex 691.2361622348864 88.67566807434048 2.257307037978831e-14
  endloop
endfacet
facet normal -4.2305170755066035e-47 -1.3373694072559866e-45 1.0
  outer loop
    vertex 692.5859695019724 89.65107834134051 2.257307037978831e-14
    vertex 691.2361622348864 88.67566807434048 2.257307037978831e-14
    vertex 692.5859695019724 84.70025780734015 2.257307037978831e-14
  endloop
endfacet
facet normal -4.2305170755066035e-47 -1.3373694072559866e-45 1.0
  outer loop
    vertex 692.5859695019724 89.65107834134051 2.257307037978831e-14
    vertex 692.5859695019724 84.70025780734015 2.257307037978831e-14
    vertex 696.3606590711397 84.40846119963766 2.257307037978831e-14
  endloop
endfacet
facet normal -4.2305170755066035e-47 -1.3373694072559866e-45 1.0
  outer loop
    vertex 692.5859695019724 89.65107834134051 2.257307037978831e-14
    vertex 696.3606590711397 84.40846119963766 2.257307037978831e-14
    vertex 696.3606590711396 89.942874949043 2.257307037978831e-14
  endloop
endfacet
facet normal -4.2305170755066035e-47 -1.3373694072559866e-45 1.0
  outer loop
    vertex 696.3606590711396 89.942874949043 2.257307037978831e-14
    vertex 696.3606590711397 84.40846119963766 2.257307037978831e-14
    vertex 700.1280001260342 90.31779891460538 2.257307037978831e-14
  endloop
endfacet
facet normal -4.2305170755066035e-47 -1.3373694072559866e-45 1.0
  outer loop
    vertex 700.1280001260342 90.31779891460538 2.257307037978831e-14
    vertex 696.3606590711397 84.40846119963766 2.257307037978831e-14
    vertex 700.1280001260343 84.03353723407528 2.257307037978831e-14
  endloop
endfacet
facet normal -4.2305170755066035e-47 -1.3373694072559866e-45 1.0
  outer loop
    vertex 700.1280001260342 90.31779891460538 2.257307037978831e-14
    vertex 700.1280001260343 84.03353723407528 2.257307037978831e-14
    vertex 702.9544136725171 90.65300104898098 2.257307037978831e-14
  endloop
endfacet
facet normal -4.2305170755066035e-47 -1.3373694072559866e-45 1.0
  outer loop
    vertex 702.9544136725171 90.65300104898098 2.257307037978831e-14
    vertex 700.1280001260343 84.03353723407528 2.257307037978831e-14
    vertex 701.9543105823082 87.6933061645454 2.257307037978831e-14
  endloop
endfacet
facet normal -4.2305170755066035e-47 -1.3373694072559866e-45 1.0
  outer loop
    vertex 701.9543105823082 87.6933061645454 2.257307037978831e-14
    vertex 700.1280001260343 84.03353723407528 2.257307037978831e-14
    vertex 701.8861622348862 87.17566807434038 2.257307037978831e-14
  endloop
endfacet
facet normal -4.2305170755066035e-47 -1.3373694072559866e-45 1.0
  outer loop
    vertex 702.9544136725171 90.65300104898098 2.257307037978831e-14
    vertex 701.9543105823082 87.6933061645454 2.257307037978831e-14
    vertex 702.1541114273174 88.17566807434038 2.257307037978831e-14
  endloop
endfacet
facet normal -4.2305170755066035e-47 -1.3373694072559866e-45 1.0
  outer loop
    vertex 702.9544136725171 90.65300104898098 2.257307037978831e-14
    vertex 702.1541114273174 88.17566807434038 2.257307037978831e-14
    vertex 702.4719486725131 88.58988163671343 2.257307037978831e-14
  endloop
endfacet
facet normal -4.2305170755066035e-47 -1.3373694072559866e-45 1.0
  outer loop
    vertex 702.9544136725171 90.65300104898098 2.257307037978831e-14
    vertex 702.4719486725131 88.58988163671343 2.257307037978831e-14
    vertex 702.8861622348863 88.90771888190925 2.257307037978831e-14
  endloop
endfacet
facet normal -4.2305170755066035e-47 -1.3373694072559866e-45 1.0
  outer loop
    vertex 702.9544136725171 90.65300104898098 2.257307037978831e-14
    vertex 702.8861622348863 88.90771888190925 2.257307037978831e-14
    vertex 703.3685241446811 89.1075197269185 2.257307037978831e-14
  endloop
endfacet
facet normal -4.2305170755066035e-47 -1.3373694072559866e-45 1.0
  outer loop
    vertex 702.9544136725171 90.65300104898098 2.257307037978831e-14
    vertex 703.3685241446811 89.1075197269185 2.257307037978831e-14
    vertex 703.8861622348862 90.77566807434037 2.257307037978831e-14
  endloop
endfacet
facet normal -4.2305170755066035e-47 -1.3373694072559866e-45 1.0
  outer loop
    vertex 703.8861622348862 90.77566807434037 2.257307037978831e-14
    vertex 703.3685241446811 89.1075197269185 2.257307037978831e-14
    vertex 703.8861622348862 89.17566807434036 2.257307037978831e-14
  endloop
endfacet
facet normal -4.2305170755066035e-47 -1.3373694072559866e-45 1.0
  outer loop
    vertex 703.8861622348862 90.77566807434037 2.257307037978831e-14
    vertex 703.8861622348862 89.17566807434036 2.257307037978831e-14
    vertex 704.4038003250913 89.1075197269185 2.257307037978831e-14
  endloop
endfacet
facet normal -4.2305170755066035e-47 -1.3373694072559866e-45 1.0
  outer loop
    vertex 703.8861622348862 90.77566807434037 2.257307037978831e-14
    vertex 704.4038003250913 89.1075197269185 2.257307037978831e-14
    vertex 704.8179107972554 90.65300104898098 2.257307037978831e-14
  endloop
endfacet
facet normal -4.2305170755066035e-47 -1.3373694072559866e-45 1.0
  outer loop
    vertex 704.8179107972554 90.65300104898098 2.257307037978831e-14
    vertex 704.4038003250913 89.1075197269185 2.257307037978831e-14
    vertex 704.8861622348862 88.90771888190925 2.257307037978831e-14
  endloop
endfacet
facet normal -4.2305170755066035e-47 -1.3373694072559866e-45 1.0
  outer loop
    vertex 704.8179107972554 90.65300104898098 2.257307037978831e-14
    vertex 704.8861622348862 88.90771888190925 2.257307037978831e-14
    vertex 705.6861622348862 90.29335952796433 2.257307037978831e-14
  endloop
endfacet
facet normal -4.2305170755066035e-47 -1.3373694072559866e-45 1.0
  outer loop
    vertex 705.6861622348862 90.29335952796433 2.257307037978831e-14
    vertex 704.8861622348862 88.90771888190925 2.257307037978831e-14
    vertex 705.3003757972593 88.58988163671343 2.257307037978831e-14
  endloop
endfacet
facet normal -4.2305170755066035e-47 -1.3373694072559866e-45 1.0
  outer loop
    vertex 705.6861622348862 90.29335952796433 2.257307037978831e-14
    vertex 705.3003757972593 88.58988163671343 2.257307037978831e-14
    vertex 705.6182130424552 88.17566807434038 2.257307037978831e-14
  endloop
endfacet
facet normal -4.2305170755066035e-47 -1.3373694072559866e-45 1.0
  outer loop
    vertex 705.6861622348862 90.29335952796433 2.257307037978831e-14
    vertex 705.6182130424552 88.17566807434038 2.257307037978831e-14
    vertex 705.8180138874643 87.6933061645454 2.257307037978831e-14
  endloop
endfacet
facet normal -4.2305170755066035e-47 -1.3373694072559866e-45 1.0
  outer loop
    vertex 705.6861622348862 90.29335952796433 2.257307037978831e-14
    vertex 705.8180138874643 87.6933061645454 2.257307037978831e-14
    vertex 706.4317466471578 89.72125248661195 2.257307037978831e-14
  endloop
endfacet
facet normal -4.2305170755066035e-47 -1.3373694072559866e-45 1.0
  outer loop
    vertex 706.4317466471578 89.72125248661195 2.257307037978831e-14
    vertex 705.8180138874643 87.6933061645454 2.257307037978831e-14
    vertex 705.8861622348862 87.17566807434038 2.257307037978831e-14
  endloop
endfacet
facet normal -4.2305170755066035e-47 -1.3373694072559866e-45 1.0
  outer loop
    vertex 706.4317466471578 89.72125248661195 2.257307037978831e-14
    vertex 705.8861622348862 87.17566807434038 2.257307037978831e-14
    vertex 706.4317466471578 84.63008366206878 2.257307037978831e-14
  endloop
endfacet
facet normal -4.2305170755066035e-47 -1.3373694072559866e-45 1.0
  outer loop
    vertex 706.4317466471578 89.72125248661195 2.257307037978831e-14
    vertex 706.4317466471578 84.63008366206878 2.257307037978831e-14
    vertex 707.0038536885102 85.37566807434035 2.257307037978831e-14
  endloop
endfacet
facet normal -4.2305170755066035e-47 -1.3373694072559866e-45 1.0
  outer loop
    vertex 706.4317466471578 89.72125248661195 2.257307037978831e-14
    vertex 707.0038536885102 85.37566807434035 2.257307037978831e-14
    vertex 707.0038536885103 88.97566807434038 2.257307037978831e-14
  endloop
endfacet
facet normal -4.2305170755066035e-47 -1.3373694072559866e-45 1.0
  outer loop
    vertex 707.0038536885103 88.97566807434038 2.257307037978831e-14
    vertex 707.0038536885102 85.37566807434035 2.257307037978831e-14
    vertex 707.363495209527 86.24391951197127 2.257307037978831e-14
  endloop
endfacet
facet normal -4.2305170755066035e-47 -1.3373694072559866e-45 1.0
  outer loop
    vertex 707.0038536885103 88.97566807434038 2.257307037978831e-14
    vertex 707.363495209527 86.24391951197127 2.257307037978831e-14
    vertex 707.363495209527 88.1074166367094 2.257307037978831e-14
  endloop
endfacet
facet normal -4.2305170755066035e-47 -1.3373694072559866e-45 1.0
  outer loop
    vertex 707.363495209527 88.1074166367094 2.257307037978831e-14
    vertex 707.363495209527 86.24391951197127 2.257307037978831e-14
    vertex 707.4861622348863 87.17566807434038 2.257307037978831e-14
  endloop
endfacet
facet normal -4.2305170755066035e-47 -1.3373694072559866e-45 1.0
  outer loop
    vertex 681.9432690160728 77.4827748555269 2.257307037978831e-14
    vertex 681.8861622348862 83.57566807434036 2.257307037978831e-14
    vertex 681.7361622348863 77.64169347812478 2.257307037978831e-14
  endloop
endfacet
facet normal -4.2305170755066035e-47 -1.3373694072559866e-45 1.0
  outer loop
    vertex 681.8861622348862 83.57566807434036 2.257307037978831e-14
    vertex 681.9432690160728 77.4827748555269 2.257307037978831e-14
    vertex 681.9031993217417 83.44625855178911 2.257307037978831e-14
  endloop
endfacet
facet normal -4.2305170755066035e-47 -1.3373694072559866e-45 1.0
  outer loop
    vertex 681.9031993217417 83.44625855178911 2.257307037978831e-14
    vertex 681.9432690160728 77.4827748555269 2.257307037978831e-14
    vertex 681.9531495329941 83.32566807434034 2.257307037978831e-14
  endloop
endfacet
facet normal -4.2305170755066035e-47 -1.3373694072559866e-45 1.0
  outer loop
    vertex 681.9531495329941 83.32566807434034 2.257307037978831e-14
    vertex 681.9432690160728 77.4827748555269 2.257307037978831e-14
    vertex 682.1021876386708 77.27566807434035 2.257307037978831e-14
  endloop
endfacet
facet normal -4.2305170755066035e-47 -1.3373694072559866e-45 1.0
  outer loop
    vertex 681.9531495329941 83.32566807434034 2.257307037978831e-14
    vertex 682.1021876386708 77.27566807434035 2.257307037978831e-14
    vertex 682.0326088442931 83.22211468374708 2.257307037978831e-14
  endloop
endfacet
facet normal -4.2305170755066035e-47 -1.3373694072559866e-45 1.0
  outer loop
    vertex 682.0326088442931 83.22211468374708 2.257307037978831e-14
    vertex 682.1021876386708 77.27566807434035 2.257307037978831e-14
    vertex 682.1361622348863 83.14265537244815 2.257307037978831e-14
  endloop
endfacet
facet normal -4.2305170755066035e-47 -1.3373694072559866e-45 1.0
  outer loop
    vertex 682.1361622348863 83.14265537244815 2.257307037978831e-14
    vertex 682.1021876386708 77.27566807434035 2.257307037978831e-14
    vertex 682.2020880611753 77.03448711944286 2.257307037978831e-14
  endloop
endfacet
facet normal -4.2305170755066035e-47 -1.3373694072559866e-45 1.0
  outer loop
    vertex 682.1361622348863 83.14265537244815 2.257307037978831e-14
    vertex 682.2020880611753 77.03448711944286 2.257307037978831e-14
    vertex 682.256752712335 83.09270516119582 2.257307037978831e-14
  endloop
endfacet
facet normal -4.2305170755066035e-47 -1.3373694072559866e-45 1.0
  outer loop
    vertex 682.256752712335 83.09270516119582 2.257307037978831e-14
    vertex 682.2020880611753 77.03448711944286 2.257307037978831e-14
    vertex 682.2361622348864 76.77566807434035 2.257307037978831e-14
  endloop
endfacet
facet normal -4.2305170755066035e-47 -1.3373694072559866e-45 1.0
  outer loop
    vertex 655.1088292602457 86.2439195119713 2.257307037978831e-14
    vertex 655.1088292602457 88.10741663670946 2.257307037978831e-14
    vertex 654.9861622348863 87.17566807434038 2.257307037978831e-14
  endloop
endfacet
facet normal -4.2305170755066035e-47 -1.3373694072559866e-45 1.0
  outer loop
    vertex 655.1088292602457 88.10741663670946 2.257307037978831e-14
    vertex 655.1088292602457 86.2439195119713 2.257307037978831e-14
    vertex 655.4684707812623 85.37566807434035 2.257307037978831e-14
  endloop
endfacet
facet normal -4.2305170755066035e-47 -1.3373694072559866e-45 1.0
  outer loop
    vertex 655.1088292602457 88.10741663670946 2.257307037978831e-14
    vertex 655.4684707812623 85.37566807434035 2.257307037978831e-14
    vertex 655.4684707812623 88.97566807434038 2.257307037978831e-14
  endloop
endfacet
facet normal -4.2305170755066035e-47 -1.3373694072559866e-45 1.0
  outer loop
    vertex 655.4684707812623 88.97566807434038 2.257307037978831e-14
    vertex 655.4684707812623 85.37566807434035 2.257307037978831e-14
    vertex 656.0405778226148 84.63008366206878 2.257307037978831e-14
  endloop
endfacet
facet normal -4.2305170755066035e-47 -1.3373694072559866e-45 1.0
  outer loop
    vertex 655.4684707812623 88.97566807434038 2.257307037978831e-14
    vertex 656.0405778226148 84.63008366206878 2.257307037978831e-14
    vertex 656.0405778226148 89.72125248661195 2.257307037978831e-14
  endloop
endfacet
facet normal -4.2305170755066035e-47 -1.3373694072559866e-45 1.0
  outer loop
    vertex 656.0405778226148 89.72125248661195 2.257307037978831e-14
    vertex 656.0405778226148 84.63008366206878 2.257307037978831e-14
    vertex 656.7861622348863 84.05797662071637 2.257307037978831e-14
  endloop
endfacet
facet normal -4.2305170755066035e-47 -1.3373694072559866e-45 1.0
  outer loop
    vertex 656.0405778226148 89.72125248661195 2.257307037978831e-14
    vertex 656.7861622348863 84.05797662071637 2.257307037978831e-14
    vertex 656.5861622348863 87.17566807434038 2.257307037978831e-14
  endloop
endfacet
facet normal -4.2305170755066035e-47 -1.3373694072559866e-45 1.0
  outer loop
    vertex 656.5861622348863 87.17566807434038 2.257307037978831e-14
    vertex 656.7861622348863 84.05797662071637 2.257307037978831e-14
    vertex 656.6543105823082 86.65802998413531 2.257307037978831e-14
  endloop
endfacet
facet normal -4.2305170755066035e-47 -1.3373694072559866e-45 1.0
  outer loop
    vertex 656.6543105823082 86.65802998413531 2.257307037978831e-14
    vertex 656.7861622348863 84.05797662071637 2.257307037978831e-14
    vertex 656.8541114273174 86.17566807434035 2.257307037978831e-14
  endloop
endfacet
facet normal -4.2305170755066035e-47 -1.3373694072559866e-45 1.0
  outer loop
    vertex 656.8541114273174 86.17566807434035 2.257307037978831e-14
    vertex 656.7861622348863 84.05797662071637 2.257307037978831e-14
    vertex 657.6544136725172 83.69833509969973 2.257307037978831e-14
  endloop
endfacet
facet normal -4.2305170755066035e-47 -1.3373694072559866e-45 1.0
  outer loop
    vertex 656.8541114273174 86.17566807434035 2.257307037978831e-14
    vertex 657.6544136725172 83.69833509969973 2.257307037978831e-14
    vertex 657.1719486725132 85.76145451196727 2.257307037978831e-14
  endloop
endfacet
facet normal -4.2305170755066035e-47 -1.3373694072559866e-45 1.0
  outer loop
    vertex 657.1719486725132 85.76145451196727 2.257307037978831e-14
    vertex 657.6544136725172 83.69833509969973 2.257307037978831e-14
    vertex 657.5861622348864 85.44361726677147 2.257307037978831e-14
  endloop
endfacet
facet normal -4.2305170755066035e-47 -1.3373694072559866e-45 1.0
  outer loop
    vertex 657.5861622348864 85.44361726677147 2.257307037978831e-14
    vertex 657.6544136725172 83.69833509969973 2.257307037978831e-14
    vertex 658.0685241446812 85.2438164217622 2.257307037978831e-14
  endloop
endfacet
facet normal -4.2305170755066035e-47 -1.3373694072559866e-45 1.0
  outer loop
    vertex 658.0685241446812 85.2438164217622 2.257307037978831e-14
    vertex 657.6544136725172 83.69833509969973 2.257307037978831e-14
    vertex 658.5861622348863 83.57566807434036 2.257307037978831e-14
  endloop
endfacet
facet normal -4.2305170755066035e-47 -1.3373694072559866e-45 1.0
  outer loop
    vertex 658.0685241446812 85.2438164217622 2.257307037978831e-14
    vertex 658.5861622348863 83.57566807434036 2.257307037978831e-14
    vertex 658.5861622348863 85.17566807434035 2.257307037978831e-14
  endloop
endfacet
facet normal -4.2305170755066035e-47 -1.3373694072559866e-45 1.0
  outer loop
    vertex 658.5861622348863 85.17566807434035 2.257307037978831e-14
    vertex 658.5861622348863 83.57566807434036 2.257307037978831e-14
    vertex 659.5179107972554 83.69833509969973 2.257307037978831e-14
  endloop
endfacet
facet normal -4.2305170755066035e-47 -1.3373694072559866e-45 1.0
  outer loop
    vertex 658.5861622348863 85.17566807434035 2.257307037978831e-14
    vertex 659.5179107972554 83.69833509969973 2.257307037978831e-14
    vertex 659.1038003250914 85.2438164217622 2.257307037978831e-14
  endloop
endfacet
facet normal -4.2305170755066035e-47 -1.3373694072559866e-45 1.0
  outer loop
    vertex 659.1038003250914 85.2438164217622 2.257307037978831e-14
    vertex 659.5179107972554 83.69833509969973 2.257307037978831e-14
    vertex 659.5861622348863 85.44361726677147 2.257307037978831e-14
  endloop
endfacet
facet normal -4.2305170755066035e-47 -1.3373694072559866e-45 1.0
  outer loop
    vertex 659.5861622348863 85.44361726677147 2.257307037978831e-14
    vertex 659.5179107972554 83.69833509969973 2.257307037978831e-14
    vertex 662.3443243437383 84.03353723407534 2.257307037978831e-14
  endloop
endfacet
facet normal -4.2305170755066035e-47 -1.3373694072559866e-45 1.0
  outer loop
    vertex 659.5861622348863 85.44361726677147 2.257307037978831e-14
    vertex 662.3443243437383 84.03353723407534 2.257307037978831e-14
    vertex 660.0003757972594 85.76145451196727 2.257307037978831e-14
  endloop
endfacet
facet normal -4.2305170755066035e-47 -1.3373694072559866e-45 1.0
  outer loop
    vertex 660.0003757972594 85.76145451196727 2.257307037978831e-14
    vertex 662.3443243437383 84.03353723407534 2.257307037978831e-14
    vertex 660.3182130424551 86.17566807434035 2.257307037978831e-14
  endloop
endfacet
facet normal -4.2305170755066035e-47 -1.3373694072559866e-45 1.0
  outer loop
    vertex 660.3182130424551 86.17566807434035 2.257307037978831e-14
    vertex 662.3443243437383 84.03353723407534 2.257307037978831e-14
    vertex 660.5180138874643 86.65802998413531 2.257307037978831e-14
  endloop
endfacet
facet normal -4.2305170755066035e-47 -1.3373694072559866e-45 1.0
  outer loop
    vertex 660.5180138874643 86.65802998413531 2.257307037978831e-14
    vertex 662.3443243437383 84.03353723407534 2.257307037978831e-14
    vertex 660.5861622348863 87.17566807434038 2.257307037978831e-14
  endloop
endfacet
facet normal -4.2305170755066035e-47 -1.3373694072559866e-45 1.0
  outer loop
    vertex 660.5861622348863 87.17566807434038 2.257307037978831e-14
    vertex 662.3443243437383 84.03353723407534 2.257307037978831e-14
    vertex 662.3443243437383 90.31779891460538 2.257307037978831e-14
  endloop
endfacet
facet normal -4.2305170755066035e-47 -1.3373694072559866e-45 1.0
  outer loop
    vertex 662.3443243437383 90.31779891460538 2.257307037978831e-14
    vertex 662.3443243437383 84.03353723407534 2.257307037978831e-14
    vertex 666.1116653986328 89.94287494904304 2.257307037978831e-14
  endloop
endfacet
facet normal -4.2305170755066035e-47 -1.3373694072559866e-45 1.0
  outer loop
    vertex 666.1116653986328 89.94287494904304 2.257307037978831e-14
    vertex 662.3443243437383 84.03353723407534 2.257307037978831e-14
    vertex 666.1116653986329 84.40846119963766 2.257307037978831e-14
  endloop
endfacet
facet normal -4.2305170755066035e-47 -1.3373694072559866e-45 1.0
  outer loop
    vertex 666.1116653986328 89.94287494904304 2.257307037978831e-14
    vertex 666.1116653986329 84.40846119963766 2.257307037978831e-14
    vertex 669.8863549678002 89.65107834134055 2.257307037978831e-14
  endloop
endfacet
facet normal -4.2305170755066035e-47 -1.3373694072559866e-45 1.0
  outer loop
    vertex 669.8863549678002 89.65107834134055 2.257307037978831e-14
    vertex 666.1116653986329 84.40846119963766 2.257307037978831e-14
    vertex 669.8863549678002 84.70025780734015 2.257307037978831e-14
  endloop
endfacet
facet normal -4.2305170755066035e-47 -1.3373694072559866e-45 1.0
  outer loop
    vertex 669.8863549678002 89.65107834134055 2.257307037978831e-14
    vertex 669.8863549678002 84.70025780734015 2.257307037978831e-14
    vertex 671.2361622348863 85.67566807434049 2.257307037978831e-14
  endloop
endfacet
facet normal -4.2305170755066035e-47 -1.3373694072559866e-45 1.0
  outer loop
    vertex 671.2361622348863 85.67566807434049 2.257307037978831e-14
    vertex 669.8863549678002 84.70025780734015 2.257307037978831e-14
    vertex 673.66655904906 84.90878528244743 2.257307037978831e-14
  endloop
endfacet
facet normal -4.2305170755066035e-47 -1.3373694072559866e-45 1.0
  outer loop
    vertex 671.2361622348863 85.67566807434049 2.257307037978831e-14
    vertex 673.66655904906 84.90878528244743 2.257307037978831e-14
    vertex 672.2361622348863 85.67566807434049 2.257307037978831e-14
  endloop
endfacet
facet normal -4.2305170755066035e-47 -1.3373694072559866e-45 1.0
  outer loop
    vertex 672.2361622348863 85.67566807434049 2.257307037978831e-14
    vertex 673.66655904906 84.90878528244743 2.257307037978831e-14
    vertex 672.2361622348863 88.67566807434048 2.257307037978831e-14
  endloop
endfacet
facet normal -4.2305170755066035e-47 -1.3373694072559866e-45 1.0
  outer loop
    vertex 672.2361622348863 88.67566807434048 2.257307037978831e-14
    vertex 673.66655904906 84.90878528244743 2.257307037978831e-14
    vertex 673.6665590490599 89.44255086623328 2.257307037978831e-14
  endloop
endfacet
facet normal -4.2305170755066035e-47 -1.3373694072559866e-45 1.0
  outer loop
    vertex 673.6665590490599 89.44255086623328 2.257307037978831e-14
    vertex 673.66655904906 84.90878528244743 2.257307037978831e-14
    vertex 675.2361622348863 89.39063411229998 2.257307037978831e-14
  endloop
endfacet
facet normal -4.2305170755066035e-47 -1.3373694072559866e-45 1.0
  outer loop
    vertex 675.2361622348863 89.39063411229998 2.257307037978831e-14
    vertex 673.66655904906 84.90878528244743 2.257307037978831e-14
    vertex 675.2361622348863 84.96070203638068 2.257307037978831e-14
  endloop
endfacet
facet normal -4.2305170755066035e-47 -1.3373694072559866e-45 1.0
  outer loop
    vertex 669.8863549678002 89.65107834134055 2.257307037978831e-14
    vertex 671.2361622348863 88.67566807434048 2.257307037978831e-14
    vertex 673.6665590490599 89.44255086623328 2.257307037978831e-14
  endloop
endfacet
facet normal -4.2305170755066035e-47 -1.3373694072559866e-45 1.0
  outer loop
    vertex 671.2361622348863 88.67566807434048 2.257307037978831e-14
    vertex 669.8863549678002 89.65107834134055 2.257307037978831e-14
    vertex 671.2361622348863 85.67566807434049 2.257307037978831e-14
  endloop
endfacet
facet normal -4.2305170755066035e-47 -1.3373694072559866e-45 1.0
  outer loop
    vertex 673.6665590490599 89.44255086623328 2.257307037978831e-14
    vertex 671.2361622348863 88.67566807434048 2.257307037978831e-14
    vertex 672.2361622348863 88.67566807434048 2.257307037978831e-14
  endloop
endfacet
facet normal 0.9914448613738114 0.13052619222004427 -0.0
  outer loop
    vertex 654.9861622348863 87.17566807434038 2.257307037978831e-14
    vertex 655.1088292602457 86.2439195119713 3.0000000000000226
    vertex 655.1088292602457 86.2439195119713 2.257307037978831e-14
  endloop
endfacet
facet normal 0.9914448613738114 0.13052619222004427 -0.0
  outer loop
    vertex 655.1088292602457 86.2439195119713 3.0000000000000226
    vertex 654.9861622348863 87.17566807434038 2.257307037978831e-14
    vertex 654.9861622348863 87.17566807434038 3.0000000000000226
  endloop
endfacet
facet normal 0.13052619222008524 -0.9914448613738059 0.0
  outer loop
    vertex 658.5861622348863 90.77566807434037 3.0000000000000226
    vertex 657.6544136725172 90.65300104898098 2.257307037978831e-14
    vertex 658.5861622348863 90.77566807434037 2.257307037978831e-14
  endloop
endfacet
facet normal 0.13052619222008524 -0.9914448613738059 0.0
  outer loop
    vertex 657.6544136725172 90.65300104898098 2.257307037978831e-14
    vertex 658.5861622348863 90.77566807434037 3.0000000000000226
    vertex 657.6544136725172 90.65300104898098 3.0000000000000226
  endloop
endfacet
facet normal -0.13052619222006168 0.9914448613738092 -0.0
  outer loop
    vertex 658.5861622348863 83.57566807434036 3.0000000000000226
    vertex 659.5179107972554 83.69833509969973 2.257307037978831e-14
    vertex 658.5861622348863 83.57566807434036 2.257307037978831e-14
  endloop
endfacet
facet normal -0.13052619222006168 0.9914448613738092 -0.0
  outer loop
    vertex 659.5179107972554 83.69833509969973 2.257307037978831e-14
    vertex 658.5861622348863 83.57566807434036 3.0000000000000226
    vertex 659.5179107972554 83.69833509969973 3.0000000000000226
  endloop
endfacet
facet normal -0.05507928212869312 0.9984819841540397 -0.0
  outer loop
    vertex 669.8863549678002 84.70025780734015 3.0000000000000226
    vertex 673.66655904906 84.90878528244743 2.257307037978831e-14
    vertex 669.8863549678002 84.70025780734015 2.257307037978831e-14
  endloop
endfacet
facet normal -0.05507928212869312 0.9984819841540397 -0.0
  outer loop
    vertex 673.66655904906 84.90878528244743 2.257307037978831e-14
    vertex 669.8863549678002 84.70025780734015 3.0000000000000226
    vertex 673.66655904906 84.90878528244743 3.0000000000000226
  endloop
endfacet
facet normal 0.7933533402912482 0.6087614290087038 -0.0
  outer loop
    vertex 655.4684707812623 85.37566807434035 2.257307037978831e-14
    vertex 656.0405778226148 84.63008366206878 3.0000000000000226
    vertex 656.0405778226148 84.63008366206878 2.257307037978831e-14
  endloop
endfacet
facet normal 0.7933533402912482 0.6087614290087038 -0.0
  outer loop
    vertex 656.0405778226148 84.63008366206878 3.0000000000000226
    vertex 655.4684707812623 85.37566807434035 2.257307037978831e-14
    vertex 655.4684707812623 85.37566807434035 3.0000000000000226
  endloop
endfacet
facet normal 0.9238795325112621 0.3826834323651495 -0.0
  outer loop
    vertex 655.1088292602457 86.2439195119713 2.257307037978831e-14
    vertex 655.4684707812623 85.37566807434035 3.0000000000000226
    vertex 655.4684707812623 85.37566807434035 2.257307037978831e-14
  endloop
endfacet
facet normal 0.9238795325112621 0.3826834323651495 -0.0
  outer loop
    vertex 655.4684707812623 85.37566807434035 3.0000000000000226
    vertex 655.1088292602457 86.2439195119713 2.257307037978831e-14
    vertex 655.1088292602457 86.2439195119713 3.0000000000000226
  endloop
endfacet
facet normal 0.6087614290087038 -0.7933533402912482 0.0
  outer loop
    vertex 656.7861622348863 90.29335952796433 3.0000000000000226
    vertex 656.0405778226148 89.72125248661195 2.257307037978831e-14
    vertex 656.7861622348863 90.29335952796433 2.257307037978831e-14
  endloop
endfacet
facet normal 0.6087614290087038 -0.7933533402912482 0.0
  outer loop
    vertex 656.0405778226148 89.72125248661195 2.257307037978831e-14
    vertex 656.7861622348863 90.29335952796433 3.0000000000000226
    vertex 656.0405778226148 89.72125248661195 3.0000000000000226
  endloop
endfacet
facet normal 0.9914448613738114 -0.13052619222004427 -0.0
  outer loop
    vertex 655.1088292602457 88.10741663670946 2.257307037978831e-14
    vertex 654.9861622348863 87.17566807434038 3.0000000000000226
    vertex 654.9861622348863 87.17566807434038 2.257307037978831e-14
  endloop
endfacet
facet normal 0.9914448613738114 -0.13052619222004427 -0.0
  outer loop
    vertex 654.9861622348863 87.17566807434038 3.0000000000000226
    vertex 655.1088292602457 88.10741663670946 2.257307037978831e-14
    vertex 655.1088292602457 88.10741663670946 3.0000000000000226
  endloop
endfacet
facet normal 0.38268343236510993 0.9238795325112784 -0.0
  outer loop
    vertex 656.7861622348863 84.05797662071637 3.0000000000000226
    vertex 657.6544136725172 83.69833509969973 2.257307037978831e-14
    vertex 656.7861622348863 84.05797662071637 2.257307037978831e-14
  endloop
endfacet
facet normal 0.38268343236510993 0.9238795325112784 -0.0
  outer loop
    vertex 657.6544136725172 83.69833509969973 2.257307037978831e-14
    vertex 656.7861622348863 84.05797662071637 3.0000000000000226
    vertex 657.6544136725172 83.69833509969973 3.0000000000000226
  endloop
endfacet
facet normal -0.13052619222008524 -0.9914448613738059 0.0
  outer loop
    vertex 659.5179107972554 90.65300104898098 3.0000000000000226
    vertex 658.5861622348863 90.77566807434037 2.257307037978831e-14
    vertex 659.5179107972554 90.65300104898098 2.257307037978831e-14
  endloop
endfacet
facet normal -0.13052619222008524 -0.9914448613738059 0.0
  outer loop
    vertex 658.5861622348863 90.77566807434037 2.257307037978831e-14
    vertex 659.5179107972554 90.65300104898098 3.0000000000000226
    vertex 658.5861622348863 90.77566807434037 3.0000000000000226
  endloop
endfacet
facet normal 0.38268343236510993 -0.9238795325112784 0.0
  outer loop
    vertex 657.6544136725172 90.65300104898098 3.0000000000000226
    vertex 656.7861622348863 90.29335952796433 2.257307037978831e-14
    vertex 657.6544136725172 90.65300104898098 2.257307037978831e-14
  endloop
endfacet
facet normal 0.38268343236510993 -0.9238795325112784 0.0
  outer loop
    vertex 656.7861622348863 90.29335952796433 2.257307037978831e-14
    vertex 657.6544136725172 90.65300104898098 3.0000000000000226
    vertex 656.7861622348863 90.29335952796433 3.0000000000000226
  endloop
endfacet
facet normal -0.11777094394357229 -0.9930407870589406 0.0
  outer loop
    vertex 662.3443243437383 90.31779891460538 3.0000000000000226
    vertex 659.5179107972554 90.65300104898098 2.257307037978831e-14
    vertex 662.3443243437383 90.31779891460538 2.257307037978831e-14
  endloop
endfacet
facet normal -0.11777094394357229 -0.9930407870589406 0.0
  outer loop
    vertex 659.5179107972554 90.65300104898098 2.257307037978831e-14
    vertex 662.3443243437383 90.31779891460538 3.0000000000000226
    vertex 659.5179107972554 90.65300104898098 3.0000000000000226
  endloop
endfacet
facet normal -0.07707352554656756 0.9970254117422599 -0.0
  outer loop
    vertex 666.1116653986329 84.40846119963766 3.0000000000000226
    vertex 669.8863549678002 84.70025780734015 2.257307037978831e-14
    vertex 666.1116653986329 84.40846119963766 2.257307037978831e-14
  endloop
endfacet
facet normal -0.07707352554656756 0.9970254117422599 -0.0
  outer loop
    vertex 669.8863549678002 84.70025780734015 2.257307037978831e-14
    vertex 666.1116653986329 84.40846119963766 3.0000000000000226
    vertex 669.8863549678002 84.70025780734015 3.0000000000000226
  endloop
endfacet
facet normal -0.11777094394356862 0.993040787058941 -0.0
  outer loop
    vertex 659.5179107972554 83.69833509969973 3.0000000000000226
    vertex 662.3443243437383 84.03353723407534 2.257307037978831e-14
    vertex 659.5179107972554 83.69833509969973 2.257307037978831e-14
  endloop
endfacet
facet normal -0.11777094394356862 0.993040787058941 -0.0
  outer loop
    vertex 662.3443243437383 84.03353723407534 2.257307037978831e-14
    vertex 659.5179107972554 83.69833509969973 3.0000000000000226
    vertex 662.3443243437383 84.03353723407534 3.0000000000000226
  endloop
endfacet
facet normal 1.0 -0.0 -0.0
  outer loop
    vertex 675.2361622348863 84.96070203638068 2.257307037978831e-14
    vertex 675.2361622348863 78.77566807434035 3.0000000000000226
    vertex 675.2361622348863 78.77566807434035 2.257307037978831e-14
  endloop
endfacet
facet normal 1.0 -0.0 -0.0
  outer loop
    vertex 675.2361622348863 78.77566807434035 3.0000000000000226
    vertex 675.2361622348863 84.96070203638068 2.257307037978831e-14
    vertex 675.2361622348863 84.96070203638068 3.0000000000000226
  endloop
endfacet
facet normal -0.033058277431050144 0.9994534257749541 -0.0
  outer loop
    vertex 673.66655904906 84.90878528244743 3.0000000000000226
    vertex 675.2361622348863 84.96070203638068 2.257307037978831e-14
    vertex 673.66655904906 84.90878528244743 2.257307037978831e-14
  endloop
endfacet
facet normal -0.033058277431050144 0.9994534257749541 -0.0
  outer loop
    vertex 675.2361622348863 84.96070203638068 2.257307037978831e-14
    vertex 673.66655904906 84.90878528244743 3.0000000000000226
    vertex 675.2361622348863 84.96070203638068 3.0000000000000226
  endloop
endfacet
facet normal -0.09903032137799912 0.9950844162420444 -0.0
  outer loop
    vertex 662.3443243437383 84.03353723407534 3.0000000000000226
    vertex 666.1116653986329 84.40846119963766 2.257307037978831e-14
    vertex 662.3443243437383 84.03353723407534 2.257307037978831e-14
  endloop
endfacet
facet normal -0.09903032137799912 0.9950844162420444 -0.0
  outer loop
    vertex 666.1116653986329 84.40846119963766 2.257307037978831e-14
    vertex 662.3443243437383 84.03353723407534 3.0000000000000226
    vertex 666.1116653986329 84.40846119963766 3.0000000000000226
  endloop
endfacet
facet normal 0.13052619222006168 0.9914448613738092 -0.0
  outer loop
    vertex 657.6544136725172 83.69833509969973 3.0000000000000226
    vertex 658.5861622348863 83.57566807434036 2.257307037978831e-14
    vertex 657.6544136725172 83.69833509969973 2.257307037978831e-14
  endloop
endfacet
facet normal 0.13052619222006168 0.9914448613738092 -0.0
  outer loop
    vertex 658.5861622348863 83.57566807434036 2.257307037978831e-14
    vertex 657.6544136725172 83.69833509969973 3.0000000000000226
    vertex 658.5861622348863 83.57566807434036 3.0000000000000226
  endloop
endfacet
facet normal 0.6087614290087188 0.7933533402912366 -0.0
  outer loop
    vertex 656.0405778226148 84.63008366206878 3.0000000000000226
    vertex 656.7861622348863 84.05797662071637 2.257307037978831e-14
    vertex 656.0405778226148 84.63008366206878 2.257307037978831e-14
  endloop
endfacet
facet normal 0.6087614290087188 0.7933533402912366 -0.0
  outer loop
    vertex 656.7861622348863 84.05797662071637 2.257307037978831e-14
    vertex 656.0405778226148 84.63008366206878 3.0000000000000226
    vertex 656.7861622348863 84.05797662071637 3.0000000000000226
  endloop
endfacet
facet normal 0.9238795325112586 -0.38268343236515806 -0.0
  outer loop
    vertex 655.4684707812623 88.97566807434038 2.257307037978831e-14
    vertex 655.1088292602457 88.10741663670946 3.0000000000000226
    vertex 655.1088292602457 88.10741663670946 2.257307037978831e-14
  endloop
endfacet
facet normal 0.9238795325112586 -0.38268343236515806 -0.0
  outer loop
    vertex 655.1088292602457 88.10741663670946 3.0000000000000226
    vertex 655.4684707812623 88.97566807434038 2.257307037978831e-14
    vertex 655.4684707812623 88.97566807434038 3.0000000000000226
  endloop
endfacet
facet normal 0.7933533402912482 -0.6087614290087038 -0.0
  outer loop
    vertex 656.0405778226148 89.72125248661195 2.257307037978831e-14
    vertex 655.4684707812623 88.97566807434038 3.0000000000000226
    vertex 655.4684707812623 88.97566807434038 2.257307037978831e-14
  endloop
endfacet
facet normal 0.7933533402912482 -0.6087614290087038 -0.0
  outer loop
    vertex 655.4684707812623 88.97566807434038 3.0000000000000226
    vertex 656.0405778226148 89.72125248661195 2.257307037978831e-14
    vertex 656.0405778226148 89.72125248661195 3.0000000000000226
  endloop
endfacet
facet normal -0.13052619222008524 -0.9914448613738059 0.0
  outer loop
    vertex 704.8179107972554 90.65300104898098 3.0000000000000226
    vertex 703.8861622348862 90.77566807434037 2.257307037978831e-14
    vertex 704.8179107972554 90.65300104898098 2.257307037978831e-14
  endloop
endfacet
facet normal -0.13052619222008524 -0.9914448613738059 0.0
  outer loop
    vertex 703.8861622348862 90.77566807434037 2.257307037978831e-14
    vertex 704.8179107972554 90.65300104898098 3.0000000000000226
    vertex 703.8861622348862 90.77566807434037 3.0000000000000226
  endloop
endfacet
facet normal -0.38268343236510993 -0.9238795325112784 0.0
  outer loop
    vertex 705.6861622348862 90.29335952796433 3.0000000000000226
    vertex 704.8179107972554 90.65300104898098 2.257307037978831e-14
    vertex 705.6861622348862 90.29335952796433 2.257307037978831e-14
  endloop
endfacet
facet normal -0.38268343236510993 -0.9238795325112784 0.0
  outer loop
    vertex 704.8179107972554 90.65300104898098 2.257307037978831e-14
    vertex 705.6861622348862 90.29335952796433 3.0000000000000226
    vertex 704.8179107972554 90.65300104898098 3.0000000000000226
  endloop
endfacet
facet normal 0.055079282128681246 -0.9984819841540403 0.0
  outer loop
    vertex 692.5859695019724 89.65107834134051 3.0000000000000226
    vertex 688.8057654207125 89.44255086623328 2.257307037978831e-14
    vertex 692.5859695019724 89.65107834134051 2.257307037978831e-14
  endloop
endfacet
facet normal 0.055079282128681246 -0.9984819841540403 0.0
  outer loop
    vertex 688.8057654207125 89.44255086623328 2.257307037978831e-14
    vertex 692.5859695019724 89.65107834134051 3.0000000000000226
    vertex 688.8057654207125 89.44255086623328 3.0000000000000226
  endloop
endfacet
facet normal -0.7933533402912019 -0.6087614290087642 0.0
  outer loop
    vertex 706.4317466471578 89.72125248661195 3.0000000000000226
    vertex 707.0038536885103 88.97566807434038 2.257307037978831e-14
    vertex 707.0038536885103 88.97566807434038 3.0000000000000226
  endloop
endfacet
facet normal -0.7933533402912019 -0.6087614290087642 0.0
  outer loop
    vertex 707.0038536885103 88.97566807434038 2.257307037978831e-14
    vertex 706.4317466471578 89.72125248661195 3.0000000000000226
    vertex 706.4317466471578 89.72125248661195 2.257307037978831e-14
  endloop
endfacet
facet normal 0.13052619222006168 0.9914448613738092 -0.0
  outer loop
    vertex 702.9544136725171 83.69833509969973 3.0000000000000226
    vertex 703.8861622348862 83.57566807434036 2.257307037978831e-14
    vertex 702.9544136725171 83.69833509969973 2.257307037978831e-14
  endloop
endfacet
facet normal 0.13052619222006168 0.9914448613738092 -0.0
  outer loop
    vertex 703.8861622348862 83.57566807434036 2.257307037978831e-14
    vertex 702.9544136725171 83.69833509969973 3.0000000000000226
    vertex 703.8861622348862 83.57566807434036 3.0000000000000226
  endloop
endfacet
facet normal 0.011021210762832086 -0.999939264612267 0.0
  outer loop
    vertex 685.0218835088676 89.31739384062082 3.0000000000000226
    vertex 681.2361622348861 89.27566807434035 2.257307037978831e-14
    vertex 685.0218835088676 89.31739384062082 2.257307037978831e-14
  endloop
endfacet
facet normal 0.011021210762832086 -0.999939264612267 0.0
  outer loop
    vertex 681.2361622348861 89.27566807434035 2.257307037978831e-14
    vertex 685.0218835088676 89.31739384062082 3.0000000000000226
    vertex 681.2361622348861 89.27566807434035 3.0000000000000226
  endloop
endfacet
facet normal 0.11777094394355667 0.9930407870589424 -0.0
  outer loop
    vertex 700.1280001260343 84.03353723407528 3.0000000000000226
    vertex 702.9544136725171 83.69833509969973 2.257307037978831e-14
    vertex 700.1280001260343 84.03353723407528 2.257307037978831e-14
  endloop
endfacet
facet normal 0.11777094394355667 0.9930407870589424 -0.0
  outer loop
    vertex 702.9544136725171 83.69833509969973 2.257307037978831e-14
    vertex 700.1280001260343 84.03353723407528 3.0000000000000226
    vertex 702.9544136725171 83.69833509969973 3.0000000000000226
  endloop
endfacet
facet normal 0.09903032137801095 0.9950844162420432 -0.0
  outer loop
    vertex 696.3606590711397 84.40846119963766 3.0000000000000226
    vertex 700.1280001260343 84.03353723407528 2.257307037978831e-14
    vertex 696.3606590711397 84.40846119963766 2.257307037978831e-14
  endloop
endfacet
facet normal 0.09903032137801095 0.9950844162420432 -0.0
  outer loop
    vertex 700.1280001260343 84.03353723407528 2.257307037978831e-14
    vertex 696.3606590711397 84.40846119963766 3.0000000000000226
    vertex 700.1280001260343 84.03353723407528 3.0000000000000226
  endloop
endfacet
facet normal 0.07707352554656573 0.9970254117422599 -0.0
  outer loop
    vertex 692.5859695019724 84.70025780734015 3.0000000000000226
    vertex 696.3606590711397 84.40846119963766 2.257307037978831e-14
    vertex 692.5859695019724 84.70025780734015 2.257307037978831e-14
  endloop
endfacet
facet normal 0.07707352554656573 0.9970254117422599 -0.0
  outer loop
    vertex 696.3606590711397 84.40846119963766 2.257307037978831e-14
    vertex 692.5859695019724 84.70025780734015 3.0000000000000226
    vertex 696.3606590711397 84.40846119963766 3.0000000000000226
  endloop
endfacet
facet normal -0.9238795325112996 -0.3826834323650591 0.0
  outer loop
    vertex 707.0038536885103 88.97566807434038 3.0000000000000226
    vertex 707.363495209527 88.1074166367094 2.257307037978831e-14
    vertex 707.363495209527 88.1074166367094 3.0000000000000226
  endloop
endfacet
facet normal -0.9238795325112996 -0.3826834323650591 0.0
  outer loop
    vertex 707.363495209527 88.1074166367094 2.257307037978831e-14
    vertex 707.0038536885103 88.97566807434038 3.0000000000000226
    vertex 707.0038536885103 88.97566807434038 2.257307037978831e-14
  endloop
endfacet
facet normal 0.05507928212869445 0.9984819841540397 -0.0
  outer loop
    vertex 688.8057654207126 84.90878528244743 3.0000000000000226
    vertex 692.5859695019724 84.70025780734015 2.257307037978831e-14
    vertex 688.8057654207126 84.90878528244743 2.257307037978831e-14
  endloop
endfacet
facet normal 0.05507928212869445 0.9984819841540397 -0.0
  outer loop
    vertex 692.5859695019724 84.70025780734015 2.257307037978831e-14
    vertex 688.8057654207126 84.90878528244743 3.0000000000000226
    vertex 692.5859695019724 84.70025780734015 3.0000000000000226
  endloop
endfacet
facet normal -0.03305827743105843 -0.9994534257749539 0.0
  outer loop
    vertex 677.4504409609048 89.31739384062082 3.0000000000000226
    vertex 675.2361622348863 89.39063411229998 2.257307037978831e-14
    vertex 677.4504409609048 89.31739384062082 2.257307037978831e-14
  endloop
endfacet
facet normal -0.03305827743105843 -0.9994534257749539 0.0
  outer loop
    vertex 675.2361622348863 89.39063411229998 2.257307037978831e-14
    vertex 677.4504409609048 89.31739384062082 3.0000000000000226
    vertex 675.2361622348863 89.39063411229998 3.0000000000000226
  endloop
endfacet
facet normal -0.033058277431076935 -0.9994534257749532 0.0
  outer loop
    vertex 675.2361622348863 89.39063411229998 3.0000000000000226
    vertex 673.6665590490599 89.44255086623328 2.257307037978831e-14
    vertex 675.2361622348863 89.39063411229998 2.257307037978831e-14
  endloop
endfacet
facet normal -0.033058277431076935 -0.9994534257749532 0.0
  outer loop
    vertex 673.6665590490599 89.44255086623328 2.257307037978831e-14
    vertex 675.2361622348863 89.39063411229998 3.0000000000000226
    vertex 673.6665590490599 89.44255086623328 3.0000000000000226
  endloop
endfacet
facet normal 0.03305827743104824 0.9994534257749543 -0.0
  outer loop
    vertex 687.2361622348863 84.96070203638068 3.0000000000000226
    vertex 688.8057654207126 84.90878528244743 2.257307037978831e-14
    vertex 687.2361622348863 84.96070203638068 2.257307037978831e-14
  endloop
endfacet
facet normal 0.03305827743104824 0.9994534257749543 -0.0
  outer loop
    vertex 688.8057654207126 84.90878528244743 2.257307037978831e-14
    vertex 687.2361622348863 84.96070203638068 3.0000000000000226
    vertex 688.8057654207126 84.90878528244743 3.0000000000000226
  endloop
endfacet
facet normal 0.03305827743107743 -0.9994534257749532 0.0
  outer loop
    vertex 687.2361622348863 89.39063411230002 3.0000000000000226
    vertex 685.0218835088676 89.31739384062082 2.257307037978831e-14
    vertex 687.2361622348863 89.39063411230002 2.257307037978831e-14
  endloop
endfacet
facet normal 0.03305827743107743 -0.9994534257749532 0.0
  outer loop
    vertex 685.0218835088676 89.31739384062082 2.257307037978831e-14
    vertex 687.2361622348863 89.39063411230002 3.0000000000000226
    vertex 685.0218835088676 89.31739384062082 3.0000000000000226
  endloop
endfacet
facet normal -0.05507928212869445 -0.9984819841540397 0.0
  outer loop
    vertex 673.6665590490599 89.44255086623328 3.0000000000000226
    vertex 669.8863549678002 89.65107834134055 2.257307037978831e-14
    vertex 673.6665590490599 89.44255086623328 2.257307037978831e-14
  endloop
endfacet
facet normal -0.05507928212869445 -0.9984819841540397 0.0
  outer loop
    vertex 669.8863549678002 89.65107834134055 2.257307037978831e-14
    vertex 673.6665590490599 89.44255086623328 3.0000000000000226
    vertex 669.8863549678002 89.65107834134055 3.0000000000000226
  endloop
endfacet
facet normal 0.11777094394356859 -0.993040787058941 0.0
  outer loop
    vertex 702.9544136725171 90.65300104898098 3.0000000000000226
    vertex 700.1280001260342 90.31779891460538 2.257307037978831e-14
    vertex 702.9544136725171 90.65300104898098 2.257307037978831e-14
  endloop
endfacet
facet normal 0.11777094394356859 -0.993040787058941 0.0
  outer loop
    vertex 700.1280001260342 90.31779891460538 2.257307037978831e-14
    vertex 702.9544136725171 90.65300104898098 3.0000000000000226
    vertex 700.1280001260342 90.31779891460538 3.0000000000000226
  endloop
endfacet
facet normal 0.13052619222008524 -0.9914448613738059 0.0
  outer loop
    vertex 703.8861622348862 90.77566807434037 3.0000000000000226
    vertex 702.9544136725171 90.65300104898098 2.257307037978831e-14
    vertex 703.8861622348862 90.77566807434037 2.257307037978831e-14
  endloop
endfacet
facet normal 0.13052619222008524 -0.9914448613738059 0.0
  outer loop
    vertex 702.9544136725171 90.65300104898098 2.257307037978831e-14
    vertex 703.8861622348862 90.77566807434037 3.0000000000000226
    vertex 702.9544136725171 90.65300104898098 3.0000000000000226
  endloop
endfacet
facet normal -0.13052619222006168 0.9914448613738092 -0.0
  outer loop
    vertex 703.8861622348862 83.57566807434036 3.0000000000000226
    vertex 704.8179107972554 83.69833509969973 2.257307037978831e-14
    vertex 703.8861622348862 83.57566807434036 2.257307037978831e-14
  endloop
endfacet
facet normal -0.13052619222006168 0.9914448613738092 -0.0
  outer loop
    vertex 704.8179107972554 83.69833509969973 2.257307037978831e-14
    vertex 703.8861622348862 83.57566807434036 3.0000000000000226
    vertex 704.8179107972554 83.69833509969973 3.0000000000000226
  endloop
endfacet
facet normal 0.09903032137801095 -0.9950844162420432 0.0
  outer loop
    vertex 700.1280001260342 90.31779891460538 3.0000000000000226
    vertex 696.3606590711396 89.942874949043 2.257307037978831e-14
    vertex 700.1280001260342 90.31779891460538 2.257307037978831e-14
  endloop
endfacet
facet normal 0.09903032137801095 -0.9950844162420432 0.0
  outer loop
    vertex 696.3606590711396 89.942874949043 2.257307037978831e-14
    vertex 700.1280001260342 90.31779891460538 3.0000000000000226
    vertex 696.3606590711396 89.942874949043 3.0000000000000226
  endloop
endfacet
facet normal 0.07707352554656756 -0.9970254117422599 0.0
  outer loop
    vertex 696.3606590711396 89.942874949043 3.0000000000000226
    vertex 692.5859695019724 89.65107834134051 2.257307037978831e-14
    vertex 696.3606590711396 89.942874949043 2.257307037978831e-14
  endloop
endfacet
facet normal 0.07707352554656756 -0.9970254117422599 0.0
  outer loop
    vertex 692.5859695019724 89.65107834134051 2.257307037978831e-14
    vertex 696.3606590711396 89.942874949043 3.0000000000000226
    vertex 692.5859695019724 89.65107834134051 3.0000000000000226
  endloop
endfacet
facet normal -0.07707352554656573 -0.9970254117422599 0.0
  outer loop
    vertex 669.8863549678002 89.65107834134055 3.0000000000000226
    vertex 666.1116653986328 89.94287494904304 2.257307037978831e-14
    vertex 669.8863549678002 89.65107834134055 2.257307037978831e-14
  endloop
endfacet
facet normal -0.07707352554656573 -0.9970254117422599 0.0
  outer loop
    vertex 666.1116653986328 89.94287494904304 2.257307037978831e-14
    vertex 669.8863549678002 89.65107834134055 3.0000000000000226
    vertex 666.1116653986328 89.94287494904304 3.0000000000000226
  endloop
endfacet
facet normal -0.9914448613738118 0.1305261922200412 0.0
  outer loop
    vertex 707.4861622348863 87.17566807434038 3.0000000000000226
    vertex 707.363495209527 86.24391951197127 2.257307037978831e-14
    vertex 707.363495209527 86.24391951197127 3.0000000000000226
  endloop
endfacet
facet normal -0.9914448613738118 0.1305261922200412 0.0
  outer loop
    vertex 707.363495209527 86.24391951197127 2.257307037978831e-14
    vertex 707.4861622348863 87.17566807434038 3.0000000000000226
    vertex 707.4861622348863 87.17566807434038 2.257307037978831e-14
  endloop
endfacet
facet normal -0.9238795325112586 0.38268343236515806 0.0
  outer loop
    vertex 707.363495209527 86.24391951197127 3.0000000000000226
    vertex 707.0038536885102 85.37566807434035 2.257307037978831e-14
    vertex 707.0038536885102 85.37566807434035 3.0000000000000226
  endloop
endfacet
facet normal -0.9238795325112586 0.38268343236515806 0.0
  outer loop
    vertex 707.0038536885102 85.37566807434035 2.257307037978831e-14
    vertex 707.363495209527 86.24391951197127 3.0000000000000226
    vertex 707.363495209527 86.24391951197127 2.257307037978831e-14
  endloop
endfacet
facet normal -0.09903032137799912 -0.9950844162420444 0.0
  outer loop
    vertex 666.1116653986328 89.94287494904304 3.0000000000000226
    vertex 662.3443243437383 90.31779891460538 2.257307037978831e-14
    vertex 666.1116653986328 89.94287494904304 2.257307037978831e-14
  endloop
endfacet
facet normal -0.09903032137799912 -0.9950844162420444 0.0
  outer loop
    vertex 662.3443243437383 90.31779891460538 2.257307037978831e-14
    vertex 666.1116653986328 89.94287494904304 3.0000000000000226
    vertex 662.3443243437383 90.31779891460538 3.0000000000000226
  endloop
endfacet
facet normal 0.033058277431050144 -0.9994534257749541 0.0
  outer loop
    vertex 688.8057654207125 89.44255086623328 3.0000000000000226
    vertex 687.2361622348863 89.39063411230002 2.257307037978831e-14
    vertex 688.8057654207125 89.44255086623328 2.257307037978831e-14
  endloop
endfacet
facet normal 0.033058277431050144 -0.9994534257749541 0.0
  outer loop
    vertex 687.2361622348863 89.39063411230002 2.257307037978831e-14
    vertex 688.8057654207125 89.44255086623328 3.0000000000000226
    vertex 687.2361622348863 89.39063411230002 3.0000000000000226
  endloop
endfacet
facet normal -0.011021210762832348 -0.999939264612267 0.0
  outer loop
    vertex 681.2361622348861 89.27566807434035 3.0000000000000226
    vertex 677.4504409609048 89.31739384062082 2.257307037978831e-14
    vertex 681.2361622348861 89.27566807434035 2.257307037978831e-14
  endloop
endfacet
facet normal -0.011021210762832348 -0.999939264612267 0.0
  outer loop
    vertex 677.4504409609048 89.31739384062082 2.257307037978831e-14
    vertex 681.2361622348861 89.27566807434035 3.0000000000000226
    vertex 677.4504409609048 89.31739384062082 3.0000000000000226
  endloop
endfacet
facet normal -0.9914448613738107 -0.13052619222005055 0.0
  outer loop
    vertex 707.363495209527 88.1074166367094 3.0000000000000226
    vertex 707.4861622348863 87.17566807434038 2.257307037978831e-14
    vertex 707.4861622348863 87.17566807434038 3.0000000000000226
  endloop
endfacet
facet normal -0.9914448613738107 -0.13052619222005055 0.0
  outer loop
    vertex 707.4861622348863 87.17566807434038 2.257307037978831e-14
    vertex 707.363495209527 88.1074166367094 3.0000000000000226
    vertex 707.363495209527 88.1074166367094 2.257307037978831e-14
  endloop
endfacet
facet normal -0.6087614290087038 -0.7933533402912482 0.0
  outer loop
    vertex 706.4317466471578 89.72125248661195 3.0000000000000226
    vertex 705.6861622348862 90.29335952796433 2.257307037978831e-14
    vertex 706.4317466471578 89.72125248661195 2.257307037978831e-14
  endloop
endfacet
facet normal -0.6087614290087038 -0.7933533402912482 0.0
  outer loop
    vertex 705.6861622348862 90.29335952796433 2.257307037978831e-14
    vertex 706.4317466471578 89.72125248661195 3.0000000000000226
    vertex 705.6861622348862 90.29335952796433 3.0000000000000226
  endloop
endfacet
facet normal -0.6087614290087189 0.7933533402912365 -0.0
  outer loop
    vertex 705.6861622348862 84.05797662071637 3.0000000000000226
    vertex 706.4317466471578 84.63008366206878 2.257307037978831e-14
    vertex 705.6861622348862 84.05797662071637 2.257307037978831e-14
  endloop
endfacet
facet normal -0.6087614290087189 0.7933533402912365 -0.0
  outer loop
    vertex 706.4317466471578 84.63008366206878 2.257307037978831e-14
    vertex 705.6861622348862 84.05797662071637 3.0000000000000226
    vertex 706.4317466471578 84.63008366206878 3.0000000000000226
  endloop
endfacet
facet normal -0.7933533402912482 0.6087614290087038 0.0
  outer loop
    vertex 707.0038536885102 85.37566807434035 3.0000000000000226
    vertex 706.4317466471578 84.63008366206878 2.257307037978831e-14
    vertex 706.4317466471578 84.63008366206878 3.0000000000000226
  endloop
endfacet
facet normal -0.7933533402912482 0.6087614290087038 0.0
  outer loop
    vertex 706.4317466471578 84.63008366206878 2.257307037978831e-14
    vertex 707.0038536885102 85.37566807434035 3.0000000000000226
    vertex 707.0038536885102 85.37566807434035 2.257307037978831e-14
  endloop
endfacet
facet normal -0.38268343236510993 0.9238795325112784 -0.0
  outer loop
    vertex 704.8179107972554 83.69833509969973 3.0000000000000226
    vertex 705.6861622348862 84.05797662071637 2.257307037978831e-14
    vertex 704.8179107972554 83.69833509969973 2.257307037978831e-14
  endloop
endfacet
facet normal -0.38268343236510993 0.9238795325112784 -0.0
  outer loop
    vertex 705.6861622348862 84.05797662071637 2.257307037978831e-14
    vertex 704.8179107972554 83.69833509969973 3.0000000000000226
    vertex 705.6861622348862 84.05797662071637 3.0000000000000226
  endloop
endfacet
facet normal 0.3826834323651318 -0.9238795325112694 0.0
  outer loop
    vertex 704.8861622348862 85.44361726677147 3.0000000000000226
    vertex 704.4038003250913 85.2438164217622 2.257307037978831e-14
    vertex 704.8861622348862 85.44361726677147 2.257307037978831e-14
  endloop
endfacet
facet normal 0.3826834323651318 -0.9238795325112694 0.0
  outer loop
    vertex 704.4038003250913 85.2438164217622 2.257307037978831e-14
    vertex 704.8861622348862 85.44361726677147 3.0000000000000226
    vertex 704.4038003250913 85.2438164217622 3.0000000000000226
  endloop
endfacet
facet normal -0.13052619222002393 -0.991444861373814 0.0
  outer loop
    vertex 703.8861622348862 85.17566807434035 3.0000000000000226
    vertex 703.3685241446811 85.2438164217622 2.257307037978831e-14
    vertex 703.8861622348862 85.17566807434035 2.257307037978831e-14
  endloop
endfacet
facet normal -0.13052619222002393 -0.991444861373814 0.0
  outer loop
    vertex 703.3685241446811 85.2438164217622 2.257307037978831e-14
    vertex 703.8861622348862 85.17566807434035 3.0000000000000226
    vertex 703.3685241446811 85.2438164217622 3.0000000000000226
  endloop
endfacet
facet normal 0.7933533402912463 0.6087614290087061 -0.0
  outer loop
    vertex 676.0400098121796 75.77566807434033 2.257307037978831e-14
    vertex 676.9935215477669 74.53302738722105 3.0000000000000226
    vertex 676.9935215477669 74.53302738722105 2.257307037978831e-14
  endloop
endfacet
facet normal 0.7933533402912463 0.6087614290087061 -0.0
  outer loop
    vertex 676.9935215477669 74.53302738722105 3.0000000000000226
    vertex 676.0400098121796 75.77566807434033 2.257307037978831e-14
    vertex 676.0400098121796 75.77566807434033 3.0000000000000226
  endloop
endfacet
facet normal -0.991444861373796 0.13052619222016254 0.0
  outer loop
    vertex 701.9543105823082 87.6933061645454 3.0000000000000226
    vertex 701.8861622348862 87.17566807434038 2.257307037978831e-14
    vertex 701.8861622348862 87.17566807434038 3.0000000000000226
  endloop
endfacet
facet normal -0.991444861373796 0.13052619222016254 0.0
  outer loop
    vertex 701.8861622348862 87.17566807434038 2.257307037978831e-14
    vertex 701.9543105823082 87.6933061645454 3.0000000000000226
    vertex 701.9543105823082 87.6933061645454 2.257307037978831e-14
  endloop
endfacet
facet normal -0.7933533402912517 0.608761429008699 0.0
  outer loop
    vertex 686.4323146575929 75.77566807434033 3.0000000000000226
    vertex 685.4788029220056 74.53302738722103 2.257307037978831e-14
    vertex 685.4788029220056 74.53302738722103 3.0000000000000226
  endloop
endfacet
facet normal -0.7933533402912517 0.608761429008699 0.0
  outer loop
    vertex 685.4788029220056 74.53302738722103 2.257307037978831e-14
    vertex 686.4323146575929 75.77566807434033 3.0000000000000226
    vertex 686.4323146575929 75.77566807434033 2.257307037978831e-14
  endloop
endfacet
facet normal -0.13052619222004552 0.9914448613738114 -0.0
  outer loop
    vertex 681.2361622348863 72.77566807434032 3.0000000000000226
    vertex 682.7890765055014 72.98011311660589 2.257307037978831e-14
    vertex 681.2361622348863 72.77566807434032 2.257307037978831e-14
  endloop
endfacet
facet normal -0.13052619222004552 0.9914448613738114 -0.0
  outer loop
    vertex 682.7890765055014 72.98011311660589 2.257307037978831e-14
    vertex 681.2361622348863 72.77566807434032 3.0000000000000226
    vertex 682.7890765055014 72.98011311660589 3.0000000000000226
  endloop
endfacet
facet normal -0.6087614290087118 -0.7933533402912419 0.0
  outer loop
    vertex 702.8861622348863 85.44361726677147 3.0000000000000226
    vertex 702.4719486725131 85.76145451196727 2.257307037978831e-14
    vertex 702.8861622348863 85.44361726677147 2.257307037978831e-14
  endloop
endfacet
facet normal -0.6087614290087118 -0.7933533402912419 0.0
  outer loop
    vertex 702.4719486725131 85.76145451196727 2.257307037978831e-14
    vertex 702.8861622348863 85.44361726677147 3.0000000000000226
    vertex 702.4719486725131 85.76145451196727 3.0000000000000226
  endloop
endfacet
facet normal 0.13052619222002393 -0.991444861373814 0.0
  outer loop
    vertex 704.4038003250913 85.2438164217622 3.0000000000000226
    vertex 703.8861622348862 85.17566807434035 2.257307037978831e-14
    vertex 704.4038003250913 85.2438164217622 2.257307037978831e-14
  endloop
endfacet
facet normal 0.13052619222002393 -0.991444861373814 0.0
  outer loop
    vertex 703.8861622348862 85.17566807434035 2.257307037978831e-14
    vertex 704.4038003250913 85.2438164217622 3.0000000000000226
    vertex 703.8861622348862 85.17566807434035 3.0000000000000226
  endloop
endfacet
facet normal 0.9914448613737974 -0.13052619222015138 -0.0
  outer loop
    vertex 705.8861622348862 87.17566807434038 2.257307037978831e-14
    vertex 705.8180138874643 86.65802998413531 3.0000000000000226
    vertex 705.8180138874643 86.65802998413531 2.257307037978831e-14
  endloop
endfacet
facet normal 0.9914448613737974 -0.13052619222015138 -0.0
  outer loop
    vertex 705.8180138874643 86.65802998413531 3.0000000000000226
    vertex 705.8861622348862 87.17566807434038 2.257307037978831e-14
    vertex 705.8861622348862 87.17566807434038 3.0000000000000226
  endloop
endfacet
facet normal 0.9238795325113254 0.38268343236499697 -0.0
  outer loop
    vertex 705.6182130424552 88.17566807434038 2.257307037978831e-14
    vertex 705.8180138874643 87.6933061645454 3.0000000000000226
    vertex 705.8180138874643 87.6933061645454 2.257307037978831e-14
  endloop
endfacet
facet normal 0.9238795325113254 0.38268343236499697 -0.0
  outer loop
    vertex 705.8180138874643 87.6933061645454 3.0000000000000226
    vertex 705.6182130424552 88.17566807434038 2.257307037978831e-14
    vertex 705.6182130424552 88.17566807434038 3.0000000000000226
  endloop
endfacet
facet normal -0.3826834323651318 -0.9238795325112694 0.0
  outer loop
    vertex 703.3685241446811 85.2438164217622 3.0000000000000226
    vertex 702.8861622348863 85.44361726677147 2.257307037978831e-14
    vertex 703.3685241446811 85.2438164217622 2.257307037978831e-14
  endloop
endfacet
facet normal -0.3826834323651318 -0.9238795325112694 0.0
  outer loop
    vertex 702.8861622348863 85.44361726677147 2.257307037978831e-14
    vertex 703.3685241446811 85.2438164217622 3.0000000000000226
    vertex 702.8861622348863 85.44361726677147 3.0000000000000226
  endloop
endfacet
facet normal -0.991444861373819 0.13052619221998704 0.0
  outer loop
    vertex 687.2361622348863 78.77566807434035 3.0000000000000226
    vertex 687.0317171926208 77.22275380372521 2.257307037978831e-14
    vertex 687.0317171926208 77.22275380372521 3.0000000000000226
  endloop
endfacet
facet normal -0.991444861373819 0.13052619221998704 0.0
  outer loop
    vertex 687.0317171926208 77.22275380372521 2.257307037978831e-14
    vertex 687.2361622348863 78.77566807434035 3.0000000000000226
    vertex 687.2361622348863 78.77566807434035 2.257307037978831e-14
  endloop
endfacet
facet normal 0.6087614290087118 0.7933533402912419 -0.0
  outer loop
    vertex 704.8861622348862 88.90771888190925 3.0000000000000226
    vertex 705.3003757972593 88.58988163671343 2.257307037978831e-14
    vertex 704.8861622348862 88.90771888190925 2.257307037978831e-14
  endloop
endfacet
facet normal 0.6087614290087118 0.7933533402912419 -0.0
  outer loop
    vertex 705.3003757972593 88.58988163671343 2.257307037978831e-14
    vertex 704.8861622348862 88.90771888190925 3.0000000000000226
    vertex 705.3003757972593 88.58988163671343 3.0000000000000226
  endloop
endfacet
facet normal 0.13052619222004552 0.9914448613738114 -0.0
  outer loop
    vertex 679.6832479642711 72.98011311660589 3.0000000000000226
    vertex 681.2361622348863 72.77566807434032 2.257307037978831e-14
    vertex 679.6832479642711 72.98011311660589 2.257307037978831e-14
  endloop
endfacet
facet normal 0.13052619222004552 0.9914448613738114 -0.0
  outer loop
    vertex 681.2361622348863 72.77566807434032 2.257307037978831e-14
    vertex 679.6832479642711 72.98011311660589 3.0000000000000226
    vertex 681.2361622348863 72.77566807434032 3.0000000000000226
  endloop
endfacet
facet normal 0.608761429008731 0.7933533402912272 -0.0
  outer loop
    vertex 676.9935215477669 74.53302738722105 3.0000000000000226
    vertex 678.2361622348863 73.5795156516337 2.257307037978831e-14
    vertex 676.9935215477669 74.53302738722105 2.257307037978831e-14
  endloop
endfacet
facet normal 0.608761429008731 0.7933533402912272 -0.0
  outer loop
    vertex 678.2361622348863 73.5795156516337 2.257307037978831e-14
    vertex 676.9935215477669 74.53302738722105 3.0000000000000226
    vertex 678.2361622348863 73.5795156516337 3.0000000000000226
  endloop
endfacet
facet normal 0.6087614290087118 -0.7933533402912419 0.0
  outer loop
    vertex 705.3003757972593 85.76145451196727 3.0000000000000226
    vertex 704.8861622348862 85.44361726677147 2.257307037978831e-14
    vertex 705.3003757972593 85.76145451196727 2.257307037978831e-14
  endloop
endfacet
facet normal 0.6087614290087118 -0.7933533402912419 0.0
  outer loop
    vertex 704.8861622348862 85.44361726677147 2.257307037978831e-14
    vertex 705.3003757972593 85.76145451196727 3.0000000000000226
    vertex 704.8861622348862 85.44361726677147 3.0000000000000226
  endloop
endfacet
facet normal 0.7933533402912357 -0.6087614290087199 -0.0
  outer loop
    vertex 705.6182130424552 86.17566807434035 2.257307037978831e-14
    vertex 705.3003757972593 85.76145451196727 3.0000000000000226
    vertex 705.3003757972593 85.76145451196727 2.257307037978831e-14
  endloop
endfacet
facet normal 0.7933533402912357 -0.6087614290087199 -0.0
  outer loop
    vertex 705.3003757972593 85.76145451196727 3.0000000000000226
    vertex 705.6182130424552 86.17566807434035 2.257307037978831e-14
    vertex 705.6182130424552 86.17566807434035 3.0000000000000226
  endloop
endfacet
facet normal -0.3826834323651033 0.9238795325112812 -0.0
  outer loop
    vertex 682.7890765055014 72.98011311660589 3.0000000000000226
    vertex 684.2361622348863 73.57951565163367 2.257307037978831e-14
    vertex 682.7890765055014 72.98011311660589 2.257307037978831e-14
  endloop
endfacet
facet normal -0.3826834323651033 0.9238795325112812 -0.0
  outer loop
    vertex 684.2361622348863 73.57951565163367 2.257307037978831e-14
    vertex 682.7890765055014 72.98011311660589 3.0000000000000226
    vertex 684.2361622348863 73.57951565163367 3.0000000000000226
  endloop
endfacet
facet normal -1.0 0.0 0.0
  outer loop
    vertex 687.2361622348863 84.96070203638068 3.0000000000000226
    vertex 687.2361622348863 78.77566807434035 2.257307037978831e-14
    vertex 687.2361622348863 78.77566807434035 3.0000000000000226
  endloop
endfacet
facet normal -1.0 0.0 0.0
  outer loop
    vertex 687.2361622348863 78.77566807434035 2.257307037978831e-14
    vertex 687.2361622348863 84.96070203638068 3.0000000000000226
    vertex 687.2361622348863 84.96070203638068 2.257307037978831e-14
  endloop
endfacet
facet normal 0.3826834323650952 0.9238795325112846 -0.0
  outer loop
    vertex 678.2361622348863 73.5795156516337 3.0000000000000226
    vertex 679.6832479642711 72.98011311660589 2.257307037978831e-14
    vertex 678.2361622348863 73.5795156516337 2.257307037978831e-14
  endloop
endfacet
facet normal 0.3826834323650952 0.9238795325112846 -0.0
  outer loop
    vertex 679.6832479642711 72.98011311660589 2.257307037978831e-14
    vertex 678.2361622348863 73.5795156516337 3.0000000000000226
    vertex 679.6832479642711 72.98011311660589 3.0000000000000226
  endloop
endfacet
facet normal 0.991444861373819 0.13052619221998707 -0.0
  outer loop
    vertex 675.2361622348863 78.77566807434035 2.257307037978831e-14
    vertex 675.4406072771518 77.22275380372521 3.0000000000000226
    vertex 675.4406072771518 77.22275380372521 2.257307037978831e-14
  endloop
endfacet
facet normal 0.991444861373819 0.13052619221998707 -0.0
  outer loop
    vertex 675.4406072771518 77.22275380372521 3.0000000000000226
    vertex 675.2361622348863 78.77566807434035 2.257307037978831e-14
    vertex 675.2361622348863 78.77566807434035 3.0000000000000226
  endloop
endfacet
facet normal -0.92387953251126 0.38268343236515456 0.0
  outer loop
    vertex 687.0317171926208 77.22275380372521 3.0000000000000226
    vertex 686.4323146575929 75.77566807434033 2.257307037978831e-14
    vertex 686.4323146575929 75.77566807434033 3.0000000000000226
  endloop
endfacet
facet normal -0.92387953251126 0.38268343236515456 0.0
  outer loop
    vertex 686.4323146575929 75.77566807434033 2.257307037978831e-14
    vertex 687.0317171926208 77.22275380372521 3.0000000000000226
    vertex 687.0317171926208 77.22275380372521 2.257307037978831e-14
  endloop
endfacet
facet normal -0.9238795325113189 -0.3826834323650121 0.0
  outer loop
    vertex 701.9543105823082 86.65802998413531 3.0000000000000226
    vertex 702.1541114273174 86.17566807434035 2.257307037978831e-14
    vertex 702.1541114273174 86.17566807434035 3.0000000000000226
  endloop
endfacet
facet normal -0.9238795325113189 -0.3826834323650121 0.0
  outer loop
    vertex 702.1541114273174 86.17566807434035 2.257307037978831e-14
    vertex 701.9543105823082 86.65802998413531 3.0000000000000226
    vertex 701.9543105823082 86.65802998413531 2.257307037978831e-14
  endloop
endfacet
facet normal -0.6087614290087032 0.7933533402912485 -0.0
  outer loop
    vertex 684.2361622348863 73.57951565163367 3.0000000000000226
    vertex 685.4788029220056 74.53302738722103 2.257307037978831e-14
    vertex 684.2361622348863 73.57951565163367 2.257307037978831e-14
  endloop
endfacet
facet normal -0.6087614290087032 0.7933533402912485 -0.0
  outer loop
    vertex 685.4788029220056 74.53302738722103 2.257307037978831e-14
    vertex 684.2361622348863 73.57951565163367 3.0000000000000226
    vertex 685.4788029220056 74.53302738722103 3.0000000000000226
  endloop
endfacet
facet normal 0.92387953251126 0.38268343236515456 -0.0
  outer loop
    vertex 675.4406072771518 77.22275380372521 2.257307037978831e-14
    vertex 676.0400098121796 75.77566807434033 3.0000000000000226
    vertex 676.0400098121796 75.77566807434033 2.257307037978831e-14
  endloop
endfacet
facet normal 0.92387953251126 0.38268343236515456 -0.0
  outer loop
    vertex 676.0400098121796 75.77566807434033 3.0000000000000226
    vertex 675.4406072771518 77.22275380372521 2.257307037978831e-14
    vertex 675.4406072771518 77.22275380372521 3.0000000000000226
  endloop
endfacet
facet normal -0.9914448613737974 -0.13052619222015138 0.0
  outer loop
    vertex 701.8861622348862 87.17566807434038 3.0000000000000226
    vertex 701.9543105823082 86.65802998413531 2.257307037978831e-14
    vertex 701.9543105823082 86.65802998413531 3.0000000000000226
  endloop
endfacet
facet normal -0.9914448613737974 -0.13052619222015138 0.0
  outer loop
    vertex 701.9543105823082 86.65802998413531 2.257307037978831e-14
    vertex 701.8861622348862 87.17566807434038 3.0000000000000226
    vertex 701.8861622348862 87.17566807434038 2.257307037978831e-14
  endloop
endfacet
facet normal 0.7933533402912198 0.6087614290087409 -0.0
  outer loop
    vertex 705.3003757972593 88.58988163671343 2.257307037978831e-14
    vertex 705.6182130424552 88.17566807434038 3.0000000000000226
    vertex 705.6182130424552 88.17566807434038 2.257307037978831e-14
  endloop
endfacet
facet normal 0.7933533402912198 0.6087614290087409 -0.0
  outer loop
    vertex 705.6182130424552 88.17566807434038 3.0000000000000226
    vertex 705.3003757972593 88.58988163671343 2.257307037978831e-14
    vertex 705.3003757972593 88.58988163671343 3.0000000000000226
  endloop
endfacet
facet normal -0.7933533402912357 -0.60876142900872 0.0
  outer loop
    vertex 702.1541114273174 86.17566807434035 3.0000000000000226
    vertex 702.4719486725131 85.76145451196727 2.257307037978831e-14
    vertex 702.4719486725131 85.76145451196727 3.0000000000000226
  endloop
endfacet
facet normal -0.7933533402912357 -0.60876142900872 0.0
  outer loop
    vertex 702.4719486725131 85.76145451196727 2.257307037978831e-14
    vertex 702.1541114273174 86.17566807434035 3.0000000000000226
    vertex 702.1541114273174 86.17566807434035 2.257307037978831e-14
  endloop
endfacet
facet normal 0.991444861373796 0.13052619222016254 -0.0
  outer loop
    vertex 705.8180138874643 87.6933061645454 2.257307037978831e-14
    vertex 705.8861622348862 87.17566807434038 3.0000000000000226
    vertex 705.8861622348862 87.17566807434038 2.257307037978831e-14
  endloop
endfacet
facet normal 0.991444861373796 0.13052619222016254 -0.0
  outer loop
    vertex 705.8861622348862 87.17566807434038 3.0000000000000226
    vertex 705.8180138874643 87.6933061645454 2.257307037978831e-14
    vertex 705.8180138874643 87.6933061645454 3.0000000000000226
  endloop
endfacet
facet normal 0.3826834323651318 0.9238795325112694 -0.0
  outer loop
    vertex 704.4038003250913 89.1075197269185 3.0000000000000226
    vertex 704.8861622348862 88.90771888190925 2.257307037978831e-14
    vertex 704.4038003250913 89.1075197269185 2.257307037978831e-14
  endloop
endfacet
facet normal 0.3826834323651318 0.9238795325112694 -0.0
  outer loop
    vertex 704.8861622348862 88.90771888190925 2.257307037978831e-14
    vertex 704.4038003250913 89.1075197269185 3.0000000000000226
    vertex 704.8861622348862 88.90771888190925 3.0000000000000226
  endloop
endfacet
facet normal 0.1305261922200664 0.9914448613738086 -0.0
  outer loop
    vertex 703.8861622348862 89.17566807434036 3.0000000000000226
    vertex 704.4038003250913 89.1075197269185 2.257307037978831e-14
    vertex 703.8861622348862 89.17566807434036 2.257307037978831e-14
  endloop
endfacet
facet normal 0.1305261922200664 0.9914448613738086 -0.0
  outer loop
    vertex 704.4038003250913 89.1075197269185 2.257307037978831e-14
    vertex 703.8861622348862 89.17566807434036 3.0000000000000226
    vertex 704.4038003250913 89.1075197269185 3.0000000000000226
  endloop
endfacet
facet normal 0.9238795325113189 -0.3826834323650121 -0.0
  outer loop
    vertex 705.8180138874643 86.65802998413531 2.257307037978831e-14
    vertex 705.6182130424552 86.17566807434035 3.0000000000000226
    vertex 705.6182130424552 86.17566807434035 2.257307037978831e-14
  endloop
endfacet
facet normal 0.9238795325113189 -0.3826834323650121 -0.0
  outer loop
    vertex 705.6182130424552 86.17566807434035 3.0000000000000226
    vertex 705.8180138874643 86.65802998413531 2.257307037978831e-14
    vertex 705.8180138874643 86.65802998413531 3.0000000000000226
  endloop
endfacet
facet normal 0.6087614290087118 0.7933533402912419 -0.0
  outer loop
    vertex 659.5861622348863 88.90771888190925 3.0000000000000226
    vertex 660.0003757972594 88.58988163671343 2.257307037978831e-14
    vertex 659.5861622348863 88.90771888190925 2.257307037978831e-14
  endloop
endfacet
facet normal 0.6087614290087118 0.7933533402912419 -0.0
  outer loop
    vertex 660.0003757972594 88.58988163671343 2.257307037978831e-14
    vertex 659.5861622348863 88.90771888190925 3.0000000000000226
    vertex 660.0003757972594 88.58988163671343 3.0000000000000226
  endloop
endfacet
facet normal -0.7933533402912198 0.6087614290087409 0.0
  outer loop
    vertex 702.4719486725131 88.58988163671343 3.0000000000000226
    vertex 702.1541114273174 88.17566807434038 2.257307037978831e-14
    vertex 702.1541114273174 88.17566807434038 3.0000000000000226
  endloop
endfacet
facet normal -0.7933533402912198 0.6087614290087409 0.0
  outer loop
    vertex 702.1541114273174 88.17566807434038 2.257307037978831e-14
    vertex 702.4719486725131 88.58988163671343 3.0000000000000226
    vertex 702.4719486725131 88.58988163671343 2.257307037978831e-14
  endloop
endfacet
facet normal -0.9914448613737974 -0.13052619222015138 0.0
  outer loop
    vertex 656.5861622348863 87.17566807434038 3.0000000000000226
    vertex 656.6543105823082 86.65802998413531 2.257307037978831e-14
    vertex 656.6543105823082 86.65802998413531 3.0000000000000226
  endloop
endfacet
facet normal -0.9914448613737974 -0.13052619222015138 0.0
  outer loop
    vertex 656.6543105823082 86.65802998413531 2.257307037978831e-14
    vertex 656.5861622348863 87.17566807434038 3.0000000000000226
    vertex 656.5861622348863 87.17566807434038 2.257307037978831e-14
  endloop
endfacet
facet normal -0.6087614290087118 -0.7933533402912419 0.0
  outer loop
    vertex 657.5861622348864 85.44361726677147 3.0000000000000226
    vertex 657.1719486725132 85.76145451196727 2.257307037978831e-14
    vertex 657.5861622348864 85.44361726677147 2.257307037978831e-14
  endloop
endfacet
facet normal -0.6087614290087118 -0.7933533402912419 0.0
  outer loop
    vertex 657.1719486725132 85.76145451196727 2.257307037978831e-14
    vertex 657.5861622348864 85.44361726677147 3.0000000000000226
    vertex 657.1719486725132 85.76145451196727 3.0000000000000226
  endloop
endfacet
facet normal -0.0 1.0 -0.0
  outer loop
    vertex 671.2361622348863 88.67566807434048 3.0000000000000226
    vertex 672.2361622348863 88.67566807434048 2.257307037978831e-14
    vertex 671.2361622348863 88.67566807434048 2.257307037978831e-14
  endloop
endfacet
facet normal -0.0 1.0 -0.0
  outer loop
    vertex 672.2361622348863 88.67566807434048 2.257307037978831e-14
    vertex 671.2361622348863 88.67566807434048 3.0000000000000226
    vertex 672.2361622348863 88.67566807434048 3.0000000000000226
  endloop
endfacet
facet normal -0.3826834323651318 -0.9238795325112694 0.0
  outer loop
    vertex 658.0685241446812 85.2438164217622 3.0000000000000226
    vertex 657.5861622348864 85.44361726677147 2.257307037978831e-14
    vertex 658.0685241446812 85.2438164217622 2.257307037978831e-14
  endloop
endfacet
facet normal -0.3826834323651318 -0.9238795325112694 0.0
  outer loop
    vertex 657.5861622348864 85.44361726677147 2.257307037978831e-14
    vertex 658.0685241446812 85.2438164217622 3.0000000000000226
    vertex 657.5861622348864 85.44361726677147 3.0000000000000226
  endloop
endfacet
facet normal -0.13052619222002393 -0.991444861373814 0.0
  outer loop
    vertex 658.5861622348863 85.17566807434035 3.0000000000000226
    vertex 658.0685241446812 85.2438164217622 2.257307037978831e-14
    vertex 658.5861622348863 85.17566807434035 2.257307037978831e-14
  endloop
endfacet
facet normal -0.13052619222002393 -0.991444861373814 0.0
  outer loop
    vertex 658.0685241446812 85.2438164217622 2.257307037978831e-14
    vertex 658.5861622348863 85.17566807434035 3.0000000000000226
    vertex 658.0685241446812 85.2438164217622 3.0000000000000226
  endloop
endfacet
facet normal -0.7933533402912357 -0.60876142900872 0.0
  outer loop
    vertex 656.8541114273174 86.17566807434035 3.0000000000000226
    vertex 657.1719486725132 85.76145451196727 2.257307037978831e-14
    vertex 657.1719486725132 85.76145451196727 3.0000000000000226
  endloop
endfacet
facet normal -0.7933533402912357 -0.60876142900872 0.0
  outer loop
    vertex 657.1719486725132 85.76145451196727 2.257307037978831e-14
    vertex 656.8541114273174 86.17566807434035 3.0000000000000226
    vertex 656.8541114273174 86.17566807434035 2.257307037978831e-14
  endloop
endfacet
facet normal 0.991444861373796 0.13052619222016254 -0.0
  outer loop
    vertex 660.5180138874643 87.6933061645454 2.257307037978831e-14
    vertex 660.5861622348863 87.17566807434038 3.0000000000000226
    vertex 660.5861622348863 87.17566807434038 2.257307037978831e-14
  endloop
endfacet
facet normal 0.991444861373796 0.13052619222016254 -0.0
  outer loop
    vertex 660.5861622348863 87.17566807434038 3.0000000000000226
    vertex 660.5180138874643 87.6933061645454 2.257307037978831e-14
    vertex 660.5180138874643 87.6933061645454 3.0000000000000226
  endloop
endfacet
facet normal 0.7933533402912198 0.6087614290087409 -0.0
  outer loop
    vertex 660.0003757972594 88.58988163671343 2.257307037978831e-14
    vertex 660.3182130424551 88.17566807434038 3.0000000000000226
    vertex 660.3182130424551 88.17566807434038 2.257307037978831e-14
  endloop
endfacet
facet normal 0.7933533402912198 0.6087614290087409 -0.0
  outer loop
    vertex 660.3182130424551 88.17566807434038 3.0000000000000226
    vertex 660.0003757972594 88.58988163671343 2.257307037978831e-14
    vertex 660.0003757972594 88.58988163671343 3.0000000000000226
  endloop
endfacet
facet normal -0.3826834323651318 0.9238795325112694 -0.0
  outer loop
    vertex 702.8861622348863 88.90771888190925 3.0000000000000226
    vertex 703.3685241446811 89.1075197269185 2.257307037978831e-14
    vertex 702.8861622348863 88.90771888190925 2.257307037978831e-14
  endloop
endfacet
facet normal -0.3826834323651318 0.9238795325112694 -0.0
  outer loop
    vertex 703.3685241446811 89.1075197269185 2.257307037978831e-14
    vertex 702.8861622348863 88.90771888190925 3.0000000000000226
    vertex 703.3685241446811 89.1075197269185 3.0000000000000226
  endloop
endfacet
facet normal 0.13052619222002393 -0.991444861373814 0.0
  outer loop
    vertex 659.1038003250914 85.2438164217622 3.0000000000000226
    vertex 658.5861622348863 85.17566807434035 2.257307037978831e-14
    vertex 659.1038003250914 85.2438164217622 2.257307037978831e-14
  endloop
endfacet
facet normal 0.13052619222002393 -0.991444861373814 0.0
  outer loop
    vertex 658.5861622348863 85.17566807434035 2.257307037978831e-14
    vertex 659.1038003250914 85.2438164217622 3.0000000000000226
    vertex 658.5861622348863 85.17566807434035 3.0000000000000226
  endloop
endfacet
facet normal -0.1305261922200664 0.9914448613738086 -0.0
  outer loop
    vertex 703.3685241446811 89.1075197269185 3.0000000000000226
    vertex 703.8861622348862 89.17566807434036 2.257307037978831e-14
    vertex 703.3685241446811 89.1075197269185 2.257307037978831e-14
  endloop
endfacet
facet normal -0.1305261922200664 0.9914448613738086 -0.0
  outer loop
    vertex 703.8861622348862 89.17566807434036 2.257307037978831e-14
    vertex 703.3685241446811 89.1075197269185 3.0000000000000226
    vertex 703.8861622348862 89.17566807434036 3.0000000000000226
  endloop
endfacet
facet normal -0.1305261922200664 0.9914448613738086 -0.0
  outer loop
    vertex 658.0685241446812 89.1075197269185 3.0000000000000226
    vertex 658.5861622348863 89.17566807434036 2.257307037978831e-14
    vertex 658.0685241446812 89.1075197269185 2.257307037978831e-14
  endloop
endfacet
facet normal -0.1305261922200664 0.9914448613738086 -0.0
  outer loop
    vertex 658.5861622348863 89.17566807434036 2.257307037978831e-14
    vertex 658.0685241446812 89.1075197269185 3.0000000000000226
    vertex 658.5861622348863 89.17566807434036 3.0000000000000226
  endloop
endfacet
facet normal -0.9238795325113189 -0.3826834323650121 0.0
  outer loop
    vertex 656.6543105823082 86.65802998413531 3.0000000000000226
    vertex 656.8541114273174 86.17566807434035 2.257307037978831e-14
    vertex 656.8541114273174 86.17566807434035 3.0000000000000226
  endloop
endfacet
facet normal -0.9238795325113189 -0.3826834323650121 0.0
  outer loop
    vertex 656.8541114273174 86.17566807434035 2.257307037978831e-14
    vertex 656.6543105823082 86.65802998413531 3.0000000000000226
    vertex 656.6543105823082 86.65802998413531 2.257307037978831e-14
  endloop
endfacet
facet normal 0.3826834323651318 -0.9238795325112694 0.0
  outer loop
    vertex 659.5861622348863 85.44361726677147 3.0000000000000226
    vertex 659.1038003250914 85.2438164217622 2.257307037978831e-14
    vertex 659.5861622348863 85.44361726677147 2.257307037978831e-14
  endloop
endfacet
facet normal 0.3826834323651318 -0.9238795325112694 0.0
  outer loop
    vertex 659.1038003250914 85.2438164217622 2.257307037978831e-14
    vertex 659.5861622348863 85.44361726677147 3.0000000000000226
    vertex 659.1038003250914 85.2438164217622 3.0000000000000226
  endloop
endfacet
facet normal 0.6087614290087118 -0.7933533402912419 0.0
  outer loop
    vertex 660.0003757972594 85.76145451196727 3.0000000000000226
    vertex 659.5861622348863 85.44361726677147 2.257307037978831e-14
    vertex 660.0003757972594 85.76145451196727 2.257307037978831e-14
  endloop
endfacet
facet normal 0.6087614290087118 -0.7933533402912419 0.0
  outer loop
    vertex 659.5861622348863 85.44361726677147 2.257307037978831e-14
    vertex 660.0003757972594 85.76145451196727 3.0000000000000226
    vertex 659.5861622348863 85.44361726677147 3.0000000000000226
  endloop
endfacet
facet normal 0.9914448613737974 -0.13052619222015138 -0.0
  outer loop
    vertex 660.5861622348863 87.17566807434038 2.257307037978831e-14
    vertex 660.5180138874643 86.65802998413531 3.0000000000000226
    vertex 660.5180138874643 86.65802998413531 2.257307037978831e-14
  endloop
endfacet
facet normal 0.9914448613737974 -0.13052619222015138 -0.0
  outer loop
    vertex 660.5180138874643 86.65802998413531 3.0000000000000226
    vertex 660.5861622348863 87.17566807434038 2.257307037978831e-14
    vertex 660.5861622348863 87.17566807434038 3.0000000000000226
  endloop
endfacet
facet normal 0.0 -1.0 0.0
  outer loop
    vertex 672.2361622348863 85.67566807434049 3.0000000000000226
    vertex 671.2361622348863 85.67566807434049 2.257307037978831e-14
    vertex 672.2361622348863 85.67566807434049 2.257307037978831e-14
  endloop
endfacet
facet normal 0.0 -1.0 0.0
  outer loop
    vertex 671.2361622348863 85.67566807434049 2.257307037978831e-14
    vertex 672.2361622348863 85.67566807434049 3.0000000000000226
    vertex 671.2361622348863 85.67566807434049 3.0000000000000226
  endloop
endfacet
facet normal 0.3826834323651318 0.9238795325112694 -0.0
  outer loop
    vertex 659.1038003250914 89.1075197269185 3.0000000000000226
    vertex 659.5861622348863 88.90771888190925 2.257307037978831e-14
    vertex 659.1038003250914 89.1075197269185 2.257307037978831e-14
  endloop
endfacet
facet normal 0.3826834323651318 0.9238795325112694 -0.0
  outer loop
    vertex 659.5861622348863 88.90771888190925 2.257307037978831e-14
    vertex 659.1038003250914 89.1075197269185 3.0000000000000226
    vertex 659.5861622348863 88.90771888190925 3.0000000000000226
  endloop
endfacet
facet normal 0.1305261922200664 0.9914448613738086 -0.0
  outer loop
    vertex 658.5861622348863 89.17566807434036 3.0000000000000226
    vertex 659.1038003250914 89.1075197269185 2.257307037978831e-14
    vertex 658.5861622348863 89.17566807434036 2.257307037978831e-14
  endloop
endfacet
facet normal 0.1305261922200664 0.9914448613738086 -0.0
  outer loop
    vertex 659.1038003250914 89.1075197269185 2.257307037978831e-14
    vertex 658.5861622348863 89.17566807434036 3.0000000000000226
    vertex 659.1038003250914 89.1075197269185 3.0000000000000226
  endloop
endfacet
facet normal -0.6087614290087118 0.7933533402912419 -0.0
  outer loop
    vertex 702.4719486725131 88.58988163671343 3.0000000000000226
    vertex 702.8861622348863 88.90771888190925 2.257307037978831e-14
    vertex 702.4719486725131 88.58988163671343 2.257307037978831e-14
  endloop
endfacet
facet normal -0.6087614290087118 0.7933533402912419 -0.0
  outer loop
    vertex 702.8861622348863 88.90771888190925 2.257307037978831e-14
    vertex 702.4719486725131 88.58988163671343 3.0000000000000226
    vertex 702.8861622348863 88.90771888190925 3.0000000000000226
  endloop
endfacet
facet normal -0.9238795325113254 0.38268343236499697 0.0
  outer loop
    vertex 702.1541114273174 88.17566807434038 3.0000000000000226
    vertex 701.9543105823082 87.6933061645454 2.257307037978831e-14
    vertex 701.9543105823082 87.6933061645454 3.0000000000000226
  endloop
endfacet
facet normal -0.9238795325113254 0.38268343236499697 0.0
  outer loop
    vertex 701.9543105823082 87.6933061645454 2.257307037978831e-14
    vertex 702.1541114273174 88.17566807434038 3.0000000000000226
    vertex 702.1541114273174 88.17566807434038 2.257307037978831e-14
  endloop
endfacet
facet normal 1.0 -0.0 -0.0
  outer loop
    vertex 672.2361622348863 88.67566807434048 2.257307037978831e-14
    vertex 672.2361622348863 85.67566807434049 3.0000000000000226
    vertex 672.2361622348863 85.67566807434049 2.257307037978831e-14
  endloop
endfacet
facet normal 1.0 -0.0 -0.0
  outer loop
    vertex 672.2361622348863 85.67566807434049 3.0000000000000226
    vertex 672.2361622348863 88.67566807434048 2.257307037978831e-14
    vertex 672.2361622348863 88.67566807434048 3.0000000000000226
  endloop
endfacet
facet normal 0.9238795325113254 0.38268343236499697 -0.0
  outer loop
    vertex 660.3182130424551 88.17566807434038 2.257307037978831e-14
    vertex 660.5180138874643 87.6933061645454 3.0000000000000226
    vertex 660.5180138874643 87.6933061645454 2.257307037978831e-14
  endloop
endfacet
facet normal 0.9238795325113254 0.38268343236499697 -0.0
  outer loop
    vertex 660.5180138874643 87.6933061645454 3.0000000000000226
    vertex 660.3182130424551 88.17566807434038 2.257307037978831e-14
    vertex 660.3182130424551 88.17566807434038 3.0000000000000226
  endloop
endfacet
facet normal -0.3826834323651318 0.9238795325112694 -0.0
  outer loop
    vertex 657.5861622348864 88.90771888190925 3.0000000000000226
    vertex 658.0685241446812 89.1075197269185 2.257307037978831e-14
    vertex 657.5861622348864 88.90771888190925 2.257307037978831e-14
  endloop
endfacet
facet normal -0.3826834323651318 0.9238795325112694 -0.0
  outer loop
    vertex 658.0685241446812 89.1075197269185 2.257307037978831e-14
    vertex 657.5861622348864 88.90771888190925 3.0000000000000226
    vertex 658.0685241446812 89.1075197269185 3.0000000000000226
  endloop
endfacet
facet normal -0.6087614290087118 0.7933533402912419 -0.0
  outer loop
    vertex 657.1719486725132 88.58988163671343 3.0000000000000226
    vertex 657.5861622348864 88.90771888190925 2.257307037978831e-14
    vertex 657.1719486725132 88.58988163671343 2.257307037978831e-14
  endloop
endfacet
facet normal -0.6087614290087118 0.7933533402912419 -0.0
  outer loop
    vertex 657.5861622348864 88.90771888190925 2.257307037978831e-14
    vertex 657.1719486725132 88.58988163671343 3.0000000000000226
    vertex 657.5861622348864 88.90771888190925 3.0000000000000226
  endloop
endfacet
facet normal -0.7933533402912198 0.6087614290087409 0.0
  outer loop
    vertex 657.1719486725132 88.58988163671343 3.0000000000000226
    vertex 656.8541114273174 88.17566807434038 2.257307037978831e-14
    vertex 656.8541114273174 88.17566807434038 3.0000000000000226
  endloop
endfacet
facet normal -0.7933533402912198 0.6087614290087409 0.0
  outer loop
    vertex 656.8541114273174 88.17566807434038 2.257307037978831e-14
    vertex 657.1719486725132 88.58988163671343 3.0000000000000226
    vertex 657.1719486725132 88.58988163671343 2.257307037978831e-14
  endloop
endfacet
facet normal -0.9238795325113254 0.38268343236499697 0.0
  outer loop
    vertex 656.8541114273174 88.17566807434038 3.0000000000000226
    vertex 656.6543105823082 87.6933061645454 2.257307037978831e-14
    vertex 656.6543105823082 87.6933061645454 3.0000000000000226
  endloop
endfacet
facet normal -0.9238795325113254 0.38268343236499697 0.0
  outer loop
    vertex 656.6543105823082 87.6933061645454 2.257307037978831e-14
    vertex 656.8541114273174 88.17566807434038 3.0000000000000226
    vertex 656.8541114273174 88.17566807434038 2.257307037978831e-14
  endloop
endfacet
facet normal -1.0 0.0 0.0
  outer loop
    vertex 671.2361622348863 88.67566807434048 3.0000000000000226
    vertex 671.2361622348863 85.67566807434049 2.257307037978831e-14
    vertex 671.2361622348863 85.67566807434049 3.0000000000000226
  endloop
endfacet
facet normal -1.0 0.0 0.0
  outer loop
    vertex 671.2361622348863 85.67566807434049 2.257307037978831e-14
    vertex 671.2361622348863 88.67566807434048 3.0000000000000226
    vertex 671.2361622348863 88.67566807434048 2.257307037978831e-14
  endloop
endfacet
facet normal -0.991444861373796 0.13052619222016254 0.0
  outer loop
    vertex 656.6543105823082 87.6933061645454 3.0000000000000226
    vertex 656.5861622348863 87.17566807434038 2.257307037978831e-14
    vertex 656.5861622348863 87.17566807434038 3.0000000000000226
  endloop
endfacet
facet normal -0.991444861373796 0.13052619222016254 0.0
  outer loop
    vertex 656.5861622348863 87.17566807434038 2.257307037978831e-14
    vertex 656.6543105823082 87.6933061645454 3.0000000000000226
    vertex 656.6543105823082 87.6933061645454 2.257307037978831e-14
  endloop
endfacet
facet normal 0.9238795325113189 -0.3826834323650121 -0.0
  outer loop
    vertex 660.5180138874643 86.65802998413531 2.257307037978831e-14
    vertex 660.3182130424551 86.17566807434035 3.0000000000000226
    vertex 660.3182130424551 86.17566807434035 2.257307037978831e-14
  endloop
endfacet
facet normal 0.9238795325113189 -0.3826834323650121 -0.0
  outer loop
    vertex 660.3182130424551 86.17566807434035 3.0000000000000226
    vertex 660.5180138874643 86.65802998413531 2.257307037978831e-14
    vertex 660.5180138874643 86.65802998413531 3.0000000000000226
  endloop
endfacet
facet normal 0.793353340291085 -0.6087614290089167 -0.0
  outer loop
    vertex 682.1021876386708 76.27566807434035 2.257307037978831e-14
    vertex 681.9432690160728 76.0685612931538 3.0000000000000226
    vertex 681.9432690160728 76.0685612931538 2.257307037978831e-14
  endloop
endfacet
facet normal 0.793353340291085 -0.6087614290089167 -0.0
  outer loop
    vertex 681.9432690160728 76.0685612931538 3.0000000000000226
    vertex 682.1021876386708 76.27566807434035 2.257307037978831e-14
    vertex 682.1021876386708 76.27566807434035 3.0000000000000226
  endloop
endfacet
facet normal 0.793353340291085 0.6087614290089167 -0.0
  outer loop
    vertex 681.9432690160728 77.4827748555269 2.257307037978831e-14
    vertex 682.1021876386708 77.27566807434035 3.0000000000000226
    vertex 682.1021876386708 77.27566807434035 2.257307037978831e-14
  endloop
endfacet
facet normal 0.793353340291085 0.6087614290089167 -0.0
  outer loop
    vertex 682.1021876386708 77.27566807434035 3.0000000000000226
    vertex 681.9432690160728 77.4827748555269 2.257307037978831e-14
    vertex 681.9432690160728 77.4827748555269 3.0000000000000226
  endloop
endfacet
facet normal -0.13052619221998146 -0.9914448613738197 0.0
  outer loop
    vertex 681.2361622348863 75.77566807434035 3.0000000000000226
    vertex 680.9773431897837 75.80974224805126 2.257307037978831e-14
    vertex 681.2361622348863 75.77566807434035 2.257307037978831e-14
  endloop
endfacet
facet normal -0.13052619221998146 -0.9914448613738197 0.0
  outer loop
    vertex 680.9773431897837 75.80974224805126 2.257307037978831e-14
    vertex 681.2361622348863 75.77566807434035 3.0000000000000226
    vertex 680.9773431897837 75.80974224805126 3.0000000000000226
  endloop
endfacet
facet normal 0.7933533402912357 -0.6087614290087199 -0.0
  outer loop
    vertex 660.3182130424551 86.17566807434035 2.257307037978831e-14
    vertex 660.0003757972594 85.76145451196727 3.0000000000000226
    vertex 660.0003757972594 85.76145451196727 2.257307037978831e-14
  endloop
endfacet
facet normal 0.7933533402912357 -0.6087614290087199 -0.0
  outer loop
    vertex 660.0003757972594 85.76145451196727 3.0000000000000226
    vertex 660.3182130424551 86.17566807434035 2.257307037978831e-14
    vertex 660.3182130424551 86.17566807434035 3.0000000000000226
  endloop
endfacet
facet normal 0.9238795325113864 0.38268343236484925 -0.0
  outer loop
    vertex 682.1021876386708 77.27566807434035 2.257307037978831e-14
    vertex 682.2020880611753 77.03448711944286 3.0000000000000226
    vertex 682.2020880611753 77.03448711944286 2.257307037978831e-14
  endloop
endfacet
facet normal 0.9238795325113864 0.38268343236484925 -0.0
  outer loop
    vertex 682.2020880611753 77.03448711944286 3.0000000000000226
    vertex 682.1021876386708 77.27566807434035 2.257307037978831e-14
    vertex 682.1021876386708 77.27566807434035 3.0000000000000226
  endloop
endfacet
facet normal 0.6087614290087409 0.7933533402912198 -0.0
  outer loop
    vertex 681.7361622348863 77.64169347812478 3.0000000000000226
    vertex 681.9432690160728 77.4827748555269 2.257307037978831e-14
    vertex 681.7361622348863 77.64169347812478 2.257307037978831e-14
  endloop
endfacet
facet normal 0.6087614290087409 0.7933533402912198 -0.0
  outer loop
    vertex 681.9432690160728 77.4827748555269 2.257307037978831e-14
    vertex 681.7361622348863 77.64169347812478 3.0000000000000226
    vertex 681.9432690160728 77.4827748555269 3.0000000000000226
  endloop
endfacet
facet normal 0.9238795325111673 0.38268343236537833 -0.0
  outer loop
    vertex 682.8191749367785 83.82566807434037 2.257307037978831e-14
    vertex 682.8691251480309 83.7050775968916 3.0000000000000226
    vertex 682.8691251480309 83.7050775968916 2.257307037978831e-14
  endloop
endfacet
facet normal 0.9238795325111673 0.38268343236537833 -0.0
  outer loop
    vertex 682.8691251480309 83.7050775968916 3.0000000000000226
    vertex 682.8191749367785 83.82566807434037 2.257307037978831e-14
    vertex 682.8191749367785 83.82566807434037 3.0000000000000226
  endloop
endfacet
facet normal -0.9914448613737734 0.1305261922203324 0.0
  outer loop
    vertex 680.2702364085973 77.03448711944286 3.0000000000000226
    vertex 680.2361622348863 76.77566807434035 2.257307037978831e-14
    vertex 680.2361622348863 76.77566807434035 3.0000000000000226
  endloop
endfacet
facet normal -0.9914448613737734 0.1305261922203324 0.0
  outer loop
    vertex 680.2361622348863 76.77566807434035 2.257307037978831e-14
    vertex 680.2702364085973 77.03448711944286 3.0000000000000226
    vertex 680.2702364085973 77.03448711944286 2.257307037978831e-14
  endloop
endfacet
facet normal 0.6087614290087409 0.7933533402912198 -0.0
  outer loop
    vertex 682.6361622348862 84.00868077623258 3.0000000000000226
    vertex 682.7397156254794 83.92922146493363 2.257307037978831e-14
    vertex 682.6361622348862 84.00868077623258 2.257307037978831e-14
  endloop
endfacet
facet normal 0.6087614290087409 0.7933533402912198 -0.0
  outer loop
    vertex 682.7397156254794 83.92922146493363 2.257307037978831e-14
    vertex 682.6361622348862 84.00868077623258 3.0000000000000226
    vertex 682.7397156254794 83.92922146493363 3.0000000000000226
  endloop
endfacet
facet normal 0.3826834323653278 0.9238795325111884 -0.0
  outer loop
    vertex 682.5155717574376 84.0586309874849 3.0000000000000226
    vertex 682.6361622348862 84.00868077623258 2.257307037978831e-14
    vertex 682.5155717574376 84.0586309874849 2.257307037978831e-14
  endloop
endfacet
facet normal 0.3826834323653278 0.9238795325111884 -0.0
  outer loop
    vertex 682.6361622348862 84.00868077623258 2.257307037978831e-14
    vertex 682.5155717574376 84.0586309874849 3.0000000000000226
    vertex 682.6361622348862 84.00868077623258 3.0000000000000226
  endloop
endfacet
facet normal -0.1305261922200664 0.9914448613738086 -0.0
  outer loop
    vertex 680.9773431897837 77.74159390062941 3.0000000000000226
    vertex 681.2361622348863 77.77566807434035 2.257307037978831e-14
    vertex 680.9773431897837 77.74159390062941 2.257307037978831e-14
  endloop
endfacet
facet normal -0.1305261922200664 0.9914448613738086 -0.0
  outer loop
    vertex 681.2361622348863 77.77566807434035 2.257307037978831e-14
    vertex 680.9773431897837 77.74159390062941 3.0000000000000226
    vertex 681.2361622348863 77.77566807434035 3.0000000000000226
  endloop
endfacet
facet normal 0.38268343236520547 -0.9238795325112388 0.0
  outer loop
    vertex 681.7361622348863 75.90964267055591 3.0000000000000226
    vertex 681.4949812799888 75.80974224805126 2.257307037978831e-14
    vertex 681.7361622348863 75.90964267055591 2.257307037978831e-14
  endloop
endfacet
facet normal 0.38268343236520547 -0.9238795325112388 0.0
  outer loop
    vertex 681.4949812799888 75.80974224805126 2.257307037978831e-14
    vertex 681.7361622348863 75.90964267055591 3.0000000000000226
    vertex 681.4949812799888 75.80974224805126 3.0000000000000226
  endloop
endfacet
facet normal -0.9238795325113737 -0.3826834323648799 0.0
  outer loop
    vertex 680.2702364085973 76.51684902923782 3.0000000000000226
    vertex 680.3701368311018 76.27566807434035 2.257307037978831e-14
    vertex 680.3701368311018 76.27566807434035 3.0000000000000226
  endloop
endfacet
facet normal -0.9238795325113737 -0.3826834323648799 0.0
  outer loop
    vertex 680.3701368311018 76.27566807434035 2.257307037978831e-14
    vertex 680.2702364085973 76.51684902923782 3.0000000000000226
    vertex 680.2702364085973 76.51684902923782 2.257307037978831e-14
  endloop
endfacet
facet normal 0.991444861373775 -0.13052619222032125 -0.0
  outer loop
    vertex 682.2361622348864 76.77566807434035 2.257307037978831e-14
    vertex 682.2020880611753 76.51684902923782 3.0000000000000226
    vertex 682.2020880611753 76.51684902923782 2.257307037978831e-14
  endloop
endfacet
facet normal 0.991444861373775 -0.13052619222032125 -0.0
  outer loop
    vertex 682.2020880611753 76.51684902923782 3.0000000000000226
    vertex 682.2361622348864 76.77566807434035 2.257307037978831e-14
    vertex 682.2361622348864 76.77566807434035 3.0000000000000226
  endloop
endfacet
facet normal -0.991444861373775 -0.13052619222032125 0.0
  outer loop
    vertex 680.2361622348863 76.77566807434035 3.0000000000000226
    vertex 680.2702364085973 76.51684902923782 2.257307037978831e-14
    vertex 680.2702364085973 76.51684902923782 3.0000000000000226
  endloop
endfacet
facet normal -0.991444861373775 -0.13052619222032125 0.0
  outer loop
    vertex 680.2702364085973 76.51684902923782 2.257307037978831e-14
    vertex 680.2361622348863 76.77566807434035 3.0000000000000226
    vertex 680.2361622348863 76.77566807434035 2.257307037978831e-14
  endloop
endfacet
facet normal -0.793353340291085 -0.6087614290089167 0.0
  outer loop
    vertex 680.3701368311018 76.27566807434035 3.0000000000000226
    vertex 680.5290554536998 76.0685612931538 2.257307037978831e-14
    vertex 680.5290554536998 76.0685612931538 3.0000000000000226
  endloop
endfacet
facet normal -0.793353340291085 -0.6087614290089167 0.0
  outer loop
    vertex 680.5290554536998 76.0685612931538 2.257307037978831e-14
    vertex 680.3701368311018 76.27566807434035 3.0000000000000226
    vertex 680.3701368311018 76.27566807434035 2.257307037978831e-14
  endloop
endfacet
facet normal 0.9914448613737721 -0.13052619222034362 -0.0
  outer loop
    vertex 682.8861622348863 83.57566807434036 2.257307037978831e-14
    vertex 682.8691251480309 83.44625855178911 3.0000000000000226
    vertex 682.8691251480309 83.44625855178911 2.257307037978831e-14
  endloop
endfacet
facet normal 0.9914448613737721 -0.13052619222034362 -0.0
  outer loop
    vertex 682.8691251480309 83.44625855178911 3.0000000000000226
    vertex 682.8861622348863 83.57566807434036 2.257307037978831e-14
    vertex 682.8861622348863 83.57566807434036 3.0000000000000226
  endloop
endfacet
facet normal 0.9914448613737721 0.1305261922203436 -0.0
  outer loop
    vertex 682.8691251480309 83.7050775968916 2.257307037978831e-14
    vertex 682.8861622348863 83.57566807434036 3.0000000000000226
    vertex 682.8861622348863 83.57566807434036 2.257307037978831e-14
  endloop
endfacet
facet normal 0.9914448613737721 0.1305261922203436 -0.0
  outer loop
    vertex 682.8861622348863 83.57566807434036 3.0000000000000226
    vertex 682.8691251480309 83.7050775968916 2.257307037978831e-14
    vertex 682.8691251480309 83.7050775968916 3.0000000000000226
  endloop
endfacet
facet normal -0.9238795325113864 0.38268343236484925 0.0
  outer loop
    vertex 680.3701368311018 77.27566807434035 3.0000000000000226
    vertex 680.2702364085973 77.03448711944286 2.257307037978831e-14
    vertex 680.2702364085973 77.03448711944286 3.0000000000000226
  endloop
endfacet
facet normal -0.9238795325113864 0.38268343236484925 0.0
  outer loop
    vertex 680.2702364085973 77.03448711944286 2.257307037978831e-14
    vertex 680.3701368311018 77.27566807434035 3.0000000000000226
    vertex 680.3701368311018 77.27566807434035 2.257307037978831e-14
  endloop
endfacet
facet normal -0.38268343236520547 -0.9238795325112388 0.0
  outer loop
    vertex 680.9773431897837 75.80974224805126 3.0000000000000226
    vertex 680.7361622348863 75.90964267055591 2.257307037978831e-14
    vertex 680.9773431897837 75.80974224805126 2.257307037978831e-14
  endloop
endfacet
facet normal -0.38268343236520547 -0.9238795325112388 0.0
  outer loop
    vertex 680.7361622348863 75.90964267055591 2.257307037978831e-14
    vertex 680.9773431897837 75.80974224805126 3.0000000000000226
    vertex 680.7361622348863 75.90964267055591 3.0000000000000226
  endloop
endfacet
facet normal 0.7933533402910528 0.6087614290089585 -0.0
  outer loop
    vertex 682.7397156254794 83.92922146493363 2.257307037978831e-14
    vertex 682.8191749367785 83.82566807434037 3.0000000000000226
    vertex 682.8191749367785 83.82566807434037 2.257307037978831e-14
  endloop
endfacet
facet normal 0.7933533402910528 0.6087614290089585 -0.0
  outer loop
    vertex 682.8191749367785 83.82566807434037 3.0000000000000226
    vertex 682.7397156254794 83.92922146493363 2.257307037978831e-14
    vertex 682.7397156254794 83.92922146493363 3.0000000000000226
  endloop
endfacet
facet normal 0.13052619221998146 0.9914448613738197 -0.0
  outer loop
    vertex 682.3861622348863 84.07566807434036 3.0000000000000226
    vertex 682.5155717574376 84.0586309874849 2.257307037978831e-14
    vertex 682.3861622348863 84.07566807434036 2.257307037978831e-14
  endloop
endfacet
facet normal 0.13052619221998146 0.9914448613738197 -0.0
  outer loop
    vertex 682.5155717574376 84.0586309874849 2.257307037978831e-14
    vertex 682.3861622348863 84.07566807434036 3.0000000000000226
    vertex 682.5155717574376 84.0586309874849 3.0000000000000226
  endloop
endfacet
facet normal 0.3826834323651318 0.9238795325112694 -0.0
  outer loop
    vertex 681.4949812799888 77.74159390062941 3.0000000000000226
    vertex 681.7361622348863 77.64169347812478 2.257307037978831e-14
    vertex 681.4949812799888 77.74159390062941 2.257307037978831e-14
  endloop
endfacet
facet normal 0.3826834323651318 0.9238795325112694 -0.0
  outer loop
    vertex 681.7361622348863 77.64169347812478 2.257307037978831e-14
    vertex 681.4949812799888 77.74159390062941 3.0000000000000226
    vertex 681.7361622348863 77.64169347812478 3.0000000000000226
  endloop
endfacet
facet normal -0.6087614290087409 -0.7933533402912198 0.0
  outer loop
    vertex 680.7361622348863 75.90964267055591 3.0000000000000226
    vertex 680.5290554536998 76.0685612931538 2.257307037978831e-14
    vertex 680.7361622348863 75.90964267055591 2.257307037978831e-14
  endloop
endfacet
facet normal -0.6087614290087409 -0.7933533402912198 0.0
  outer loop
    vertex 680.5290554536998 76.0685612931538 2.257307037978831e-14
    vertex 680.7361622348863 75.90964267055591 3.0000000000000226
    vertex 680.5290554536998 76.0685612931538 3.0000000000000226
  endloop
endfacet
facet normal -0.38268343236513186 0.9238795325112695 -0.0
  outer loop
    vertex 680.7361622348863 77.64169347812478 3.0000000000000226
    vertex 680.9773431897837 77.74159390062941 2.257307037978831e-14
    vertex 680.7361622348863 77.64169347812478 2.257307037978831e-14
  endloop
endfacet
facet normal -0.38268343236513186 0.9238795325112695 -0.0
  outer loop
    vertex 680.9773431897837 77.74159390062941 2.257307037978831e-14
    vertex 680.7361622348863 77.64169347812478 3.0000000000000226
    vertex 680.9773431897837 77.74159390062941 3.0000000000000226
  endloop
endfacet
facet normal 0.6087614290087409 -0.7933533402912198 0.0
  outer loop
    vertex 681.9432690160728 76.0685612931538 3.0000000000000226
    vertex 681.7361622348863 75.90964267055591 2.257307037978831e-14
    vertex 681.9432690160728 76.0685612931538 2.257307037978831e-14
  endloop
endfacet
facet normal 0.6087614290087409 -0.7933533402912198 0.0
  outer loop
    vertex 681.7361622348863 75.90964267055591 2.257307037978831e-14
    vertex 681.9432690160728 76.0685612931538 3.0000000000000226
    vertex 681.7361622348863 75.90964267055591 3.0000000000000226
  endloop
endfacet
facet normal -0.6087614290087409 0.7933533402912198 -0.0
  outer loop
    vertex 680.5290554536998 77.4827748555269 3.0000000000000226
    vertex 680.7361622348863 77.64169347812478 2.257307037978831e-14
    vertex 680.5290554536998 77.4827748555269 2.257307037978831e-14
  endloop
endfacet
facet normal -0.6087614290087409 0.7933533402912198 -0.0
  outer loop
    vertex 680.7361622348863 77.64169347812478 2.257307037978831e-14
    vertex 680.5290554536998 77.4827748555269 3.0000000000000226
    vertex 680.7361622348863 77.64169347812478 3.0000000000000226
  endloop
endfacet
facet normal 0.1305261922200664 0.9914448613738086 -0.0
  outer loop
    vertex 681.2361622348863 77.77566807434035 3.0000000000000226
    vertex 681.4949812799888 77.74159390062941 2.257307037978831e-14
    vertex 681.2361622348863 77.77566807434035 2.257307037978831e-14
  endloop
endfacet
facet normal 0.1305261922200664 0.9914448613738086 -0.0
  outer loop
    vertex 681.4949812799888 77.74159390062941 2.257307037978831e-14
    vertex 681.2361622348863 77.77566807434035 3.0000000000000226
    vertex 681.4949812799888 77.74159390062941 3.0000000000000226
  endloop
endfacet
facet normal 0.9238795325113737 -0.3826834323648799 -0.0
  outer loop
    vertex 682.2020880611753 76.51684902923782 2.257307037978831e-14
    vertex 682.1021876386708 76.27566807434035 3.0000000000000226
    vertex 682.1021876386708 76.27566807434035 2.257307037978831e-14
  endloop
endfacet
facet normal 0.9238795325113737 -0.3826834323648799 -0.0
  outer loop
    vertex 682.1021876386708 76.27566807434035 3.0000000000000226
    vertex 682.2020880611753 76.51684902923782 2.257307037978831e-14
    vertex 682.2020880611753 76.51684902923782 3.0000000000000226
  endloop
endfacet
facet normal 0.13052619221998146 -0.9914448613738197 0.0
  outer loop
    vertex 681.4949812799888 75.80974224805126 3.0000000000000226
    vertex 681.2361622348863 75.77566807434035 2.257307037978831e-14
    vertex 681.4949812799888 75.80974224805126 2.257307037978831e-14
  endloop
endfacet
facet normal 0.13052619221998146 -0.9914448613738197 0.0
  outer loop
    vertex 681.2361622348863 75.77566807434035 2.257307037978831e-14
    vertex 681.4949812799888 75.80974224805126 3.0000000000000226
    vertex 681.2361622348863 75.77566807434035 3.0000000000000226
  endloop
endfacet
facet normal 0.9914448613737734 0.13052619222033243 -0.0
  outer loop
    vertex 682.2020880611753 77.03448711944286 2.257307037978831e-14
    vertex 682.2361622348864 76.77566807434035 3.0000000000000226
    vertex 682.2361622348864 76.77566807434035 2.257307037978831e-14
  endloop
endfacet
facet normal 0.9914448613737734 0.13052619222033243 -0.0
  outer loop
    vertex 682.2361622348864 76.77566807434035 3.0000000000000226
    vertex 682.2020880611753 77.03448711944286 2.257307037978831e-14
    vertex 682.2020880611753 77.03448711944286 3.0000000000000226
  endloop
endfacet
facet normal -0.793353340291085 0.6087614290089167 0.0
  outer loop
    vertex 680.5290554536998 77.4827748555269 3.0000000000000226
    vertex 680.3701368311018 77.27566807434035 2.257307037978831e-14
    vertex 680.3701368311018 77.27566807434035 3.0000000000000226
  endloop
endfacet
facet normal -0.793353340291085 0.6087614290089167 0.0
  outer loop
    vertex 680.3701368311018 77.27566807434035 2.257307037978831e-14
    vertex 680.5290554536998 77.4827748555269 3.0000000000000226
    vertex 680.5290554536998 77.4827748555269 2.257307037978831e-14
  endloop
endfacet
facet normal 0.6087614290087409 0.7933533402912198 -0.0
  outer loop
    vertex 684.7361622348863 81.64169347812478 3.0000000000000226
    vertex 684.9432690160728 81.4827748555269 2.257307037978831e-14
    vertex 684.7361622348863 81.64169347812478 2.257307037978831e-14
  endloop
endfacet
facet normal 0.6087614290087409 0.7933533402912198 -0.0
  outer loop
    vertex 684.9432690160728 81.4827748555269 2.257307037978831e-14
    vertex 684.7361622348863 81.64169347812478 3.0000000000000226
    vertex 684.9432690160728 81.4827748555269 3.0000000000000226
  endloop
endfacet
facet normal 0.13052619221998146 0.9914448613738197 -0.0
  outer loop
    vertex 684.2361622348863 81.77566807434035 3.0000000000000226
    vertex 684.4949812799888 81.74159390062943 2.257307037978831e-14
    vertex 684.2361622348863 81.77566807434035 2.257307037978831e-14
  endloop
endfacet
facet normal 0.13052619221998146 0.9914448613738197 -0.0
  outer loop
    vertex 684.4949812799888 81.74159390062943 2.257307037978831e-14
    vertex 684.2361622348863 81.77566807434035 3.0000000000000226
    vertex 684.4949812799888 81.74159390062943 3.0000000000000226
  endloop
endfacet
facet normal -0.38268343236532765 0.9238795325111882 -0.0
  outer loop
    vertex 683.7361622348864 81.64169347812478 3.0000000000000226
    vertex 683.9773431897837 81.74159390062943 2.257307037978831e-14
    vertex 683.7361622348864 81.64169347812478 2.257307037978831e-14
  endloop
endfacet
facet normal -0.38268343236532765 0.9238795325111882 -0.0
  outer loop
    vertex 683.9773431897837 81.74159390062943 2.257307037978831e-14
    vertex 683.7361622348864 81.64169347812478 3.0000000000000226
    vertex 683.9773431897837 81.74159390062943 3.0000000000000226
  endloop
endfacet
facet normal -0.7933533402910528 0.6087614290089585 0.0
  outer loop
    vertex 682.0326088442931 83.92922146493363 3.0000000000000226
    vertex 681.9531495329941 83.82566807434037 2.257307037978831e-14
    vertex 681.9531495329941 83.82566807434037 3.0000000000000226
  endloop
endfacet
facet normal -0.7933533402910528 0.6087614290089585 0.0
  outer loop
    vertex 681.9531495329941 83.82566807434037 2.257307037978831e-14
    vertex 682.0326088442931 83.92922146493363 3.0000000000000226
    vertex 682.0326088442931 83.92922146493363 2.257307037978831e-14
  endloop
endfacet
facet normal -0.6087614290087409 0.7933533402912198 -0.0
  outer loop
    vertex 682.0326088442931 83.92922146493363 3.0000000000000226
    vertex 682.1361622348863 84.00868077623258 2.257307037978831e-14
    vertex 682.0326088442931 83.92922146493363 2.257307037978831e-14
  endloop
endfacet
facet normal -0.6087614290087409 0.7933533402912198 -0.0
  outer loop
    vertex 682.1361622348863 84.00868077623258 2.257307037978831e-14
    vertex 682.0326088442931 83.92922146493363 3.0000000000000226
    vertex 682.1361622348863 84.00868077623258 3.0000000000000226
  endloop
endfacet
facet normal -0.9914448613737721 -0.13052619222034362 0.0
  outer loop
    vertex 681.8861622348862 83.57566807434036 3.0000000000000226
    vertex 681.9031993217417 83.44625855178911 2.257307037978831e-14
    vertex 681.9031993217417 83.44625855178911 3.0000000000000226
  endloop
endfacet
facet normal -0.9914448613737721 -0.13052619222034362 0.0
  outer loop
    vertex 681.9031993217417 83.44625855178911 2.257307037978831e-14
    vertex 681.8861622348862 83.57566807434036 3.0000000000000226
    vertex 681.8861622348862 83.57566807434036 2.257307037978831e-14
  endloop
endfacet
facet normal -0.9238795325111673 -0.38268343236537833 0.0
  outer loop
    vertex 681.9031993217417 83.44625855178911 3.0000000000000226
    vertex 681.9531495329941 83.32566807434034 2.257307037978831e-14
    vertex 681.9531495329941 83.32566807434034 3.0000000000000226
  endloop
endfacet
facet normal -0.9238795325111673 -0.38268343236537833 0.0
  outer loop
    vertex 681.9531495329941 83.32566807434034 2.257307037978831e-14
    vertex 681.9031993217417 83.44625855178911 3.0000000000000226
    vertex 681.9031993217417 83.44625855178911 2.257307037978831e-14
  endloop
endfacet
facet normal 0.9238795325111673 -0.38268343236537833 -0.0
  outer loop
    vertex 682.8691251480309 83.44625855178911 2.257307037978831e-14
    vertex 682.8191749367785 83.32566807434034 3.0000000000000226
    vertex 682.8191749367785 83.32566807434034 2.257307037978831e-14
  endloop
endfacet
facet normal 0.9238795325111673 -0.38268343236537833 -0.0
  outer loop
    vertex 682.8191749367785 83.32566807434034 3.0000000000000226
    vertex 682.8691251480309 83.44625855178911 2.257307037978831e-14
    vertex 682.8691251480309 83.44625855178911 3.0000000000000226
  endloop
endfacet
facet normal 0.6087614290087409 -0.7933533402912198 0.0
  outer loop
    vertex 684.9432690160728 80.06856129315379 3.0000000000000226
    vertex 684.7361622348863 79.90964267055591 2.257307037978831e-14
    vertex 684.9432690160728 80.06856129315379 2.257307037978831e-14
  endloop
endfacet
facet normal 0.6087614290087409 -0.7933533402912198 0.0
  outer loop
    vertex 684.7361622348863 79.90964267055591 2.257307037978831e-14
    vertex 684.9432690160728 80.06856129315379 3.0000000000000226
    vertex 684.7361622348863 79.90964267055591 3.0000000000000226
  endloop
endfacet
facet normal 0.9238795325112642 -0.38268343236514446 -0.0
  outer loop
    vertex 685.2020880611753 80.51684902923783 2.257307037978831e-14
    vertex 685.1021876386707 80.27566807434035 3.0000000000000226
    vertex 685.1021876386707 80.27566807434035 2.257307037978831e-14
  endloop
endfacet
facet normal 0.9238795325112642 -0.38268343236514446 -0.0
  outer loop
    vertex 685.1021876386707 80.27566807434035 3.0000000000000226
    vertex 685.2020880611753 80.51684902923783 2.257307037978831e-14
    vertex 685.2020880611753 80.51684902923783 3.0000000000000226
  endloop
endfacet
facet normal -0.3826834323653278 0.9238795325111884 -0.0
  outer loop
    vertex 682.1361622348863 84.00868077623258 3.0000000000000226
    vertex 682.256752712335 84.0586309874849 2.257307037978831e-14
    vertex 682.1361622348863 84.00868077623258 2.257307037978831e-14
  endloop
endfacet
facet normal -0.3826834323653278 0.9238795325111884 -0.0
  outer loop
    vertex 682.256752712335 84.0586309874849 2.257307037978831e-14
    vertex 682.1361622348863 84.00868077623258 3.0000000000000226
    vertex 682.256752712335 84.0586309874849 3.0000000000000226
  endloop
endfacet
facet normal 0.1305261922200664 -0.9914448613738086 0.0
  outer loop
    vertex 684.4949812799888 79.80974224805128 3.0000000000000226
    vertex 684.2361622348863 79.77566807434035 2.257307037978831e-14
    vertex 684.4949812799888 79.80974224805128 2.257307037978831e-14
  endloop
endfacet
facet normal 0.1305261922200664 -0.9914448613738086 0.0
  outer loop
    vertex 684.2361622348863 79.77566807434035 2.257307037978831e-14
    vertex 684.4949812799888 79.80974224805128 3.0000000000000226
    vertex 684.2361622348863 79.77566807434035 3.0000000000000226
  endloop
endfacet
facet normal -0.13052619221998146 -0.9914448613738197 0.0
  outer loop
    vertex 682.3861622348863 83.07566807434036 3.0000000000000226
    vertex 682.256752712335 83.09270516119582 2.257307037978831e-14
    vertex 682.3861622348863 83.07566807434036 2.257307037978831e-14
  endloop
endfacet
facet normal -0.13052619221998146 -0.9914448613738197 0.0
  outer loop
    vertex 682.256752712335 83.09270516119582 2.257307037978831e-14
    vertex 682.3861622348863 83.07566807434036 3.0000000000000226
    vertex 682.256752712335 83.09270516119582 3.0000000000000226
  endloop
endfacet
facet normal 0.3826834323650096 -0.92387953251132 0.0
  outer loop
    vertex 684.7361622348863 79.90964267055591 3.0000000000000226
    vertex 684.4949812799888 79.80974224805128 2.257307037978831e-14
    vertex 684.7361622348863 79.90964267055591 2.257307037978831e-14
  endloop
endfacet
facet normal 0.3826834323650096 -0.92387953251132 0.0
  outer loop
    vertex 684.4949812799888 79.80974224805128 2.257307037978831e-14
    vertex 684.7361622348863 79.90964267055591 3.0000000000000226
    vertex 684.4949812799888 79.80974224805128 3.0000000000000226
  endloop
endfacet
facet normal 0.7933533402912517 -0.608761429008699 -0.0
  outer loop
    vertex 685.1021876386707 80.27566807434035 2.257307037978831e-14
    vertex 684.9432690160728 80.06856129315379 3.0000000000000226
    vertex 684.9432690160728 80.06856129315379 2.257307037978831e-14
  endloop
endfacet
facet normal 0.7933533402912517 -0.608761429008699 -0.0
  outer loop
    vertex 684.9432690160728 80.06856129315379 3.0000000000000226
    vertex 685.1021876386707 80.27566807434035 2.257307037978831e-14
    vertex 685.1021876386707 80.27566807434035 3.0000000000000226
  endloop
endfacet
facet normal 0.7933533402912517 0.608761429008699 -0.0
  outer loop
    vertex 684.9432690160728 81.4827748555269 2.257307037978831e-14
    vertex 685.1021876386707 81.27566807434035 3.0000000000000226
    vertex 685.1021876386707 81.27566807434035 2.257307037978831e-14
  endloop
endfacet
facet normal 0.7933533402912517 0.608761429008699 -0.0
  outer loop
    vertex 685.1021876386707 81.27566807434035 3.0000000000000226
    vertex 684.9432690160728 81.4827748555269 2.257307037978831e-14
    vertex 684.9432690160728 81.4827748555269 3.0000000000000226
  endloop
endfacet
facet normal 0.3826834323653278 -0.9238795325111884 0.0
  outer loop
    vertex 682.6361622348862 83.14265537244815 3.0000000000000226
    vertex 682.5155717574376 83.09270516119582 2.257307037978831e-14
    vertex 682.6361622348862 83.14265537244815 2.257307037978831e-14
  endloop
endfacet
facet normal 0.3826834323653278 -0.9238795325111884 0.0
  outer loop
    vertex 682.5155717574376 83.09270516119582 2.257307037978831e-14
    vertex 682.6361622348862 83.14265537244815 3.0000000000000226
    vertex 682.5155717574376 83.09270516119582 3.0000000000000226
  endloop
endfacet
facet normal 0.13052619221998146 -0.9914448613738197 0.0
  outer loop
    vertex 682.5155717574376 83.09270516119582 3.0000000000000226
    vertex 682.3861622348863 83.07566807434036 2.257307037978831e-14
    vertex 682.5155717574376 83.09270516119582 2.257307037978831e-14
  endloop
endfacet
facet normal 0.13052619221998146 -0.9914448613738197 0.0
  outer loop
    vertex 682.3861622348863 83.07566807434036 2.257307037978831e-14
    vertex 682.5155717574376 83.09270516119582 3.0000000000000226
    vertex 682.3861622348863 83.07566807434036 3.0000000000000226
  endloop
endfacet
facet normal 0.6087614290087409 -0.7933533402912198 0.0
  outer loop
    vertex 682.7397156254794 83.22211468374708 3.0000000000000226
    vertex 682.6361622348862 83.14265537244815 2.257307037978831e-14
    vertex 682.7397156254794 83.22211468374708 2.257307037978831e-14
  endloop
endfacet
facet normal 0.6087614290087409 -0.7933533402912198 0.0
  outer loop
    vertex 682.6361622348862 83.14265537244815 2.257307037978831e-14
    vertex 682.7397156254794 83.22211468374708 3.0000000000000226
    vertex 682.6361622348862 83.14265537244815 3.0000000000000226
  endloop
endfacet
facet normal -0.13052619221998146 0.9914448613738197 -0.0
  outer loop
    vertex 682.256752712335 84.0586309874849 3.0000000000000226
    vertex 682.3861622348863 84.07566807434036 2.257307037978831e-14
    vertex 682.256752712335 84.0586309874849 2.257307037978831e-14
  endloop
endfacet
facet normal -0.13052619221998146 0.9914448613738197 -0.0
  outer loop
    vertex 682.3861622348863 84.07566807434036 2.257307037978831e-14
    vertex 682.256752712335 84.0586309874849 3.0000000000000226
    vertex 682.3861622348863 84.07566807434036 3.0000000000000226
  endloop
endfacet
facet normal -0.9238795325111673 0.38268343236537833 0.0
  outer loop
    vertex 681.9531495329941 83.82566807434037 3.0000000000000226
    vertex 681.9031993217417 83.7050775968916 2.257307037978831e-14
    vertex 681.9031993217417 83.7050775968916 3.0000000000000226
  endloop
endfacet
facet normal -0.9238795325111673 0.38268343236537833 0.0
  outer loop
    vertex 681.9031993217417 83.7050775968916 2.257307037978831e-14
    vertex 681.9531495329941 83.82566807434037 3.0000000000000226
    vertex 681.9531495329941 83.82566807434037 2.257307037978831e-14
  endloop
endfacet
facet normal -0.6087614290087409 -0.7933533402912198 0.0
  outer loop
    vertex 682.1361622348863 83.14265537244815 3.0000000000000226
    vertex 682.0326088442931 83.22211468374708 2.257307037978831e-14
    vertex 682.1361622348863 83.14265537244815 2.257307037978831e-14
  endloop
endfacet
facet normal -0.6087614290087409 -0.7933533402912198 0.0
  outer loop
    vertex 682.0326088442931 83.22211468374708 2.257307037978831e-14
    vertex 682.1361622348863 83.14265537244815 3.0000000000000226
    vertex 682.0326088442931 83.22211468374708 3.0000000000000226
  endloop
endfacet
facet normal -0.1305261922200664 -0.9914448613738086 0.0
  outer loop
    vertex 684.2361622348863 79.77566807434035 3.0000000000000226
    vertex 683.9773431897837 79.80974224805128 2.257307037978831e-14
    vertex 684.2361622348863 79.77566807434035 2.257307037978831e-14
  endloop
endfacet
facet normal -0.1305261922200664 -0.9914448613738086 0.0
  outer loop
    vertex 683.9773431897837 79.80974224805128 2.257307037978831e-14
    vertex 684.2361622348863 79.77566807434035 3.0000000000000226
    vertex 683.9773431897837 79.80974224805128 3.0000000000000226
  endloop
endfacet
facet normal 0.9914448613738197 0.13052619221998146 -0.0
  outer loop
    vertex 685.2020880611753 81.03448711944287 2.257307037978831e-14
    vertex 685.2361622348863 80.77566807434035 3.0000000000000226
    vertex 685.2361622348863 80.77566807434035 2.257307037978831e-14
  endloop
endfacet
facet normal 0.9914448613738197 0.13052619221998146 -0.0
  outer loop
    vertex 685.2361622348863 80.77566807434035 3.0000000000000226
    vertex 685.2020880611753 81.03448711944287 2.257307037978831e-14
    vertex 685.2020880611753 81.03448711944287 3.0000000000000226
  endloop
endfacet
facet normal 0.38268343236508334 0.9238795325112895 -0.0
  outer loop
    vertex 684.4949812799888 81.74159390062943 3.0000000000000226
    vertex 684.7361622348863 81.64169347812478 2.257307037978831e-14
    vertex 684.4949812799888 81.74159390062943 2.257307037978831e-14
  endloop
endfacet
facet normal 0.38268343236508334 0.9238795325112895 -0.0
  outer loop
    vertex 684.7361622348863 81.64169347812478 2.257307037978831e-14
    vertex 684.4949812799888 81.74159390062943 3.0000000000000226
    vertex 684.7361622348863 81.64169347812478 3.0000000000000226
  endloop
endfacet
facet normal -0.3826834323653278 -0.9238795325111884 0.0
  outer loop
    vertex 682.256752712335 83.09270516119582 3.0000000000000226
    vertex 682.1361622348863 83.14265537244815 2.257307037978831e-14
    vertex 682.256752712335 83.09270516119582 2.257307037978831e-14
  endloop
endfacet
facet normal -0.3826834323653278 -0.9238795325111884 0.0
  outer loop
    vertex 682.1361622348863 83.14265537244815 2.257307037978831e-14
    vertex 682.256752712335 83.09270516119582 3.0000000000000226
    vertex 682.1361622348863 83.14265537244815 3.0000000000000226
  endloop
endfacet
facet normal 0.9914448613738182 -0.13052619221999262 -0.0
  outer loop
    vertex 685.2361622348863 80.77566807434035 2.257307037978831e-14
    vertex 685.2020880611753 80.51684902923783 3.0000000000000226
    vertex 685.2020880611753 80.51684902923783 2.257307037978831e-14
  endloop
endfacet
facet normal 0.9914448613738182 -0.13052619221999262 -0.0
  outer loop
    vertex 685.2020880611753 80.51684902923783 3.0000000000000226
    vertex 685.2361622348863 80.77566807434035 2.257307037978831e-14
    vertex 685.2361622348863 80.77566807434035 3.0000000000000226
  endloop
endfacet
facet normal 0.7933533402910528 -0.6087614290089585 -0.0
  outer loop
    vertex 682.8191749367785 83.32566807434034 2.257307037978831e-14
    vertex 682.7397156254794 83.22211468374708 3.0000000000000226
    vertex 682.7397156254794 83.22211468374708 2.257307037978831e-14
  endloop
endfacet
facet normal 0.7933533402910528 -0.6087614290089585 -0.0
  outer loop
    vertex 682.7397156254794 83.22211468374708 3.0000000000000226
    vertex 682.8191749367785 83.32566807434034 2.257307037978831e-14
    vertex 682.8191749367785 83.32566807434034 3.0000000000000226
  endloop
endfacet
facet normal 0.9238795325112517 0.3826834323651751 -0.0
  outer loop
    vertex 685.1021876386707 81.27566807434035 2.257307037978831e-14
    vertex 685.2020880611753 81.03448711944287 3.0000000000000226
    vertex 685.2020880611753 81.03448711944287 2.257307037978831e-14
  endloop
endfacet
facet normal 0.9238795325112517 0.3826834323651751 -0.0
  outer loop
    vertex 685.2020880611753 81.03448711944287 3.0000000000000226
    vertex 685.1021876386707 81.27566807434035 2.257307037978831e-14
    vertex 685.1021876386707 81.27566807434035 3.0000000000000226
  endloop
endfacet
facet normal -0.13052619221998146 0.9914448613738197 -0.0
  outer loop
    vertex 683.9773431897837 81.74159390062943 3.0000000000000226
    vertex 684.2361622348863 81.77566807434035 2.257307037978831e-14
    vertex 683.9773431897837 81.74159390062943 2.257307037978831e-14
  endloop
endfacet
facet normal -0.13052619221998146 0.9914448613738197 -0.0
  outer loop
    vertex 684.2361622348863 81.77566807434035 2.257307037978831e-14
    vertex 683.9773431897837 81.74159390062943 3.0000000000000226
    vertex 684.2361622348863 81.77566807434035 3.0000000000000226
  endloop
endfacet
facet normal -0.9914448613737721 0.13052619222034362 0.0
  outer loop
    vertex 681.9031993217417 83.7050775968916 3.0000000000000226
    vertex 681.8861622348862 83.57566807434036 2.257307037978831e-14
    vertex 681.8861622348862 83.57566807434036 3.0000000000000226
  endloop
endfacet
facet normal -0.9914448613737721 0.13052619222034362 0.0
  outer loop
    vertex 681.8861622348862 83.57566807434036 2.257307037978831e-14
    vertex 681.9031993217417 83.7050775968916 3.0000000000000226
    vertex 681.9031993217417 83.7050775968916 2.257307037978831e-14
  endloop
endfacet
facet normal -0.7933533402910528 -0.6087614290089585 0.0
  outer loop
    vertex 681.9531495329941 83.32566807434034 3.0000000000000226
    vertex 682.0326088442931 83.22211468374708 2.257307037978831e-14
    vertex 682.0326088442931 83.22211468374708 3.0000000000000226
  endloop
endfacet
facet normal -0.7933533402910528 -0.6087614290089585 0.0
  outer loop
    vertex 682.0326088442931 83.22211468374708 2.257307037978831e-14
    vertex 681.9531495329941 83.32566807434034 3.0000000000000226
    vertex 681.9531495329941 83.32566807434034 2.257307037978831e-14
  endloop
endfacet
facet normal 0.38268343236520547 0.9238795325112388 -0.0
  outer loop
    vertex 678.4949812799889 81.74159390062943 3.0000000000000226
    vertex 678.7361622348863 81.64169347812478 2.257307037978831e-14
    vertex 678.4949812799889 81.74159390062943 2.257307037978831e-14
  endloop
endfacet
facet normal 0.38268343236520547 0.9238795325112388 -0.0
  outer loop
    vertex 678.7361622348863 81.64169347812478 2.257307037978831e-14
    vertex 678.4949812799889 81.74159390062943 3.0000000000000226
    vertex 678.7361622348863 81.64169347812478 3.0000000000000226
  endloop
endfacet
facet normal -0.9238795325112642 0.38268343236514446 0.0
  outer loop
    vertex 677.3701368311018 81.27566807434036 3.0000000000000226
    vertex 677.2702364085972 81.03448711944287 2.257307037978831e-14
    vertex 677.2702364085972 81.03448711944287 3.0000000000000226
  endloop
endfacet
facet normal -0.9238795325112642 0.38268343236514446 0.0
  outer loop
    vertex 677.2702364085972 81.03448711944287 2.257307037978831e-14
    vertex 677.3701368311018 81.27566807434036 3.0000000000000226
    vertex 677.3701368311018 81.27566807434036 2.257307037978831e-14
  endloop
endfacet
facet normal 0.7933533402912517 0.6087614290086991 -0.0
  outer loop
    vertex 678.9432690160728 81.4827748555269 2.257307037978831e-14
    vertex 679.1021876386707 81.27566807434035 3.0000000000000226
    vertex 679.1021876386707 81.27566807434035 2.257307037978831e-14
  endloop
endfacet
facet normal 0.7933533402912517 0.6087614290086991 -0.0
  outer loop
    vertex 679.1021876386707 81.27566807434035 3.0000000000000226
    vertex 678.9432690160728 81.4827748555269 2.257307037978831e-14
    vertex 678.9432690160728 81.4827748555269 3.0000000000000226
  endloop
endfacet
facet normal -0.9914448613738197 0.13052619221998146 0.0
  outer loop
    vertex 677.2702364085972 81.03448711944287 3.0000000000000226
    vertex 677.2361622348863 80.77566807434035 2.257307037978831e-14
    vertex 677.2361622348863 80.77566807434035 3.0000000000000226
  endloop
endfacet
facet normal -0.9914448613738197 0.13052619221998146 0.0
  outer loop
    vertex 677.2361622348863 80.77566807434035 2.257307037978831e-14
    vertex 677.2702364085972 81.03448711944287 3.0000000000000226
    vertex 677.2702364085972 81.03448711944287 2.257307037978831e-14
  endloop
endfacet
facet normal -0.7933533402912517 -0.6087614290086991 0.0
  outer loop
    vertex 677.3701368311018 80.27566807434035 3.0000000000000226
    vertex 677.5290554536997 80.06856129315379 2.257307037978831e-14
    vertex 677.5290554536997 80.06856129315379 3.0000000000000226
  endloop
endfacet
facet normal -0.7933533402912517 -0.6087614290086991 0.0
  outer loop
    vertex 677.5290554536997 80.06856129315379 2.257307037978831e-14
    vertex 677.3701368311018 80.27566807434035 3.0000000000000226
    vertex 677.3701368311018 80.27566807434035 2.257307037978831e-14
  endloop
endfacet
facet normal -0.6087614290087409 -0.7933533402912198 0.0
  outer loop
    vertex 683.7361622348863 79.90964267055591 3.0000000000000226
    vertex 683.5290554536997 80.06856129315379 2.257307037978831e-14
    vertex 683.7361622348863 79.90964267055591 2.257307037978831e-14
  endloop
endfacet
facet normal -0.6087614290087409 -0.7933533402912198 0.0
  outer loop
    vertex 683.5290554536997 80.06856129315379 2.257307037978831e-14
    vertex 683.7361622348863 79.90964267055591 3.0000000000000226
    vertex 683.5290554536997 80.06856129315379 3.0000000000000226
  endloop
endfacet
facet normal -0.6087614290085739 0.7933533402913479 -0.0
  outer loop
    vertex 683.5290554536997 81.4827748555269 3.0000000000000226
    vertex 683.7361622348864 81.64169347812478 2.257307037978831e-14
    vertex 683.5290554536997 81.4827748555269 2.257307037978831e-14
  endloop
endfacet
facet normal -0.6087614290085739 0.7933533402913479 -0.0
  outer loop
    vertex 683.7361622348864 81.64169347812478 2.257307037978831e-14
    vertex 683.5290554536997 81.4827748555269 3.0000000000000226
    vertex 683.7361622348864 81.64169347812478 3.0000000000000226
  endloop
endfacet
facet normal -0.9238795325112642 0.38268343236514446 0.0
  outer loop
    vertex 683.3701368311018 81.27566807434036 3.0000000000000226
    vertex 683.2702364085972 81.03448711944287 2.257307037978831e-14
    vertex 683.2702364085972 81.03448711944287 3.0000000000000226
  endloop
endfacet
facet normal -0.9238795325112642 0.38268343236514446 0.0
  outer loop
    vertex 683.2702364085972 81.03448711944287 2.257307037978831e-14
    vertex 683.3701368311018 81.27566807434036 3.0000000000000226
    vertex 683.3701368311018 81.27566807434036 2.257307037978831e-14
  endloop
endfacet
facet normal 0.9914448613738182 -0.13052619221999262 -0.0
  outer loop
    vertex 679.2361622348863 80.77566807434035 2.257307037978831e-14
    vertex 679.2020880611753 80.51684902923783 3.0000000000000226
    vertex 679.2020880611753 80.51684902923783 2.257307037978831e-14
  endloop
endfacet
facet normal 0.9914448613738182 -0.13052619221999262 -0.0
  outer loop
    vertex 679.2020880611753 80.51684902923783 3.0000000000000226
    vertex 679.2361622348863 80.77566807434035 2.257307037978831e-14
    vertex 679.2361622348863 80.77566807434035 3.0000000000000226
  endloop
endfacet
facet normal 0.38268343236525415 -0.9238795325112189 0.0
  outer loop
    vertex 678.7361622348863 79.90964267055591 3.0000000000000226
    vertex 678.4949812799889 79.80974224805128 2.257307037978831e-14
    vertex 678.7361622348863 79.90964267055591 2.257307037978831e-14
  endloop
endfacet
facet normal 0.38268343236525415 -0.9238795325112189 0.0
  outer loop
    vertex 678.4949812799889 79.80974224805128 2.257307037978831e-14
    vertex 678.7361622348863 79.90964267055591 3.0000000000000226
    vertex 678.4949812799889 79.80974224805128 3.0000000000000226
  endloop
endfacet
facet normal 0.1305261922200664 -0.9914448613738086 0.0
  outer loop
    vertex 678.4949812799889 79.80974224805128 3.0000000000000226
    vertex 678.2361622348864 79.77566807434035 2.257307037978831e-14
    vertex 678.4949812799889 79.80974224805128 2.257307037978831e-14
  endloop
endfacet
facet normal 0.1305261922200664 -0.9914448613738086 0.0
  outer loop
    vertex 678.2361622348864 79.77566807434035 2.257307037978831e-14
    vertex 678.4949812799889 79.80974224805128 3.0000000000000226
    vertex 678.2361622348864 79.77566807434035 3.0000000000000226
  endloop
endfacet
facet normal 0.9238795325112517 0.3826834323651751 -0.0
  outer loop
    vertex 679.1021876386707 81.27566807434035 2.257307037978831e-14
    vertex 679.2020880611753 81.03448711944287 3.0000000000000226
    vertex 679.2020880611753 81.03448711944287 2.257307037978831e-14
  endloop
endfacet
facet normal 0.9238795325112517 0.3826834323651751 -0.0
  outer loop
    vertex 679.2020880611753 81.03448711944287 3.0000000000000226
    vertex 679.1021876386707 81.27566807434035 2.257307037978831e-14
    vertex 679.1021876386707 81.27566807434035 3.0000000000000226
  endloop
endfacet
facet normal -0.9238795325112642 -0.38268343236514446 0.0
  outer loop
    vertex 677.2702364085972 80.51684902923783 3.0000000000000226
    vertex 677.3701368311018 80.27566807434035 2.257307037978831e-14
    vertex 677.3701368311018 80.27566807434035 3.0000000000000226
  endloop
endfacet
facet normal -0.9238795325112642 -0.38268343236514446 0.0
  outer loop
    vertex 677.3701368311018 80.27566807434035 2.257307037978831e-14
    vertex 677.2702364085972 80.51684902923783 3.0000000000000226
    vertex 677.2702364085972 80.51684902923783 2.257307037978831e-14
  endloop
endfacet
facet normal -0.9914448613738182 -0.13052619221999262 0.0
  outer loop
    vertex 683.2361622348863 80.77566807434035 3.0000000000000226
    vertex 683.2702364085972 80.51684902923783 2.257307037978831e-14
    vertex 683.2702364085972 80.51684902923783 3.0000000000000226
  endloop
endfacet
facet normal -0.9914448613738182 -0.13052619221999262 0.0
  outer loop
    vertex 683.2702364085972 80.51684902923783 2.257307037978831e-14
    vertex 683.2361622348863 80.77566807434035 3.0000000000000226
    vertex 683.2361622348863 80.77566807434035 2.257307037978831e-14
  endloop
endfacet
facet normal -0.9914448613738182 -0.13052619221999262 0.0
  outer loop
    vertex 677.2361622348863 80.77566807434035 3.0000000000000226
    vertex 677.2702364085972 80.51684902923783 2.257307037978831e-14
    vertex 677.2702364085972 80.51684902923783 3.0000000000000226
  endloop
endfacet
facet normal -0.9914448613738182 -0.13052619221999262 0.0
  outer loop
    vertex 677.2702364085972 80.51684902923783 2.257307037978831e-14
    vertex 677.2361622348863 80.77566807434035 3.0000000000000226
    vertex 677.2361622348863 80.77566807434035 2.257307037978831e-14
  endloop
endfacet
facet normal 0.13052619221998146 0.9914448613738197 -0.0
  outer loop
    vertex 678.2361622348864 81.77566807434035 3.0000000000000226
    vertex 678.4949812799889 81.74159390062943 2.257307037978831e-14
    vertex 678.2361622348864 81.77566807434035 2.257307037978831e-14
  endloop
endfacet
facet normal 0.13052619221998146 0.9914448613738197 -0.0
  outer loop
    vertex 678.4949812799889 81.74159390062943 2.257307037978831e-14
    vertex 678.2361622348864 81.77566807434035 3.0000000000000226
    vertex 678.4949812799889 81.74159390062943 3.0000000000000226
  endloop
endfacet
facet normal -0.6087614290087409 -0.7933533402912198 0.0
  outer loop
    vertex 677.7361622348863 79.90964267055591 3.0000000000000226
    vertex 677.5290554536997 80.06856129315379 2.257307037978831e-14
    vertex 677.7361622348863 79.90964267055591 2.257307037978831e-14
  endloop
endfacet
facet normal -0.6087614290087409 -0.7933533402912198 0.0
  outer loop
    vertex 677.5290554536997 80.06856129315379 2.257307037978831e-14
    vertex 677.7361622348863 79.90964267055591 3.0000000000000226
    vertex 677.5290554536997 80.06856129315379 3.0000000000000226
  endloop
endfacet
facet normal 0.9914448613738197 0.13052619221998146 -0.0
  outer loop
    vertex 679.2020880611753 81.03448711944287 2.257307037978831e-14
    vertex 679.2361622348863 80.77566807434035 3.0000000000000226
    vertex 679.2361622348863 80.77566807434035 2.257307037978831e-14
  endloop
endfacet
facet normal 0.9914448613738197 0.13052619221998146 -0.0
  outer loop
    vertex 679.2361622348863 80.77566807434035 3.0000000000000226
    vertex 679.2020880611753 81.03448711944287 2.257307037978831e-14
    vertex 679.2020880611753 81.03448711944287 3.0000000000000226
  endloop
endfacet
facet normal -0.9914448613738197 0.13052619221998146 0.0
  outer loop
    vertex 683.2702364085972 81.03448711944287 3.0000000000000226
    vertex 683.2361622348863 80.77566807434035 2.257307037978831e-14
    vertex 683.2361622348863 80.77566807434035 3.0000000000000226
  endloop
endfacet
facet normal -0.9914448613738197 0.13052619221998146 0.0
  outer loop
    vertex 683.2361622348863 80.77566807434035 2.257307037978831e-14
    vertex 683.2702364085972 81.03448711944287 3.0000000000000226
    vertex 683.2702364085972 81.03448711944287 2.257307037978831e-14
  endloop
endfacet
facet normal -0.7933533402912517 -0.6087614290086991 0.0
  outer loop
    vertex 683.3701368311018 80.27566807434035 3.0000000000000226
    vertex 683.5290554536997 80.06856129315379 2.257307037978831e-14
    vertex 683.5290554536997 80.06856129315379 3.0000000000000226
  endloop
endfacet
facet normal -0.7933533402912517 -0.6087614290086991 0.0
  outer loop
    vertex 683.5290554536997 80.06856129315379 2.257307037978831e-14
    vertex 683.3701368311018 80.27566807434035 3.0000000000000226
    vertex 683.3701368311018 80.27566807434035 2.257307037978831e-14
  endloop
endfacet
facet normal -0.13052619221998146 0.9914448613738197 -0.0
  outer loop
    vertex 677.9773431897838 81.74159390062943 3.0000000000000226
    vertex 678.2361622348864 81.77566807434035 2.257307037978831e-14
    vertex 677.9773431897838 81.74159390062943 2.257307037978831e-14
  endloop
endfacet
facet normal -0.13052619221998146 0.9914448613738197 -0.0
  outer loop
    vertex 678.2361622348864 81.77566807434035 2.257307037978831e-14
    vertex 677.9773431897838 81.74159390062943 3.0000000000000226
    vertex 678.2361622348864 81.77566807434035 3.0000000000000226
  endloop
endfacet
facet normal -0.9238795325112642 -0.38268343236514446 0.0
  outer loop
    vertex 683.2702364085972 80.51684902923783 3.0000000000000226
    vertex 683.3701368311018 80.27566807434035 2.257307037978831e-14
    vertex 683.3701368311018 80.27566807434035 3.0000000000000226
  endloop
endfacet
facet normal -0.9238795325112642 -0.38268343236514446 0.0
  outer loop
    vertex 683.3701368311018 80.27566807434035 2.257307037978831e-14
    vertex 683.2702364085972 80.51684902923783 3.0000000000000226
    vertex 683.2702364085972 80.51684902923783 2.257307037978831e-14
  endloop
endfacet
facet normal -0.7933533402912198 0.6087614290087409 0.0
  outer loop
    vertex 677.5290554536997 81.4827748555269 3.0000000000000226
    vertex 677.3701368311018 81.27566807434036 2.257307037978831e-14
    vertex 677.3701368311018 81.27566807434036 3.0000000000000226
  endloop
endfacet
facet normal -0.7933533402912198 0.6087614290087409 0.0
  outer loop
    vertex 677.3701368311018 81.27566807434036 2.257307037978831e-14
    vertex 677.5290554536997 81.4827748555269 3.0000000000000226
    vertex 677.5290554536997 81.4827748555269 2.257307037978831e-14
  endloop
endfacet
facet normal -0.3826834323650096 -0.92387953251132 0.0
  outer loop
    vertex 677.9773431897838 79.80974224805128 3.0000000000000226
    vertex 677.7361622348863 79.90964267055591 2.257307037978831e-14
    vertex 677.9773431897838 79.80974224805128 2.257307037978831e-14
  endloop
endfacet
facet normal -0.3826834323650096 -0.92387953251132 0.0
  outer loop
    vertex 677.7361622348863 79.90964267055591 2.257307037978831e-14
    vertex 677.9773431897838 79.80974224805128 3.0000000000000226
    vertex 677.7361622348863 79.90964267055591 3.0000000000000226
  endloop
endfacet
facet normal -0.6087614290087409 0.7933533402912198 -0.0
  outer loop
    vertex 677.5290554536997 81.4827748555269 3.0000000000000226
    vertex 677.7361622348863 81.64169347812478 2.257307037978831e-14
    vertex 677.5290554536997 81.4827748555269 2.257307037978831e-14
  endloop
endfacet
facet normal -0.6087614290087409 0.7933533402912198 -0.0
  outer loop
    vertex 677.7361622348863 81.64169347812478 2.257307037978831e-14
    vertex 677.5290554536997 81.4827748555269 3.0000000000000226
    vertex 677.7361622348863 81.64169347812478 3.0000000000000226
  endloop
endfacet
facet normal 0.9238795325112642 -0.38268343236514446 -0.0
  outer loop
    vertex 679.2020880611753 80.51684902923783 2.257307037978831e-14
    vertex 679.1021876386707 80.27566807434035 3.0000000000000226
    vertex 679.1021876386707 80.27566807434035 2.257307037978831e-14
  endloop
endfacet
facet normal 0.9238795325112642 -0.38268343236514446 -0.0
  outer loop
    vertex 679.1021876386707 80.27566807434035 3.0000000000000226
    vertex 679.2020880611753 80.51684902923783 2.257307037978831e-14
    vertex 679.2020880611753 80.51684902923783 3.0000000000000226
  endloop
endfacet
facet normal 0.7933533402912517 -0.608761429008699 -0.0
  outer loop
    vertex 679.1021876386707 80.27566807434035 2.257307037978831e-14
    vertex 678.9432690160728 80.06856129315379 3.0000000000000226
    vertex 678.9432690160728 80.06856129315379 2.257307037978831e-14
  endloop
endfacet
facet normal 0.7933533402912517 -0.608761429008699 -0.0
  outer loop
    vertex 678.9432690160728 80.06856129315379 3.0000000000000226
    vertex 679.1021876386707 80.27566807434035 2.257307037978831e-14
    vertex 679.1021876386707 80.27566807434035 3.0000000000000226
  endloop
endfacet
facet normal 0.6087614290087409 0.7933533402912198 -0.0
  outer loop
    vertex 678.7361622348863 81.64169347812478 3.0000000000000226
    vertex 678.9432690160728 81.4827748555269 2.257307037978831e-14
    vertex 678.7361622348863 81.64169347812478 2.257307037978831e-14
  endloop
endfacet
facet normal 0.6087614290087409 0.7933533402912198 -0.0
  outer loop
    vertex 678.9432690160728 81.4827748555269 2.257307037978831e-14
    vertex 678.7361622348863 81.64169347812478 3.0000000000000226
    vertex 678.9432690160728 81.4827748555269 3.0000000000000226
  endloop
endfacet
facet normal 0.6087614290085739 -0.7933533402913479 0.0
  outer loop
    vertex 678.9432690160728 80.06856129315379 3.0000000000000226
    vertex 678.7361622348863 79.90964267055591 2.257307037978831e-14
    vertex 678.9432690160728 80.06856129315379 2.257307037978831e-14
  endloop
endfacet
facet normal 0.6087614290085739 -0.7933533402913479 0.0
  outer loop
    vertex 678.7361622348863 79.90964267055591 2.257307037978831e-14
    vertex 678.9432690160728 80.06856129315379 3.0000000000000226
    vertex 678.7361622348863 79.90964267055591 3.0000000000000226
  endloop
endfacet
facet normal -0.38268343236508334 0.9238795325112895 -0.0
  outer loop
    vertex 677.7361622348863 81.64169347812478 3.0000000000000226
    vertex 677.9773431897838 81.74159390062943 2.257307037978831e-14
    vertex 677.7361622348863 81.64169347812478 2.257307037978831e-14
  endloop
endfacet
facet normal -0.38268343236508334 0.9238795325112895 -0.0
  outer loop
    vertex 677.9773431897838 81.74159390062943 2.257307037978831e-14
    vertex 677.7361622348863 81.64169347812478 3.0000000000000226
    vertex 677.9773431897838 81.74159390062943 3.0000000000000226
  endloop
endfacet
facet normal -0.3826834323651318 -0.9238795325112694 0.0
  outer loop
    vertex 683.9773431897837 79.80974224805128 3.0000000000000226
    vertex 683.7361622348863 79.90964267055591 2.257307037978831e-14
    vertex 683.9773431897837 79.80974224805128 2.257307037978831e-14
  endloop
endfacet
facet normal -0.3826834323651318 -0.9238795325112694 0.0
  outer loop
    vertex 683.7361622348863 79.90964267055591 2.257307037978831e-14
    vertex 683.9773431897837 79.80974224805128 3.0000000000000226
    vertex 683.7361622348863 79.90964267055591 3.0000000000000226
  endloop
endfacet
facet normal -0.7933533402912198 0.6087614290087409 0.0
  outer loop
    vertex 683.5290554536997 81.4827748555269 3.0000000000000226
    vertex 683.3701368311018 81.27566807434036 2.257307037978831e-14
    vertex 683.3701368311018 81.27566807434036 3.0000000000000226
  endloop
endfacet
facet normal -0.7933533402912198 0.6087614290087409 0.0
  outer loop
    vertex 683.3701368311018 81.27566807434036 2.257307037978831e-14
    vertex 683.5290554536997 81.4827748555269 3.0000000000000226
    vertex 683.5290554536997 81.4827748555269 2.257307037978831e-14
  endloop
endfacet
facet normal -0.9914448613737721 0.13052619222034362 0.0
  outer loop
    vertex 680.7031993217419 83.7050775968916 3.0000000000000226
    vertex 680.6861622348863 83.57566807434036 2.257307037978831e-14
    vertex 680.6861622348863 83.57566807434036 3.0000000000000226
  endloop
endfacet
facet normal -0.9914448613737721 0.13052619222034362 0.0
  outer loop
    vertex 680.6861622348863 83.57566807434036 2.257307037978831e-14
    vertex 680.7031993217419 83.7050775968916 3.0000000000000226
    vertex 680.7031993217419 83.7050775968916 2.257307037978831e-14
  endloop
endfacet
facet normal 0.1305261922199771 0.9914448613738204 -0.0
  outer loop
    vertex 681.1861622348863 84.07566807434036 3.0000000000000226
    vertex 681.2361622348863 84.069085449461 2.257307037978831e-14
    vertex 681.1861622348863 84.07566807434036 2.257307037978831e-14
  endloop
endfacet
facet normal 0.1305261922199771 0.9914448613738204 -0.0
  outer loop
    vertex 681.2361622348863 84.069085449461 2.257307037978831e-14
    vertex 681.1861622348863 84.07566807434036 3.0000000000000226
    vertex 681.2361622348863 84.069085449461 3.0000000000000226
  endloop
endfacet
facet normal -0.38268343236508334 0.9238795325112895 -0.0
  outer loop
    vertex 680.9361622348863 84.00868077623258 3.0000000000000226
    vertex 681.056752712335 84.0586309874849 2.257307037978831e-14
    vertex 680.9361622348863 84.00868077623258 2.257307037978831e-14
  endloop
endfacet
facet normal -0.38268343236508334 0.9238795325112895 -0.0
  outer loop
    vertex 681.056752712335 84.0586309874849 2.257307037978831e-14
    vertex 680.9361622348863 84.00868077623258 3.0000000000000226
    vertex 681.056752712335 84.0586309874849 3.0000000000000226
  endloop
endfacet
facet normal 0.7933533402910528 -0.6087614290089585 -0.0
  outer loop
    vertex 681.6191749367786 83.32566807434034 2.257307037978831e-14
    vertex 681.5397156254796 83.22211468374708 3.0000000000000226
    vertex 681.5397156254796 83.22211468374708 2.257307037978831e-14
  endloop
endfacet
facet normal 0.7933533402910528 -0.6087614290089585 -0.0
  outer loop
    vertex 681.5397156254796 83.22211468374708 3.0000000000000226
    vertex 681.6191749367786 83.32566807434034 2.257307037978831e-14
    vertex 681.6191749367786 83.32566807434034 3.0000000000000226
  endloop
endfacet
facet normal -0.38268343236508334 -0.9238795325112895 0.0
  outer loop
    vertex 681.056752712335 83.09270516119582 3.0000000000000226
    vertex 680.9361622348863 83.14265537244815 2.257307037978831e-14
    vertex 681.056752712335 83.09270516119582 2.257307037978831e-14
  endloop
endfacet
facet normal -0.38268343236508334 -0.9238795325112895 0.0
  outer loop
    vertex 680.9361622348863 83.14265537244815 2.257307037978831e-14
    vertex 681.056752712335 83.09270516119582 3.0000000000000226
    vertex 680.9361622348863 83.14265537244815 3.0000000000000226
  endloop
endfacet
facet normal -0.13052619221998146 0.9914448613738197 -0.0
  outer loop
    vertex 681.056752712335 84.0586309874849 3.0000000000000226
    vertex 681.1861622348863 84.07566807434036 2.257307037978831e-14
    vertex 681.056752712335 84.0586309874849 2.257307037978831e-14
  endloop
endfacet
facet normal -0.13052619221998146 0.9914448613738197 -0.0
  outer loop
    vertex 681.1861622348863 84.07566807434036 2.257307037978831e-14
    vertex 681.056752712335 84.0586309874849 3.0000000000000226
    vertex 681.1861622348863 84.07566807434036 3.0000000000000226
  endloop
endfacet
facet normal -0.9914448613737721 -0.13052619222034362 0.0
  outer loop
    vertex 680.6861622348863 83.57566807434036 3.0000000000000226
    vertex 680.7031993217419 83.44625855178911 2.257307037978831e-14
    vertex 680.7031993217419 83.44625855178911 3.0000000000000226
  endloop
endfacet
facet normal -0.9914448613737721 -0.13052619222034362 0.0
  outer loop
    vertex 680.7031993217419 83.44625855178911 2.257307037978831e-14
    vertex 680.6861622348863 83.57566807434036 3.0000000000000226
    vertex 680.6861622348863 83.57566807434036 2.257307037978831e-14
  endloop
endfacet
facet normal -0.9238795325116561 0.38268343236419816 0.0
  outer loop
    vertex 680.753149532994 83.82566807434037 3.0000000000000226
    vertex 680.7031993217419 83.7050775968916 2.257307037978831e-14
    vertex 680.7031993217419 83.7050775968916 3.0000000000000226
  endloop
endfacet
facet normal -0.9238795325116561 0.38268343236419816 0.0
  outer loop
    vertex 680.7031993217419 83.7050775968916 2.257307037978831e-14
    vertex 680.753149532994 83.82566807434037 3.0000000000000226
    vertex 680.753149532994 83.82566807434037 2.257307037978831e-14
  endloop
endfacet
facet normal -0.6087614290087409 0.7933533402912198 -0.0
  outer loop
    vertex 680.832608844293 83.92922146493363 3.0000000000000226
    vertex 680.9361622348863 84.00868077623258 2.257307037978831e-14
    vertex 680.832608844293 83.92922146493363 2.257307037978831e-14
  endloop
endfacet
facet normal -0.6087614290087409 0.7933533402912198 -0.0
  outer loop
    vertex 680.9361622348863 84.00868077623258 2.257307037978831e-14
    vertex 680.832608844293 83.92922146493363 3.0000000000000226
    vertex 680.9361622348863 84.00868077623258 3.0000000000000226
  endloop
endfacet
facet normal -0.7933533402910528 -0.6087614290089585 0.0
  outer loop
    vertex 680.753149532994 83.32566807434034 3.0000000000000226
    vertex 680.832608844293 83.22211468374708 2.257307037978831e-14
    vertex 680.832608844293 83.22211468374708 3.0000000000000226
  endloop
endfacet
facet normal -0.7933533402910528 -0.6087614290089585 0.0
  outer loop
    vertex 680.832608844293 83.22211468374708 2.257307037978831e-14
    vertex 680.753149532994 83.32566807434034 3.0000000000000226
    vertex 680.753149532994 83.32566807434034 2.257307037978831e-14
  endloop
endfacet
facet normal 0.13052619221998418 -0.9914448613738195 0.0
  outer loop
    vertex 681.3155717574375 83.09270516119582 3.0000000000000226
    vertex 681.2361622348863 83.08225069921973 2.257307037978831e-14
    vertex 681.3155717574375 83.09270516119582 2.257307037978831e-14
  endloop
endfacet
facet normal 0.13052619221998418 -0.9914448613738195 0.0
  outer loop
    vertex 681.2361622348863 83.08225069921973 2.257307037978831e-14
    vertex 681.3155717574375 83.09270516119582 3.0000000000000226
    vertex 681.2361622348863 83.08225069921973 3.0000000000000226
  endloop
endfacet
facet normal 0.1305261922199842 0.9914448613738195 -0.0
  outer loop
    vertex 681.2361622348863 84.069085449461 3.0000000000000226
    vertex 681.3155717574375 84.0586309874849 2.257307037978831e-14
    vertex 681.2361622348863 84.069085449461 2.257307037978831e-14
  endloop
endfacet
facet normal 0.1305261922199842 0.9914448613738195 -0.0
  outer loop
    vertex 681.3155717574375 84.0586309874849 2.257307037978831e-14
    vertex 681.2361622348863 84.069085449461 3.0000000000000226
    vertex 681.3155717574375 84.0586309874849 3.0000000000000226
  endloop
endfacet
facet normal -0.6087614290087409 -0.7933533402912198 0.0
  outer loop
    vertex 680.9361622348863 83.14265537244815 3.0000000000000226
    vertex 680.832608844293 83.22211468374708 2.257307037978831e-14
    vertex 680.9361622348863 83.14265537244815 2.257307037978831e-14
  endloop
endfacet
facet normal -0.6087614290087409 -0.7933533402912198 0.0
  outer loop
    vertex 680.832608844293 83.22211468374708 2.257307037978831e-14
    vertex 680.9361622348863 83.14265537244815 3.0000000000000226
    vertex 680.832608844293 83.22211468374708 3.0000000000000226
  endloop
endfacet
facet normal -0.9238795325116561 -0.38268343236419816 0.0
  outer loop
    vertex 680.7031993217419 83.44625855178911 3.0000000000000226
    vertex 680.753149532994 83.32566807434034 2.257307037978831e-14
    vertex 680.753149532994 83.32566807434034 3.0000000000000226
  endloop
endfacet
facet normal -0.9238795325116561 -0.38268343236419816 0.0
  outer loop
    vertex 680.753149532994 83.32566807434034 2.257307037978831e-14
    vertex 680.7031993217419 83.44625855178911 3.0000000000000226
    vertex 680.7031993217419 83.44625855178911 2.257307037978831e-14
  endloop
endfacet
facet normal 0.9238795325116561 -0.38268343236419816 -0.0
  outer loop
    vertex 681.6691251480307 83.44625855178911 2.257307037978831e-14
    vertex 681.6191749367786 83.32566807434034 3.0000000000000226
    vertex 681.6191749367786 83.32566807434034 2.257307037978831e-14
  endloop
endfacet
facet normal 0.9238795325116561 -0.38268343236419816 -0.0
  outer loop
    vertex 681.6191749367786 83.32566807434034 3.0000000000000226
    vertex 681.6691251480307 83.44625855178911 2.257307037978831e-14
    vertex 681.6691251480307 83.44625855178911 3.0000000000000226
  endloop
endfacet
facet normal -0.7933533402910528 0.6087614290089585 0.0
  outer loop
    vertex 680.832608844293 83.92922146493363 3.0000000000000226
    vertex 680.753149532994 83.82566807434037 2.257307037978831e-14
    vertex 680.753149532994 83.82566807434037 3.0000000000000226
  endloop
endfacet
facet normal -0.7933533402910528 0.6087614290089585 0.0
  outer loop
    vertex 680.753149532994 83.82566807434037 2.257307037978831e-14
    vertex 680.832608844293 83.92922146493363 3.0000000000000226
    vertex 680.832608844293 83.92922146493363 2.257307037978831e-14
  endloop
endfacet
facet normal -0.13052619221998146 -0.9914448613738197 0.0
  outer loop
    vertex 681.1861622348863 83.07566807434036 3.0000000000000226
    vertex 681.056752712335 83.09270516119582 2.257307037978831e-14
    vertex 681.1861622348863 83.07566807434036 2.257307037978831e-14
  endloop
endfacet
facet normal -0.13052619221998146 -0.9914448613738197 0.0
  outer loop
    vertex 681.056752712335 83.09270516119582 2.257307037978831e-14
    vertex 681.1861622348863 83.07566807434036 3.0000000000000226
    vertex 681.056752712335 83.09270516119582 3.0000000000000226
  endloop
endfacet
facet normal 0.9238795325116561 0.38268343236419816 -0.0
  outer loop
    vertex 681.6191749367786 83.82566807434037 2.257307037978831e-14
    vertex 681.6691251480307 83.7050775968916 3.0000000000000226
    vertex 681.6691251480307 83.7050775968916 2.257307037978831e-14
  endloop
endfacet
facet normal 0.9238795325116561 0.38268343236419816 -0.0
  outer loop
    vertex 681.6691251480307 83.7050775968916 3.0000000000000226
    vertex 681.6191749367786 83.82566807434037 2.257307037978831e-14
    vertex 681.6191749367786 83.82566807434037 3.0000000000000226
  endloop
endfacet
facet normal 0.9914448613737721 0.1305261922203436 -0.0
  outer loop
    vertex 681.6691251480307 83.7050775968916 2.257307037978831e-14
    vertex 681.6861622348863 83.57566807434036 3.0000000000000226
    vertex 681.6861622348863 83.57566807434036 2.257307037978831e-14
  endloop
endfacet
facet normal 0.9914448613737721 0.1305261922203436 -0.0
  outer loop
    vertex 681.6861622348863 83.57566807434036 3.0000000000000226
    vertex 681.6691251480307 83.7050775968916 2.257307037978831e-14
    vertex 681.6691251480307 83.7050775968916 3.0000000000000226
  endloop
endfacet
facet normal 0.7933533402910528 0.6087614290089585 -0.0
  outer loop
    vertex 681.5397156254796 83.92922146493363 2.257307037978831e-14
    vertex 681.6191749367786 83.82566807434037 3.0000000000000226
    vertex 681.6191749367786 83.82566807434037 2.257307037978831e-14
  endloop
endfacet
facet normal 0.7933533402910528 0.6087614290089585 -0.0
  outer loop
    vertex 681.6191749367786 83.82566807434037 3.0000000000000226
    vertex 681.5397156254796 83.92922146493363 2.257307037978831e-14
    vertex 681.5397156254796 83.92922146493363 3.0000000000000226
  endloop
endfacet
facet normal -0.1305261922200664 -0.9914448613738086 0.0
  outer loop
    vertex 678.2361622348864 79.77566807434035 3.0000000000000226
    vertex 677.9773431897838 79.80974224805128 2.257307037978831e-14
    vertex 678.2361622348864 79.77566807434035 2.257307037978831e-14
  endloop
endfacet
facet normal -0.1305261922200664 -0.9914448613738086 0.0
  outer loop
    vertex 677.9773431897838 79.80974224805128 2.257307037978831e-14
    vertex 678.2361622348864 79.77566807434035 3.0000000000000226
    vertex 677.9773431897838 79.80974224805128 3.0000000000000226
  endloop
endfacet
facet normal 0.6087614290087409 0.7933533402912198 -0.0
  outer loop
    vertex 681.4361622348863 84.00868077623258 3.0000000000000226
    vertex 681.5397156254796 83.92922146493363 2.257307037978831e-14
    vertex 681.4361622348863 84.00868077623258 2.257307037978831e-14
  endloop
endfacet
facet normal 0.6087614290087409 0.7933533402912198 -0.0
  outer loop
    vertex 681.5397156254796 83.92922146493363 2.257307037978831e-14
    vertex 681.4361622348863 84.00868077623258 3.0000000000000226
    vertex 681.5397156254796 83.92922146493363 3.0000000000000226
  endloop
endfacet
facet normal 0.38268343236508334 0.9238795325112895 -0.0
  outer loop
    vertex 681.3155717574375 84.0586309874849 3.0000000000000226
    vertex 681.4361622348863 84.00868077623258 2.257307037978831e-14
    vertex 681.3155717574375 84.0586309874849 2.257307037978831e-14
  endloop
endfacet
facet normal 0.38268343236508334 0.9238795325112895 -0.0
  outer loop
    vertex 681.4361622348863 84.00868077623258 2.257307037978831e-14
    vertex 681.3155717574375 84.0586309874849 3.0000000000000226
    vertex 681.4361622348863 84.00868077623258 3.0000000000000226
  endloop
endfacet
facet normal 0.0 -1.0 0.0
  outer loop
    vertex 691.2361622348864 85.67566807434049 3.0000000000000226
    vertex 690.2361622348863 85.67566807434049 2.257307037978831e-14
    vertex 691.2361622348864 85.67566807434049 2.257307037978831e-14
  endloop
endfacet
facet normal 0.0 -1.0 0.0
  outer loop
    vertex 690.2361622348863 85.67566807434049 2.257307037978831e-14
    vertex 691.2361622348864 85.67566807434049 3.0000000000000226
    vertex 690.2361622348863 85.67566807434049 3.0000000000000226
  endloop
endfacet
facet normal 0.9914448613737721 -0.13052619222034362 -0.0
  outer loop
    vertex 681.6861622348863 83.57566807434036 2.257307037978831e-14
    vertex 681.6691251480307 83.44625855178911 3.0000000000000226
    vertex 681.6691251480307 83.44625855178911 2.257307037978831e-14
  endloop
endfacet
facet normal 0.9914448613737721 -0.13052619222034362 -0.0
  outer loop
    vertex 681.6691251480307 83.44625855178911 3.0000000000000226
    vertex 681.6861622348863 83.57566807434036 2.257307037978831e-14
    vertex 681.6861622348863 83.57566807434036 3.0000000000000226
  endloop
endfacet
facet normal 0.1305261922199771 -0.9914448613738204 0.0
  outer loop
    vertex 681.2361622348863 83.08225069921973 3.0000000000000226
    vertex 681.1861622348863 83.07566807434036 2.257307037978831e-14
    vertex 681.2361622348863 83.08225069921973 2.257307037978831e-14
  endloop
endfacet
facet normal 0.1305261922199771 -0.9914448613738204 0.0
  outer loop
    vertex 681.1861622348863 83.07566807434036 2.257307037978831e-14
    vertex 681.2361622348863 83.08225069921973 3.0000000000000226
    vertex 681.1861622348863 83.07566807434036 3.0000000000000226
  endloop
endfacet
facet normal 0.6087614290087409 -0.7933533402912198 0.0
  outer loop
    vertex 681.5397156254796 83.22211468374708 3.0000000000000226
    vertex 681.4361622348863 83.14265537244815 2.257307037978831e-14
    vertex 681.5397156254796 83.22211468374708 2.257307037978831e-14
  endloop
endfacet
facet normal 0.6087614290087409 -0.7933533402912198 0.0
  outer loop
    vertex 681.4361622348863 83.14265537244815 2.257307037978831e-14
    vertex 681.5397156254796 83.22211468374708 3.0000000000000226
    vertex 681.4361622348863 83.14265537244815 3.0000000000000226
  endloop
endfacet
facet normal -0.0 1.0 -0.0
  outer loop
    vertex 690.2361622348863 88.67566807434048 3.0000000000000226
    vertex 691.2361622348864 88.67566807434048 2.257307037978831e-14
    vertex 690.2361622348863 88.67566807434048 2.257307037978831e-14
  endloop
endfacet
facet normal -0.0 1.0 -0.0
  outer loop
    vertex 691.2361622348864 88.67566807434048 2.257307037978831e-14
    vertex 690.2361622348863 88.67566807434048 3.0000000000000226
    vertex 691.2361622348864 88.67566807434048 3.0000000000000226
  endloop
endfacet
facet normal 0.0 1.0 0.0
  outer loop
    vertex 676.1361622348862 88.77566807434049 3.0000000000000226
    vertex 686.3361622348863 88.77566807434049 2.257307037978831e-14
    vertex 676.1361622348862 88.77566807434049 2.257307037978831e-14
  endloop
endfacet
facet normal 0.0 1.0 0.0
  outer loop
    vertex 686.3361622348863 88.77566807434049 2.257307037978831e-14
    vertex 676.1361622348862 88.77566807434049 3.0000000000000226
    vertex 686.3361622348863 88.77566807434049 3.0000000000000226
  endloop
endfacet
facet normal -1.0 0.0 0.0
  outer loop
    vertex 690.2361622348863 88.67566807434048 3.0000000000000226
    vertex 690.2361622348863 85.67566807434049 2.257307037978831e-14
    vertex 690.2361622348863 85.67566807434049 3.0000000000000226
  endloop
endfacet
facet normal -1.0 0.0 0.0
  outer loop
    vertex 690.2361622348863 85.67566807434049 2.257307037978831e-14
    vertex 690.2361622348863 88.67566807434048 3.0000000000000226
    vertex 690.2361622348863 88.67566807434048 2.257307037978831e-14
  endloop
endfacet
facet normal 0.38268343236508334 -0.9238795325112895 0.0
  outer loop
    vertex 681.4361622348863 83.14265537244815 3.0000000000000226
    vertex 681.3155717574375 83.09270516119582 2.257307037978831e-14
    vertex 681.4361622348863 83.14265537244815 2.257307037978831e-14
  endloop
endfacet
facet normal 0.38268343236508334 -0.9238795325112895 0.0
  outer loop
    vertex 681.3155717574375 83.09270516119582 2.257307037978831e-14
    vertex 681.4361622348863 83.14265537244815 3.0000000000000226
    vertex 681.3155717574375 83.09270516119582 3.0000000000000226
  endloop
endfacet
facet normal 1.0 -0.0 -0.0
  outer loop
    vertex 691.2361622348864 88.67566807434048 2.257307037978831e-14
    vertex 691.2361622348864 85.67566807434049 3.0000000000000226
    vertex 691.2361622348864 85.67566807434049 2.257307037978831e-14
  endloop
endfacet
facet normal 1.0 -0.0 -0.0
  outer loop
    vertex 691.2361622348864 85.67566807434049 3.0000000000000226
    vertex 691.2361622348864 88.67566807434048 2.257307037978831e-14
    vertex 691.2361622348864 88.67566807434048 3.0000000000000226
  endloop
endfacet
facet normal 0.0 -1.0 0.0
  outer loop
    vertex 686.3361622348863 85.57566807434047 3.0000000000000226
    vertex 676.1361622348862 85.57566807434047 2.257307037978831e-14
    vertex 686.3361622348863 85.57566807434047 2.257307037978831e-14
  endloop
endfacet
facet normal 0.0 -1.0 0.0
  outer loop
    vertex 676.1361622348862 85.57566807434047 2.257307037978831e-14
    vertex 686.3361622348863 85.57566807434047 3.0000000000000226
    vertex 676.1361622348862 85.57566807434047 3.0000000000000226
  endloop
endfacet
facet normal -1.0 0.0 0.0
  outer loop
    vertex 676.1361622348862 88.77566807434049 3.0000000000000226
    vertex 676.1361622348862 85.57566807434047 2.257307037978831e-14
    vertex 676.1361622348862 85.57566807434047 3.0000000000000226
  endloop
endfacet
facet normal -1.0 0.0 0.0
  outer loop
    vertex 676.1361622348862 85.57566807434047 2.257307037978831e-14
    vertex 676.1361622348862 88.77566807434049 3.0000000000000226
    vertex 676.1361622348862 88.77566807434049 2.257307037978831e-14
  endloop
endfacet
facet normal 1.0 0.0 0.0
  outer loop
    vertex 686.3361622348863 88.77566807434049 2.257307037978831e-14
    vertex 686.3361622348863 85.57566807434047 3.0000000000000226
    vertex 686.3361622348863 85.57566807434047 2.257307037978831e-14
  endloop
endfacet
facet normal 1.0 0.0 0.0
  outer loop
    vertex 686.3361622348863 85.57566807434047 3.0000000000000226
    vertex 686.3361622348863 88.77566807434049 2.257307037978831e-14
    vertex 686.3361622348863 88.77566807434049 3.0000000000000226
  endloop
endfacet
facet normal -1.1907846953022481e-32 -9.820070158980588e-32 -1.0
  outer loop
    vertex 688.8057654207125 89.44255086623328 3.0000000000000226
    vertex 687.2361622348863 84.96070203638068 3.0000000000000226
    vertex 687.2361622348863 89.39063411230002 3.0000000000000226
  endloop
endfacet
facet normal -1.1907846953022481e-32 -9.820070158980588e-32 -1.0
  outer loop
    vertex 687.2361622348863 84.96070203638068 3.0000000000000226
    vertex 688.8057654207125 89.44255086623328 3.0000000000000226
    vertex 688.8057654207126 84.90878528244743 3.0000000000000226
  endloop
endfacet
facet normal -1.1907846953022481e-32 -9.820070158980588e-32 -1.0
  outer loop
    vertex 688.8057654207126 84.90878528244743 3.0000000000000226
    vertex 688.8057654207125 89.44255086623328 3.0000000000000226
    vertex 690.2361622348863 88.67566807434048 3.0000000000000226
  endloop
endfacet
facet normal -1.1907846953022481e-32 -9.820070158980588e-32 -1.0
  outer loop
    vertex 690.2361622348863 88.67566807434048 3.0000000000000226
    vertex 688.8057654207125 89.44255086623328 3.0000000000000226
    vertex 692.5859695019724 89.65107834134051 3.0000000000000226
  endloop
endfacet
facet normal -1.1907846953022481e-32 -9.820070158980588e-32 -1.0
  outer loop
    vertex 690.2361622348863 88.67566807434048 3.0000000000000226
    vertex 692.5859695019724 89.65107834134051 3.0000000000000226
    vertex 691.2361622348864 88.67566807434048 3.0000000000000226
  endloop
endfacet
facet normal -1.1907846953022481e-32 -9.820070158980588e-32 -1.0
  outer loop
    vertex 691.2361622348864 88.67566807434048 3.0000000000000226
    vertex 692.5859695019724 89.65107834134051 3.0000000000000226
    vertex 691.2361622348864 85.67566807434049 3.0000000000000226
  endloop
endfacet
facet normal -1.1907846953022481e-32 -9.820070158980588e-32 -1.0
  outer loop
    vertex 680.6861622348863 83.57566807434036 3.0000000000000226
    vertex 680.7361622348863 77.64169347812478 3.0000000000000226
    vertex 680.5290554536998 77.4827748555269 3.0000000000000226
  endloop
endfacet
facet normal -1.1907846953022481e-32 -9.820070158980588e-32 -1.0
  outer loop
    vertex 680.7361622348863 77.64169347812478 3.0000000000000226
    vertex 680.6861622348863 83.57566807434036 3.0000000000000226
    vertex 680.7031993217419 83.44625855178911 3.0000000000000226
  endloop
endfacet
facet normal -1.1907846953022481e-32 -9.820070158980588e-32 -1.0
  outer loop
    vertex 680.7361622348863 77.64169347812478 3.0000000000000226
    vertex 680.7031993217419 83.44625855178911 3.0000000000000226
    vertex 680.753149532994 83.32566807434034 3.0000000000000226
  endloop
endfacet
facet normal -1.1907846953022481e-32 -9.820070158980588e-32 -1.0
  outer loop
    vertex 680.7361622348863 77.64169347812478 3.0000000000000226
    vertex 680.753149532994 83.32566807434034 3.0000000000000226
    vertex 680.9773431897837 77.74159390062941 3.0000000000000226
  endloop
endfacet
facet normal -1.1907846953022481e-32 -9.820070158980588e-32 -1.0
  outer loop
    vertex 680.9773431897837 77.74159390062941 3.0000000000000226
    vertex 680.753149532994 83.32566807434034 3.0000000000000226
    vertex 680.832608844293 83.22211468374708 3.0000000000000226
  endloop
endfacet
facet normal -1.1907846953022481e-32 -9.820070158980588e-32 -1.0
  outer loop
    vertex 680.9773431897837 77.74159390062941 3.0000000000000226
    vertex 680.832608844293 83.22211468374708 3.0000000000000226
    vertex 680.9361622348863 83.14265537244815 3.0000000000000226
  endloop
endfacet
facet normal -1.1907846953022481e-32 -9.820070158980588e-32 -1.0
  outer loop
    vertex 680.9773431897837 77.74159390062941 3.0000000000000226
    vertex 680.9361622348863 83.14265537244815 3.0000000000000226
    vertex 681.056752712335 83.09270516119582 3.0000000000000226
  endloop
endfacet
facet normal -1.1907846953022481e-32 -9.820070158980588e-32 -1.0
  outer loop
    vertex 680.9773431897837 77.74159390062941 3.0000000000000226
    vertex 681.056752712335 83.09270516119582 3.0000000000000226
    vertex 681.2361622348863 77.77566807434035 3.0000000000000226
  endloop
endfacet
facet normal -1.1907846953022481e-32 -9.820070158980588e-32 -1.0
  outer loop
    vertex 681.2361622348863 77.77566807434035 3.0000000000000226
    vertex 681.056752712335 83.09270516119582 3.0000000000000226
    vertex 681.1861622348863 83.07566807434036 3.0000000000000226
  endloop
endfacet
facet normal -1.1907846953022481e-32 -9.820070158980588e-32 -1.0
  outer loop
    vertex 681.2361622348863 77.77566807434035 3.0000000000000226
    vertex 681.1861622348863 83.07566807434036 3.0000000000000226
    vertex 681.2361622348863 83.08225069921973 3.0000000000000226
  endloop
endfacet
facet normal -1.1907846953022481e-32 -9.820070158980588e-32 -1.0
  outer loop
    vertex 681.2361622348863 77.77566807434035 3.0000000000000226
    vertex 681.2361622348863 83.08225069921973 3.0000000000000226
    vertex 681.3155717574375 83.09270516119582 3.0000000000000226
  endloop
endfacet
facet normal -1.1907846953022481e-32 -9.820070158980588e-32 -1.0
  outer loop
    vertex 681.2361622348863 77.77566807434035 3.0000000000000226
    vertex 681.3155717574375 83.09270516119582 3.0000000000000226
    vertex 681.4949812799888 77.74159390062941 3.0000000000000226
  endloop
endfacet
facet normal -1.1907846953022481e-32 -9.820070158980588e-32 -1.0
  outer loop
    vertex 681.4949812799888 77.74159390062941 3.0000000000000226
    vertex 681.3155717574375 83.09270516119582 3.0000000000000226
    vertex 681.4361622348863 83.14265537244815 3.0000000000000226
  endloop
endfacet
facet normal -1.1907846953022481e-32 -9.820070158980588e-32 -1.0
  outer loop
    vertex 681.4949812799888 77.74159390062941 3.0000000000000226
    vertex 681.4361622348863 83.14265537244815 3.0000000000000226
    vertex 681.5397156254796 83.22211468374708 3.0000000000000226
  endloop
endfacet
facet normal -1.1907846953022481e-32 -9.820070158980588e-32 -1.0
  outer loop
    vertex 681.4949812799888 77.74159390062941 3.0000000000000226
    vertex 681.5397156254796 83.22211468374708 3.0000000000000226
    vertex 681.7361622348863 77.64169347812478 3.0000000000000226
  endloop
endfacet
facet normal -1.1907846953022481e-32 -9.820070158980588e-32 -1.0
  outer loop
    vertex 681.7361622348863 77.64169347812478 3.0000000000000226
    vertex 681.5397156254796 83.22211468374708 3.0000000000000226
    vertex 681.6191749367786 83.32566807434034 3.0000000000000226
  endloop
endfacet
facet normal -1.1907846953022481e-32 -9.820070158980588e-32 -1.0
  outer loop
    vertex 681.7361622348863 77.64169347812478 3.0000000000000226
    vertex 681.6191749367786 83.32566807434034 3.0000000000000226
    vertex 681.6691251480307 83.44625855178911 3.0000000000000226
  endloop
endfacet
facet normal -1.1907846953022481e-32 -9.820070158980588e-32 -1.0
  outer loop
    vertex 681.7361622348863 77.64169347812478 3.0000000000000226
    vertex 681.6691251480307 83.44625855178911 3.0000000000000226
    vertex 681.6861622348863 83.57566807434036 3.0000000000000226
  endloop
endfacet
facet normal -1.1907846953022481e-32 -9.820070158980588e-32 -1.0
  outer loop
    vertex 676.9935215477669 74.53302738722105 3.0000000000000226
    vertex 677.2702364085972 80.51684902923783 3.0000000000000226
    vertex 678.2361622348863 73.5795156516337 3.0000000000000226
  endloop
endfacet
facet normal -1.1907846953022481e-32 -9.820070158980588e-32 -1.0
  outer loop
    vertex 677.2702364085972 80.51684902923783 3.0000000000000226
    vertex 676.9935215477669 74.53302738722105 3.0000000000000226
    vertex 677.2361622348863 80.77566807434035 3.0000000000000226
  endloop
endfacet
facet normal -1.1907846953022481e-32 -9.820070158980588e-32 -1.0
  outer loop
    vertex 678.2361622348863 73.5795156516337 3.0000000000000226
    vertex 677.2702364085972 80.51684902923783 3.0000000000000226
    vertex 677.3701368311018 80.27566807434035 3.0000000000000226
  endloop
endfacet
facet normal -1.1907846953022481e-32 -9.820070158980588e-32 -1.0
  outer loop
    vertex 678.2361622348863 73.5795156516337 3.0000000000000226
    vertex 677.3701368311018 80.27566807434035 3.0000000000000226
    vertex 677.5290554536997 80.06856129315379 3.0000000000000226
  endloop
endfacet
facet normal -1.1907846953022481e-32 -9.820070158980588e-32 -1.0
  outer loop
    vertex 678.2361622348863 73.5795156516337 3.0000000000000226
    vertex 677.5290554536997 80.06856129315379 3.0000000000000226
    vertex 677.7361622348863 79.90964267055591 3.0000000000000226
  endloop
endfacet
facet normal -1.1907846953022481e-32 -9.820070158980588e-32 -1.0
  outer loop
    vertex 678.2361622348863 73.5795156516337 3.0000000000000226
    vertex 677.7361622348863 79.90964267055591 3.0000000000000226
    vertex 677.9773431897838 79.80974224805128 3.0000000000000226
  endloop
endfacet
facet normal -1.1907846953022481e-32 -9.820070158980588e-32 -1.0
  outer loop
    vertex 678.2361622348863 73.5795156516337 3.0000000000000226
    vertex 677.9773431897838 79.80974224805128 3.0000000000000226
    vertex 678.2361622348864 79.77566807434035 3.0000000000000226
  endloop
endfacet
facet normal -1.1907846953022481e-32 -9.820070158980588e-32 -1.0
  outer loop
    vertex 678.2361622348863 73.5795156516337 3.0000000000000226
    vertex 678.2361622348864 79.77566807434035 3.0000000000000226
    vertex 679.6832479642711 72.98011311660589 3.0000000000000226
  endloop
endfacet
facet normal -1.1907846953022481e-32 -9.820070158980588e-32 -1.0
  outer loop
    vertex 679.6832479642711 72.98011311660589 3.0000000000000226
    vertex 678.2361622348864 79.77566807434035 3.0000000000000226
    vertex 678.4949812799889 79.80974224805128 3.0000000000000226
  endloop
endfacet
facet normal -1.1907846953022481e-32 -9.820070158980588e-32 -1.0
  outer loop
    vertex 679.6832479642711 72.98011311660589 3.0000000000000226
    vertex 678.4949812799889 79.80974224805128 3.0000000000000226
    vertex 678.7361622348863 79.90964267055591 3.0000000000000226
  endloop
endfacet
facet normal -1.1907846953022481e-32 -9.820070158980588e-32 -1.0
  outer loop
    vertex 679.6832479642711 72.98011311660589 3.0000000000000226
    vertex 678.7361622348863 79.90964267055591 3.0000000000000226
    vertex 678.9432690160728 80.06856129315379 3.0000000000000226
  endloop
endfacet
facet normal -1.1907846953022481e-32 -9.820070158980588e-32 -1.0
  outer loop
    vertex 679.6832479642711 72.98011311660589 3.0000000000000226
    vertex 678.9432690160728 80.06856129315379 3.0000000000000226
    vertex 679.1021876386707 80.27566807434035 3.0000000000000226
  endloop
endfacet
facet normal -1.1907846953022481e-32 -9.820070158980588e-32 -1.0
  outer loop
    vertex 679.6832479642711 72.98011311660589 3.0000000000000226
    vertex 679.1021876386707 80.27566807434035 3.0000000000000226
    vertex 679.2020880611753 80.51684902923783 3.0000000000000226
  endloop
endfacet
facet normal -1.1907846953022481e-32 -9.820070158980588e-32 -1.0
  outer loop
    vertex 679.6832479642711 72.98011311660589 3.0000000000000226
    vertex 679.2020880611753 80.51684902923783 3.0000000000000226
    vertex 679.2361622348863 80.77566807434035 3.0000000000000226
  endloop
endfacet
facet normal -1.1907846953022481e-32 -9.820070158980588e-32 -1.0
  outer loop
    vertex 681.8861622348862 83.57566807434036 3.0000000000000226
    vertex 681.9432690160728 77.4827748555269 3.0000000000000226
    vertex 681.7361622348863 77.64169347812478 3.0000000000000226
  endloop
endfacet
facet normal -1.1907846953022481e-32 -9.820070158980588e-32 -1.0
  outer loop
    vertex 681.9432690160728 77.4827748555269 3.0000000000000226
    vertex 681.8861622348862 83.57566807434036 3.0000000000000226
    vertex 681.9031993217417 83.44625855178911 3.0000000000000226
  endloop
endfacet
facet normal -1.1907846953022481e-32 -9.820070158980588e-32 -1.0
  outer loop
    vertex 681.9432690160728 77.4827748555269 3.0000000000000226
    vertex 681.9031993217417 83.44625855178911 3.0000000000000226
    vertex 681.9531495329941 83.32566807434034 3.0000000000000226
  endloop
endfacet
facet normal -1.1907846953022481e-32 -9.820070158980588e-32 -1.0
  outer loop
    vertex 681.9432690160728 77.4827748555269 3.0000000000000226
    vertex 681.9531495329941 83.32566807434034 3.0000000000000226
    vertex 682.1021876386708 77.27566807434035 3.0000000000000226
  endloop
endfacet
facet normal -1.1907846953022481e-32 -9.820070158980588e-32 -1.0
  outer loop
    vertex 682.1021876386708 77.27566807434035 3.0000000000000226
    vertex 681.9531495329941 83.32566807434034 3.0000000000000226
    vertex 682.0326088442931 83.22211468374708 3.0000000000000226
  endloop
endfacet
facet normal -1.1907846953022481e-32 -9.820070158980588e-32 -1.0
  outer loop
    vertex 682.1021876386708 77.27566807434035 3.0000000000000226
    vertex 682.0326088442931 83.22211468374708 3.0000000000000226
    vertex 682.1361622348863 83.14265537244815 3.0000000000000226
  endloop
endfacet
facet normal -1.1907846953022481e-32 -9.820070158980588e-32 -1.0
  outer loop
    vertex 682.1021876386708 77.27566807434035 3.0000000000000226
    vertex 682.1361622348863 83.14265537244815 3.0000000000000226
    vertex 682.2020880611753 77.03448711944286 3.0000000000000226
  endloop
endfacet
facet normal -1.1907846953022481e-32 -9.820070158980588e-32 -1.0
  outer loop
    vertex 682.2020880611753 77.03448711944286 3.0000000000000226
    vertex 682.1361622348863 83.14265537244815 3.0000000000000226
    vertex 682.256752712335 83.09270516119582 3.0000000000000226
  endloop
endfacet
facet normal -1.1907846953022481e-32 -9.820070158980588e-32 -1.0
  outer loop
    vertex 682.2020880611753 77.03448711944286 3.0000000000000226
    vertex 682.256752712335 83.09270516119582 3.0000000000000226
    vertex 682.2361622348864 76.77566807434035 3.0000000000000226
  endloop
endfacet
facet normal -1.1907846953022481e-32 -9.820070158980588e-32 -1.0
  outer loop
    vertex 669.8863549678002 84.70025780734015 3.0000000000000226
    vertex 671.2361622348863 85.67566807434049 3.0000000000000226
    vertex 673.66655904906 84.90878528244743 3.0000000000000226
  endloop
endfacet
facet normal -1.1907846953022481e-32 -9.820070158980588e-32 -1.0
  outer loop
    vertex 671.2361622348863 85.67566807434049 3.0000000000000226
    vertex 669.8863549678002 84.70025780734015 3.0000000000000226
    vertex 671.2361622348863 88.67566807434048 3.0000000000000226
  endloop
endfacet
facet normal -1.1907846953022481e-32 -9.820070158980588e-32 -1.0
  outer loop
    vertex 673.66655904906 84.90878528244743 3.0000000000000226
    vertex 671.2361622348863 85.67566807434049 3.0000000000000226
    vertex 672.2361622348863 85.67566807434049 3.0000000000000226
  endloop
endfacet
facet normal -1.1907846953022481e-32 -9.820070158980588e-32 -1.0
  outer loop
    vertex 673.66655904906 84.90878528244743 3.0000000000000226
    vertex 672.2361622348863 85.67566807434049 3.0000000000000226
    vertex 673.6665590490599 89.44255086623328 3.0000000000000226
  endloop
endfacet
facet normal -1.1907846953022481e-32 -9.820070158980588e-32 -1.0
  outer loop
    vertex 673.66655904906 84.90878528244743 3.0000000000000226
    vertex 673.6665590490599 89.44255086623328 3.0000000000000226
    vertex 675.2361622348863 89.39063411229998 3.0000000000000226
  endloop
endfacet
facet normal -1.1907846953022481e-32 -9.820070158980588e-32 -1.0
  outer loop
    vertex 673.66655904906 84.90878528244743 3.0000000000000226
    vertex 675.2361622348863 89.39063411229998 3.0000000000000226
    vertex 675.2361622348863 84.96070203638068 3.0000000000000226
  endloop
endfacet
facet normal -1.1907846953022481e-32 -9.820070158980588e-32 -1.0
  outer loop
    vertex 675.2361622348863 84.96070203638068 3.0000000000000226
    vertex 675.2361622348863 89.39063411229998 3.0000000000000226
    vertex 676.1361622348862 88.77566807434049 3.0000000000000226
  endloop
endfacet
facet normal -1.1907846953022481e-32 -9.820070158980588e-32 -1.0
  outer loop
    vertex 676.1361622348862 88.77566807434049 3.0000000000000226
    vertex 675.2361622348863 89.39063411229998 3.0000000000000226
    vertex 677.4504409609048 89.31739384062082 3.0000000000000226
  endloop
endfacet
facet normal -1.1907846953022481e-32 -9.820070158980588e-32 -1.0
  outer loop
    vertex 675.2361622348863 84.96070203638068 3.0000000000000226
    vertex 676.1361622348862 88.77566807434049 3.0000000000000226
    vertex 675.2361622348863 78.77566807434035 3.0000000000000226
  endloop
endfacet
facet normal -1.1907846953022481e-32 -9.820070158980588e-32 -1.0
  outer loop
    vertex 675.2361622348863 78.77566807434035 3.0000000000000226
    vertex 676.1361622348862 88.77566807434049 3.0000000000000226
    vertex 675.4406072771518 77.22275380372521 3.0000000000000226
  endloop
endfacet
facet normal -1.1907846953022481e-32 -9.820070158980588e-32 -1.0
  outer loop
    vertex 675.4406072771518 77.22275380372521 3.0000000000000226
    vertex 676.1361622348862 88.77566807434049 3.0000000000000226
    vertex 676.0400098121796 75.77566807434033 3.0000000000000226
  endloop
endfacet
facet normal -1.1907846953022481e-32 -9.820070158980588e-32 -1.0
  outer loop
    vertex 676.1361622348862 88.77566807434049 3.0000000000000226
    vertex 677.4504409609048 89.31739384062082 3.0000000000000226
    vertex 686.3361622348863 88.77566807434049 3.0000000000000226
  endloop
endfacet
facet normal -1.1907846953022481e-32 -9.820070158980588e-32 -1.0
  outer loop
    vertex 686.3361622348863 88.77566807434049 3.0000000000000226
    vertex 677.4504409609048 89.31739384062082 3.0000000000000226
    vertex 681.2361622348861 89.27566807434035 3.0000000000000226
  endloop
endfacet
facet normal -1.1907846953022481e-32 -9.820070158980588e-32 -1.0
  outer loop
    vertex 686.3361622348863 88.77566807434049 3.0000000000000226
    vertex 681.2361622348861 89.27566807434035 3.0000000000000226
    vertex 685.0218835088676 89.31739384062082 3.0000000000000226
  endloop
endfacet
facet normal -1.1907846953022481e-32 -9.820070158980588e-32 -1.0
  outer loop
    vertex 686.3361622348863 88.77566807434049 3.0000000000000226
    vertex 685.0218835088676 89.31739384062082 3.0000000000000226
    vertex 687.2361622348863 89.39063411230002 3.0000000000000226
  endloop
endfacet
facet normal -1.1907846953022481e-32 -9.820070158980588e-32 -1.0
  outer loop
    vertex 686.3361622348863 88.77566807434049 3.0000000000000226
    vertex 687.2361622348863 89.39063411230002 3.0000000000000226
    vertex 686.3361622348863 85.57566807434047 3.0000000000000226
  endloop
endfacet
facet normal -1.1907846953022481e-32 -9.820070158980588e-32 -1.0
  outer loop
    vertex 686.3361622348863 85.57566807434047 3.0000000000000226
    vertex 687.2361622348863 89.39063411230002 3.0000000000000226
    vertex 686.4323146575929 75.77566807434033 3.0000000000000226
  endloop
endfacet
facet normal -1.1907846953022481e-32 -9.820070158980588e-32 -1.0
  outer loop
    vertex 686.4323146575929 75.77566807434033 3.0000000000000226
    vertex 687.2361622348863 89.39063411230002 3.0000000000000226
    vertex 687.0317171926208 77.22275380372521 3.0000000000000226
  endloop
endfacet
facet normal -1.1907846953022481e-32 -9.820070158980588e-32 -1.0
  outer loop
    vertex 687.0317171926208 77.22275380372521 3.0000000000000226
    vertex 687.2361622348863 89.39063411230002 3.0000000000000226
    vertex 687.2361622348863 78.77566807434035 3.0000000000000226
  endloop
endfacet
facet normal -1.1907846953022481e-32 -9.820070158980588e-32 -1.0
  outer loop
    vertex 687.2361622348863 78.77566807434035 3.0000000000000226
    vertex 687.2361622348863 89.39063411230002 3.0000000000000226
    vertex 687.2361622348863 84.96070203638068 3.0000000000000226
  endloop
endfacet
facet normal -1.1907846953022481e-32 -9.820070158980588e-32 -1.0
  outer loop
    vertex 676.0400098121796 75.77566807434033 3.0000000000000226
    vertex 676.1361622348862 85.57566807434047 3.0000000000000226
    vertex 676.9935215477669 74.53302738722105 3.0000000000000226
  endloop
endfacet
facet normal -1.1907846953022481e-32 -9.820070158980588e-32 -1.0
  outer loop
    vertex 676.1361622348862 85.57566807434047 3.0000000000000226
    vertex 676.0400098121796 75.77566807434033 3.0000000000000226
    vertex 676.1361622348862 88.77566807434049 3.0000000000000226
  endloop
endfacet
facet normal -1.1907846953022481e-32 -9.820070158980588e-32 -1.0
  outer loop
    vertex 676.9935215477669 74.53302738722105 3.0000000000000226
    vertex 676.1361622348862 85.57566807434047 3.0000000000000226
    vertex 677.2361622348863 80.77566807434035 3.0000000000000226
  endloop
endfacet
facet normal -1.1907846953022481e-32 -9.820070158980588e-32 -1.0
  outer loop
    vertex 677.2361622348863 80.77566807434035 3.0000000000000226
    vertex 676.1361622348862 85.57566807434047 3.0000000000000226
    vertex 677.2702364085972 81.03448711944287 3.0000000000000226
  endloop
endfacet
facet normal -1.1907846953022481e-32 -9.820070158980588e-32 -1.0
  outer loop
    vertex 677.2702364085972 81.03448711944287 3.0000000000000226
    vertex 676.1361622348862 85.57566807434047 3.0000000000000226
    vertex 677.3701368311018 81.27566807434036 3.0000000000000226
  endloop
endfacet
facet normal -1.1907846953022481e-32 -9.820070158980588e-32 -1.0
  outer loop
    vertex 677.3701368311018 81.27566807434036 3.0000000000000226
    vertex 676.1361622348862 85.57566807434047 3.0000000000000226
    vertex 677.5290554536997 81.4827748555269 3.0000000000000226
  endloop
endfacet
facet normal -1.1907846953022481e-32 -9.820070158980588e-32 -1.0
  outer loop
    vertex 677.5290554536997 81.4827748555269 3.0000000000000226
    vertex 676.1361622348862 85.57566807434047 3.0000000000000226
    vertex 677.7361622348863 81.64169347812478 3.0000000000000226
  endloop
endfacet
facet normal -1.1907846953022481e-32 -9.820070158980588e-32 -1.0
  outer loop
    vertex 677.7361622348863 81.64169347812478 3.0000000000000226
    vertex 676.1361622348862 85.57566807434047 3.0000000000000226
    vertex 680.9361622348863 84.00868077623258 3.0000000000000226
  endloop
endfacet
facet normal -1.1907846953022481e-32 -9.820070158980588e-32 -1.0
  outer loop
    vertex 680.9361622348863 84.00868077623258 3.0000000000000226
    vertex 676.1361622348862 85.57566807434047 3.0000000000000226
    vertex 681.056752712335 84.0586309874849 3.0000000000000226
  endloop
endfacet
facet normal -1.1907846953022481e-32 -9.820070158980588e-32 -1.0
  outer loop
    vertex 681.056752712335 84.0586309874849 3.0000000000000226
    vertex 676.1361622348862 85.57566807434047 3.0000000000000226
    vertex 686.3361622348863 85.57566807434047 3.0000000000000226
  endloop
endfacet
facet normal -1.1907846953022481e-32 -9.820070158980588e-32 -1.0
  outer loop
    vertex 677.7361622348863 81.64169347812478 3.0000000000000226
    vertex 680.9361622348863 84.00868077623258 3.0000000000000226
    vertex 677.9773431897838 81.74159390062943 3.0000000000000226
  endloop
endfacet
facet normal -1.1907846953022481e-32 -9.820070158980588e-32 -1.0
  outer loop
    vertex 677.9773431897838 81.74159390062943 3.0000000000000226
    vertex 680.9361622348863 84.00868077623258 3.0000000000000226
    vertex 680.832608844293 83.92922146493363 3.0000000000000226
  endloop
endfacet
facet normal -1.1907846953022481e-32 -9.820070158980588e-32 -1.0
  outer loop
    vertex 677.9773431897838 81.74159390062943 3.0000000000000226
    vertex 680.832608844293 83.92922146493363 3.0000000000000226
    vertex 678.2361622348864 81.77566807434035 3.0000000000000226
  endloop
endfacet
facet normal -1.1907846953022481e-32 -9.820070158980588e-32 -1.0
  outer loop
    vertex 678.2361622348864 81.77566807434035 3.0000000000000226
    vertex 680.832608844293 83.92922146493363 3.0000000000000226
    vertex 678.4949812799889 81.74159390062943 3.0000000000000226
  endloop
endfacet
facet normal -1.1907846953022481e-32 -9.820070158980588e-32 -1.0
  outer loop
    vertex 678.4949812799889 81.74159390062943 3.0000000000000226
    vertex 680.832608844293 83.92922146493363 3.0000000000000226
    vertex 678.7361622348863 81.64169347812478 3.0000000000000226
  endloop
endfacet
facet normal -1.1907846953022481e-32 -9.820070158980588e-32 -1.0
  outer loop
    vertex 678.7361622348863 81.64169347812478 3.0000000000000226
    vertex 680.832608844293 83.92922146493363 3.0000000000000226
    vertex 678.9432690160728 81.4827748555269 3.0000000000000226
  endloop
endfacet
facet normal -1.1907846953022481e-32 -9.820070158980588e-32 -1.0
  outer loop
    vertex 678.9432690160728 81.4827748555269 3.0000000000000226
    vertex 680.832608844293 83.92922146493363 3.0000000000000226
    vertex 680.753149532994 83.82566807434037 3.0000000000000226
  endloop
endfacet
facet normal -1.1907846953022481e-32 -9.820070158980588e-32 -1.0
  outer loop
    vertex 678.9432690160728 81.4827748555269 3.0000000000000226
    vertex 680.753149532994 83.82566807434037 3.0000000000000226
    vertex 679.1021876386707 81.27566807434035 3.0000000000000226
  endloop
endfacet
facet normal -1.1907846953022481e-32 -9.820070158980588e-32 -1.0
  outer loop
    vertex 679.1021876386707 81.27566807434035 3.0000000000000226
    vertex 680.753149532994 83.82566807434037 3.0000000000000226
    vertex 679.2020880611753 81.03448711944287 3.0000000000000226
  endloop
endfacet
facet normal -1.1907846953022481e-32 -9.820070158980588e-32 -1.0
  outer loop
    vertex 679.2020880611753 81.03448711944287 3.0000000000000226
    vertex 680.753149532994 83.82566807434037 3.0000000000000226
    vertex 679.2361622348863 80.77566807434035 3.0000000000000226
  endloop
endfacet
facet normal -1.1907846953022481e-32 -9.820070158980588e-32 -1.0
  outer loop
    vertex 679.2361622348863 80.77566807434035 3.0000000000000226
    vertex 680.753149532994 83.82566807434037 3.0000000000000226
    vertex 680.7031993217419 83.7050775968916 3.0000000000000226
  endloop
endfacet
facet normal -1.1907846953022481e-32 -9.820070158980588e-32 -1.0
  outer loop
    vertex 679.2361622348863 80.77566807434035 3.0000000000000226
    vertex 680.7031993217419 83.7050775968916 3.0000000000000226
    vertex 680.6861622348863 83.57566807434036 3.0000000000000226
  endloop
endfacet
facet normal -1.1907846953022481e-32 -9.820070158980588e-32 -1.0
  outer loop
    vertex 679.2361622348863 80.77566807434035 3.0000000000000226
    vertex 680.6861622348863 83.57566807434036 3.0000000000000226
    vertex 679.6832479642711 72.98011311660589 3.0000000000000226
  endloop
endfacet
facet normal -1.1907846953022481e-32 -9.820070158980588e-32 -1.0
  outer loop
    vertex 679.6832479642711 72.98011311660589 3.0000000000000226
    vertex 680.6861622348863 83.57566807434036 3.0000000000000226
    vertex 680.2361622348863 76.77566807434035 3.0000000000000226
  endloop
endfacet
facet normal -1.1907846953022481e-32 -9.820070158980588e-32 -1.0
  outer loop
    vertex 680.2361622348863 76.77566807434035 3.0000000000000226
    vertex 680.6861622348863 83.57566807434036 3.0000000000000226
    vertex 680.2702364085973 77.03448711944286 3.0000000000000226
  endloop
endfacet
facet normal -1.1907846953022481e-32 -9.820070158980588e-32 -1.0
  outer loop
    vertex 680.2702364085973 77.03448711944286 3.0000000000000226
    vertex 680.6861622348863 83.57566807434036 3.0000000000000226
    vertex 680.3701368311018 77.27566807434035 3.0000000000000226
  endloop
endfacet
facet normal -1.1907846953022481e-32 -9.820070158980588e-32 -1.0
  outer loop
    vertex 680.3701368311018 77.27566807434035 3.0000000000000226
    vertex 680.6861622348863 83.57566807434036 3.0000000000000226
    vertex 680.5290554536998 77.4827748555269 3.0000000000000226
  endloop
endfacet
facet normal -1.1907846953022481e-32 -9.820070158980588e-32 -1.0
  outer loop
    vertex 681.056752712335 84.0586309874849 3.0000000000000226
    vertex 686.3361622348863 85.57566807434047 3.0000000000000226
    vertex 681.1861622348863 84.07566807434036 3.0000000000000226
  endloop
endfacet
facet normal -1.1907846953022481e-32 -9.820070158980588e-32 -1.0
  outer loop
    vertex 681.1861622348863 84.07566807434036 3.0000000000000226
    vertex 686.3361622348863 85.57566807434047 3.0000000000000226
    vertex 681.2361622348863 84.069085449461 3.0000000000000226
  endloop
endfacet
facet normal -1.1907846953022481e-32 -9.820070158980588e-32 -1.0
  outer loop
    vertex 681.2361622348863 84.069085449461 3.0000000000000226
    vertex 686.3361622348863 85.57566807434047 3.0000000000000226
    vertex 681.3155717574375 84.0586309874849 3.0000000000000226
  endloop
endfacet
facet normal -1.1907846953022481e-32 -9.820070158980588e-32 -1.0
  outer loop
    vertex 681.3155717574375 84.0586309874849 3.0000000000000226
    vertex 686.3361622348863 85.57566807434047 3.0000000000000226
    vertex 681.4361622348863 84.00868077623258 3.0000000000000226
  endloop
endfacet
facet normal -1.1907846953022481e-32 -9.820070158980588e-32 -1.0
  outer loop
    vertex 681.4361622348863 84.00868077623258 3.0000000000000226
    vertex 686.3361622348863 85.57566807434047 3.0000000000000226
    vertex 681.5397156254796 83.92922146493363 3.0000000000000226
  endloop
endfacet
facet normal -1.1907846953022481e-32 -9.820070158980588e-32 -1.0
  outer loop
    vertex 681.5397156254796 83.92922146493363 3.0000000000000226
    vertex 686.3361622348863 85.57566807434047 3.0000000000000226
    vertex 681.6191749367786 83.82566807434037 3.0000000000000226
  endloop
endfacet
facet normal -1.1907846953022481e-32 -9.820070158980588e-32 -1.0
  outer loop
    vertex 681.6191749367786 83.82566807434037 3.0000000000000226
    vertex 686.3361622348863 85.57566807434047 3.0000000000000226
    vertex 682.256752712335 84.0586309874849 3.0000000000000226
  endloop
endfacet
facet normal -1.1907846953022481e-32 -9.820070158980588e-32 -1.0
  outer loop
    vertex 681.6191749367786 83.82566807434037 3.0000000000000226
    vertex 682.256752712335 84.0586309874849 3.0000000000000226
    vertex 682.1361622348863 84.00868077623258 3.0000000000000226
  endloop
endfacet
facet normal -1.1907846953022481e-32 -9.820070158980588e-32 -1.0
  outer loop
    vertex 681.6191749367786 83.82566807434037 3.0000000000000226
    vertex 682.1361622348863 84.00868077623258 3.0000000000000226
    vertex 681.6691251480307 83.7050775968916 3.0000000000000226
  endloop
endfacet
facet normal -1.1907846953022481e-32 -9.820070158980588e-32 -1.0
  outer loop
    vertex 681.6691251480307 83.7050775968916 3.0000000000000226
    vertex 682.1361622348863 84.00868077623258 3.0000000000000226
    vertex 682.0326088442931 83.92922146493363 3.0000000000000226
  endloop
endfacet
facet normal -1.1907846953022481e-32 -9.820070158980588e-32 -1.0
  outer loop
    vertex 681.6691251480307 83.7050775968916 3.0000000000000226
    vertex 682.0326088442931 83.92922146493363 3.0000000000000226
    vertex 681.6861622348863 83.57566807434036 3.0000000000000226
  endloop
endfacet
facet normal -1.1907846953022481e-32 -9.820070158980588e-32 -1.0
  outer loop
    vertex 681.6861622348863 83.57566807434036 3.0000000000000226
    vertex 682.0326088442931 83.92922146493363 3.0000000000000226
    vertex 681.9531495329941 83.82566807434037 3.0000000000000226
  endloop
endfacet
facet normal -1.1907846953022481e-32 -9.820070158980588e-32 -1.0
  outer loop
    vertex 681.6861622348863 83.57566807434036 3.0000000000000226
    vertex 681.9531495329941 83.82566807434037 3.0000000000000226
    vertex 681.9031993217417 83.7050775968916 3.0000000000000226
  endloop
endfacet
facet normal -1.1907846953022481e-32 -9.820070158980588e-32 -1.0
  outer loop
    vertex 681.6861622348863 83.57566807434036 3.0000000000000226
    vertex 681.9031993217417 83.7050775968916 3.0000000000000226
    vertex 681.8861622348862 83.57566807434036 3.0000000000000226
  endloop
endfacet
facet normal -1.1907846953022481e-32 -9.820070158980588e-32 -1.0
  outer loop
    vertex 681.6861622348863 83.57566807434036 3.0000000000000226
    vertex 681.8861622348862 83.57566807434036 3.0000000000000226
    vertex 681.7361622348863 77.64169347812478 3.0000000000000226
  endloop
endfacet
facet normal -1.1907846953022481e-32 -9.820070158980588e-32 -1.0
  outer loop
    vertex 682.256752712335 84.0586309874849 3.0000000000000226
    vertex 686.3361622348863 85.57566807434047 3.0000000000000226
    vertex 682.3861622348863 84.07566807434036 3.0000000000000226
  endloop
endfacet
facet normal -1.1907846953022481e-32 -9.820070158980588e-32 -1.0
  outer loop
    vertex 682.3861622348863 84.07566807434036 3.0000000000000226
    vertex 686.3361622348863 85.57566807434047 3.0000000000000226
    vertex 682.5155717574376 84.0586309874849 3.0000000000000226
  endloop
endfacet
facet normal -1.1907846953022481e-32 -9.820070158980588e-32 -1.0
  outer loop
    vertex 682.5155717574376 84.0586309874849 3.0000000000000226
    vertex 686.3361622348863 85.57566807434047 3.0000000000000226
    vertex 682.6361622348862 84.00868077623258 3.0000000000000226
  endloop
endfacet
facet normal -1.1907846953022481e-32 -9.820070158980588e-32 -1.0
  outer loop
    vertex 682.6361622348862 84.00868077623258 3.0000000000000226
    vertex 686.3361622348863 85.57566807434047 3.0000000000000226
    vertex 682.7397156254794 83.92922146493363 3.0000000000000226
  endloop
endfacet
facet normal -1.1907846953022481e-32 -9.820070158980588e-32 -1.0
  outer loop
    vertex 682.7397156254794 83.92922146493363 3.0000000000000226
    vertex 686.3361622348863 85.57566807434047 3.0000000000000226
    vertex 682.8191749367785 83.82566807434037 3.0000000000000226
  endloop
endfacet
facet normal -1.1907846953022481e-32 -9.820070158980588e-32 -1.0
  outer loop
    vertex 682.8191749367785 83.82566807434037 3.0000000000000226
    vertex 686.3361622348863 85.57566807434047 3.0000000000000226
    vertex 682.8691251480309 83.7050775968916 3.0000000000000226
  endloop
endfacet
facet normal -1.1907846953022481e-32 -9.820070158980588e-32 -1.0
  outer loop
    vertex 682.8691251480309 83.7050775968916 3.0000000000000226
    vertex 686.3361622348863 85.57566807434047 3.0000000000000226
    vertex 682.8861622348863 83.57566807434036 3.0000000000000226
  endloop
endfacet
facet normal -1.1907846953022481e-32 -9.820070158980588e-32 -1.0
  outer loop
    vertex 682.8861622348863 83.57566807434036 3.0000000000000226
    vertex 686.3361622348863 85.57566807434047 3.0000000000000226
    vertex 683.3701368311018 81.27566807434036 3.0000000000000226
  endloop
endfacet
facet normal -1.1907846953022481e-32 -9.820070158980588e-32 -1.0
  outer loop
    vertex 682.8861622348863 83.57566807434036 3.0000000000000226
    vertex 683.3701368311018 81.27566807434036 3.0000000000000226
    vertex 683.2702364085972 81.03448711944287 3.0000000000000226
  endloop
endfacet
facet normal -1.1907846953022481e-32 -9.820070158980588e-32 -1.0
  outer loop
    vertex 682.8861622348863 83.57566807434036 3.0000000000000226
    vertex 683.2702364085972 81.03448711944287 3.0000000000000226
    vertex 683.2361622348863 80.77566807434035 3.0000000000000226
  endloop
endfacet
facet normal -1.1907846953022481e-32 -9.820070158980588e-32 -1.0
  outer loop
    vertex 683.3701368311018 81.27566807434036 3.0000000000000226
    vertex 686.3361622348863 85.57566807434047 3.0000000000000226
    vertex 683.5290554536997 81.4827748555269 3.0000000000000226
  endloop
endfacet
facet normal -1.1907846953022481e-32 -9.820070158980588e-32 -1.0
  outer loop
    vertex 683.5290554536997 81.4827748555269 3.0000000000000226
    vertex 686.3361622348863 85.57566807434047 3.0000000000000226
    vertex 683.7361622348864 81.64169347812478 3.0000000000000226
  endloop
endfacet
facet normal -1.1907846953022481e-32 -9.820070158980588e-32 -1.0
  outer loop
    vertex 683.7361622348864 81.64169347812478 3.0000000000000226
    vertex 686.3361622348863 85.57566807434047 3.0000000000000226
    vertex 683.9773431897837 81.74159390062943 3.0000000000000226
  endloop
endfacet
facet normal -1.1907846953022481e-32 -9.820070158980588e-32 -1.0
  outer loop
    vertex 683.9773431897837 81.74159390062943 3.0000000000000226
    vertex 686.3361622348863 85.57566807434047 3.0000000000000226
    vertex 684.2361622348863 81.77566807434035 3.0000000000000226
  endloop
endfacet
facet normal -1.1907846953022481e-32 -9.820070158980588e-32 -1.0
  outer loop
    vertex 684.2361622348863 81.77566807434035 3.0000000000000226
    vertex 686.3361622348863 85.57566807434047 3.0000000000000226
    vertex 684.4949812799888 81.74159390062943 3.0000000000000226
  endloop
endfacet
facet normal -1.1907846953022481e-32 -9.820070158980588e-32 -1.0
  outer loop
    vertex 684.4949812799888 81.74159390062943 3.0000000000000226
    vertex 686.3361622348863 85.57566807434047 3.0000000000000226
    vertex 684.7361622348863 81.64169347812478 3.0000000000000226
  endloop
endfacet
facet normal -1.1907846953022481e-32 -9.820070158980588e-32 -1.0
  outer loop
    vertex 684.7361622348863 81.64169347812478 3.0000000000000226
    vertex 686.3361622348863 85.57566807434047 3.0000000000000226
    vertex 684.9432690160728 81.4827748555269 3.0000000000000226
  endloop
endfacet
facet normal -1.1907846953022481e-32 -9.820070158980588e-32 -1.0
  outer loop
    vertex 684.9432690160728 81.4827748555269 3.0000000000000226
    vertex 686.3361622348863 85.57566807434047 3.0000000000000226
    vertex 685.1021876386707 81.27566807434035 3.0000000000000226
  endloop
endfacet
facet normal -1.1907846953022481e-32 -9.820070158980588e-32 -1.0
  outer loop
    vertex 685.1021876386707 81.27566807434035 3.0000000000000226
    vertex 686.3361622348863 85.57566807434047 3.0000000000000226
    vertex 685.2020880611753 81.03448711944287 3.0000000000000226
  endloop
endfacet
facet normal -1.1907846953022481e-32 -9.820070158980588e-32 -1.0
  outer loop
    vertex 685.2020880611753 81.03448711944287 3.0000000000000226
    vertex 686.3361622348863 85.57566807434047 3.0000000000000226
    vertex 685.2361622348863 80.77566807434035 3.0000000000000226
  endloop
endfacet
facet normal -1.1907846953022481e-32 -9.820070158980588e-32 -1.0
  outer loop
    vertex 685.2361622348863 80.77566807434035 3.0000000000000226
    vertex 686.3361622348863 85.57566807434047 3.0000000000000226
    vertex 685.4788029220056 74.53302738722103 3.0000000000000226
  endloop
endfacet
facet normal -1.1907846953022481e-32 -9.820070158980588e-32 -1.0
  outer loop
    vertex 685.4788029220056 74.53302738722103 3.0000000000000226
    vertex 686.3361622348863 85.57566807434047 3.0000000000000226
    vertex 686.4323146575929 75.77566807434033 3.0000000000000226
  endloop
endfacet
facet normal -1.1907846953022481e-32 -9.820070158980588e-32 -1.0
  outer loop
    vertex 679.6832479642711 72.98011311660589 3.0000000000000226
    vertex 680.2702364085973 76.51684902923782 3.0000000000000226
    vertex 681.2361622348863 72.77566807434032 3.0000000000000226
  endloop
endfacet
facet normal -1.1907846953022481e-32 -9.820070158980588e-32 -1.0
  outer loop
    vertex 680.2702364085973 76.51684902923782 3.0000000000000226
    vertex 679.6832479642711 72.98011311660589 3.0000000000000226
    vertex 680.2361622348863 76.77566807434035 3.0000000000000226
  endloop
endfacet
facet normal -1.1907846953022481e-32 -9.820070158980588e-32 -1.0
  outer loop
    vertex 681.2361622348863 72.77566807434032 3.0000000000000226
    vertex 680.2702364085973 76.51684902923782 3.0000000000000226
    vertex 680.3701368311018 76.27566807434035 3.0000000000000226
  endloop
endfacet
facet normal -1.1907846953022481e-32 -9.820070158980588e-32 -1.0
  outer loop
    vertex 681.2361622348863 72.77566807434032 3.0000000000000226
    vertex 680.3701368311018 76.27566807434035 3.0000000000000226
    vertex 680.5290554536998 76.0685612931538 3.0000000000000226
  endloop
endfacet
facet normal -1.1907846953022481e-32 -9.820070158980588e-32 -1.0
  outer loop
    vertex 681.2361622348863 72.77566807434032 3.0000000000000226
    vertex 680.5290554536998 76.0685612931538 3.0000000000000226
    vertex 680.7361622348863 75.90964267055591 3.0000000000000226
  endloop
endfacet
facet normal -1.1907846953022481e-32 -9.820070158980588e-32 -1.0
  outer loop
    vertex 681.2361622348863 72.77566807434032 3.0000000000000226
    vertex 680.7361622348863 75.90964267055591 3.0000000000000226
    vertex 680.9773431897837 75.80974224805126 3.0000000000000226
  endloop
endfacet
facet normal -1.1907846953022481e-32 -9.820070158980588e-32 -1.0
  outer loop
    vertex 681.2361622348863 72.77566807434032 3.0000000000000226
    vertex 680.9773431897837 75.80974224805126 3.0000000000000226
    vertex 681.2361622348863 75.77566807434035 3.0000000000000226
  endloop
endfacet
facet normal -1.1907846953022481e-32 -9.820070158980588e-32 -1.0
  outer loop
    vertex 681.2361622348863 72.77566807434032 3.0000000000000226
    vertex 681.2361622348863 75.77566807434035 3.0000000000000226
    vertex 681.4949812799888 75.80974224805126 3.0000000000000226
  endloop
endfacet
facet normal -1.1907846953022481e-32 -9.820070158980588e-32 -1.0
  outer loop
    vertex 681.2361622348863 72.77566807434032 3.0000000000000226
    vertex 681.4949812799888 75.80974224805126 3.0000000000000226
    vertex 682.7890765055014 72.98011311660589 3.0000000000000226
  endloop
endfacet
facet normal -1.1907846953022481e-32 -9.820070158980588e-32 -1.0
  outer loop
    vertex 682.7890765055014 72.98011311660589 3.0000000000000226
    vertex 681.4949812799888 75.80974224805126 3.0000000000000226
    vertex 681.7361622348863 75.90964267055591 3.0000000000000226
  endloop
endfacet
facet normal -1.1907846953022481e-32 -9.820070158980588e-32 -1.0
  outer loop
    vertex 682.7890765055014 72.98011311660589 3.0000000000000226
    vertex 681.7361622348863 75.90964267055591 3.0000000000000226
    vertex 681.9432690160728 76.0685612931538 3.0000000000000226
  endloop
endfacet
facet normal -1.1907846953022481e-32 -9.820070158980588e-32 -1.0
  outer loop
    vertex 682.7890765055014 72.98011311660589 3.0000000000000226
    vertex 681.9432690160728 76.0685612931538 3.0000000000000226
    vertex 682.1021876386708 76.27566807434035 3.0000000000000226
  endloop
endfacet
facet normal -1.1907846953022481e-32 -9.820070158980588e-32 -1.0
  outer loop
    vertex 682.7890765055014 72.98011311660589 3.0000000000000226
    vertex 682.1021876386708 76.27566807434035 3.0000000000000226
    vertex 682.2020880611753 76.51684902923782 3.0000000000000226
  endloop
endfacet
facet normal -1.1907846953022481e-32 -9.820070158980588e-32 -1.0
  outer loop
    vertex 682.7890765055014 72.98011311660589 3.0000000000000226
    vertex 682.2020880611753 76.51684902923782 3.0000000000000226
    vertex 682.2361622348864 76.77566807434035 3.0000000000000226
  endloop
endfacet
facet normal -1.1907846953022481e-32 -9.820070158980588e-32 -1.0
  outer loop
    vertex 682.7890765055014 72.98011311660589 3.0000000000000226
    vertex 682.2361622348864 76.77566807434035 3.0000000000000226
    vertex 682.256752712335 83.09270516119582 3.0000000000000226
  endloop
endfacet
facet normal -1.1907846953022481e-32 -9.820070158980588e-32 -1.0
  outer loop
    vertex 682.7890765055014 72.98011311660589 3.0000000000000226
    vertex 682.256752712335 83.09270516119582 3.0000000000000226
    vertex 682.3861622348863 83.07566807434036 3.0000000000000226
  endloop
endfacet
facet normal -1.1907846953022481e-32 -9.820070158980588e-32 -1.0
  outer loop
    vertex 682.7890765055014 72.98011311660589 3.0000000000000226
    vertex 682.3861622348863 83.07566807434036 3.0000000000000226
    vertex 682.5155717574376 83.09270516119582 3.0000000000000226
  endloop
endfacet
facet normal -1.1907846953022481e-32 -9.820070158980588e-32 -1.0
  outer loop
    vertex 682.7890765055014 72.98011311660589 3.0000000000000226
    vertex 682.5155717574376 83.09270516119582 3.0000000000000226
    vertex 682.6361622348862 83.14265537244815 3.0000000000000226
  endloop
endfacet
facet normal -1.1907846953022481e-32 -9.820070158980588e-32 -1.0
  outer loop
    vertex 682.7890765055014 72.98011311660589 3.0000000000000226
    vertex 682.6361622348862 83.14265537244815 3.0000000000000226
    vertex 682.7397156254794 83.22211468374708 3.0000000000000226
  endloop
endfacet
facet normal -1.1907846953022481e-32 -9.820070158980588e-32 -1.0
  outer loop
    vertex 682.7890765055014 72.98011311660589 3.0000000000000226
    vertex 682.7397156254794 83.22211468374708 3.0000000000000226
    vertex 682.8191749367785 83.32566807434034 3.0000000000000226
  endloop
endfacet
facet normal -1.1907846953022481e-32 -9.820070158980588e-32 -1.0
  outer loop
    vertex 682.7890765055014 72.98011311660589 3.0000000000000226
    vertex 682.8191749367785 83.32566807434034 3.0000000000000226
    vertex 684.2361622348863 73.57951565163367 3.0000000000000226
  endloop
endfacet
facet normal -1.1907846953022481e-32 -9.820070158980588e-32 -1.0
  outer loop
    vertex 684.2361622348863 73.57951565163367 3.0000000000000226
    vertex 682.8191749367785 83.32566807434034 3.0000000000000226
    vertex 683.2702364085972 80.51684902923783 3.0000000000000226
  endloop
endfacet
facet normal -1.1907846953022481e-32 -9.820070158980588e-32 -1.0
  outer loop
    vertex 683.2702364085972 80.51684902923783 3.0000000000000226
    vertex 682.8191749367785 83.32566807434034 3.0000000000000226
    vertex 682.8691251480309 83.44625855178911 3.0000000000000226
  endloop
endfacet
facet normal -1.1907846953022481e-32 -9.820070158980588e-32 -1.0
  outer loop
    vertex 683.2702364085972 80.51684902923783 3.0000000000000226
    vertex 682.8691251480309 83.44625855178911 3.0000000000000226
    vertex 683.2361622348863 80.77566807434035 3.0000000000000226
  endloop
endfacet
facet normal -1.1907846953022481e-32 -9.820070158980588e-32 -1.0
  outer loop
    vertex 683.2361622348863 80.77566807434035 3.0000000000000226
    vertex 682.8691251480309 83.44625855178911 3.0000000000000226
    vertex 682.8861622348863 83.57566807434036 3.0000000000000226
  endloop
endfacet
facet normal -1.1907846953022481e-32 -9.820070158980588e-32 -1.0
  outer loop
    vertex 684.2361622348863 73.57951565163367 3.0000000000000226
    vertex 683.2702364085972 80.51684902923783 3.0000000000000226
    vertex 683.3701368311018 80.27566807434035 3.0000000000000226
  endloop
endfacet
facet normal -1.1907846953022481e-32 -9.820070158980588e-32 -1.0
  outer loop
    vertex 684.2361622348863 73.57951565163367 3.0000000000000226
    vertex 683.3701368311018 80.27566807434035 3.0000000000000226
    vertex 683.5290554536997 80.06856129315379 3.0000000000000226
  endloop
endfacet
facet normal -1.1907846953022481e-32 -9.820070158980588e-32 -1.0
  outer loop
    vertex 684.2361622348863 73.57951565163367 3.0000000000000226
    vertex 683.5290554536997 80.06856129315379 3.0000000000000226
    vertex 683.7361622348863 79.90964267055591 3.0000000000000226
  endloop
endfacet
facet normal -1.1907846953022481e-32 -9.820070158980588e-32 -1.0
  outer loop
    vertex 684.2361622348863 73.57951565163367 3.0000000000000226
    vertex 683.7361622348863 79.90964267055591 3.0000000000000226
    vertex 683.9773431897837 79.80974224805128 3.0000000000000226
  endloop
endfacet
facet normal -1.1907846953022481e-32 -9.820070158980588e-32 -1.0
  outer loop
    vertex 684.2361622348863 73.57951565163367 3.0000000000000226
    vertex 683.9773431897837 79.80974224805128 3.0000000000000226
    vertex 684.2361622348863 79.77566807434035 3.0000000000000226
  endloop
endfacet
facet normal -1.1907846953022481e-32 -9.820070158980588e-32 -1.0
  outer loop
    vertex 684.2361622348863 73.57951565163367 3.0000000000000226
    vertex 684.2361622348863 79.77566807434035 3.0000000000000226
    vertex 684.4949812799888 79.80974224805128 3.0000000000000226
  endloop
endfacet
facet normal -1.1907846953022481e-32 -9.820070158980588e-32 -1.0
  outer loop
    vertex 684.2361622348863 73.57951565163367 3.0000000000000226
    vertex 684.4949812799888 79.80974224805128 3.0000000000000226
    vertex 685.4788029220056 74.53302738722103 3.0000000000000226
  endloop
endfacet
facet normal -1.1907846953022481e-32 -9.820070158980588e-32 -1.0
  outer loop
    vertex 685.4788029220056 74.53302738722103 3.0000000000000226
    vertex 684.4949812799888 79.80974224805128 3.0000000000000226
    vertex 684.7361622348863 79.90964267055591 3.0000000000000226
  endloop
endfacet
facet normal -1.1907846953022481e-32 -9.820070158980588e-32 -1.0
  outer loop
    vertex 685.4788029220056 74.53302738722103 3.0000000000000226
    vertex 684.7361622348863 79.90964267055591 3.0000000000000226
    vertex 684.9432690160728 80.06856129315379 3.0000000000000226
  endloop
endfacet
facet normal -1.1907846953022481e-32 -9.820070158980588e-32 -1.0
  outer loop
    vertex 685.4788029220056 74.53302738722103 3.0000000000000226
    vertex 684.9432690160728 80.06856129315379 3.0000000000000226
    vertex 685.1021876386707 80.27566807434035 3.0000000000000226
  endloop
endfacet
facet normal -1.1907846953022481e-32 -9.820070158980588e-32 -1.0
  outer loop
    vertex 685.4788029220056 74.53302738722103 3.0000000000000226
    vertex 685.1021876386707 80.27566807434035 3.0000000000000226
    vertex 685.2020880611753 80.51684902923783 3.0000000000000226
  endloop
endfacet
facet normal -1.1907846953022481e-32 -9.820070158980588e-32 -1.0
  outer loop
    vertex 685.4788029220056 74.53302738722103 3.0000000000000226
    vertex 685.2020880611753 80.51684902923783 3.0000000000000226
    vertex 685.2361622348863 80.77566807434035 3.0000000000000226
  endloop
endfacet
facet normal -1.1907846953022481e-32 -9.820070158980588e-32 -1.0
  outer loop
    vertex 655.1088292602457 88.10741663670946 3.0000000000000226
    vertex 655.1088292602457 86.2439195119713 3.0000000000000226
    vertex 654.9861622348863 87.17566807434038 3.0000000000000226
  endloop
endfacet
facet normal -1.1907846953022481e-32 -9.820070158980588e-32 -1.0
  outer loop
    vertex 655.1088292602457 86.2439195119713 3.0000000000000226
    vertex 655.1088292602457 88.10741663670946 3.0000000000000226
    vertex 655.4684707812623 88.97566807434038 3.0000000000000226
  endloop
endfacet
facet normal -1.1907846953022481e-32 -9.820070158980588e-32 -1.0
  outer loop
    vertex 655.1088292602457 86.2439195119713 3.0000000000000226
    vertex 655.4684707812623 88.97566807434038 3.0000000000000226
    vertex 655.4684707812623 85.37566807434035 3.0000000000000226
  endloop
endfacet
facet normal -1.1907846953022481e-32 -9.820070158980588e-32 -1.0
  outer loop
    vertex 655.4684707812623 85.37566807434035 3.0000000000000226
    vertex 655.4684707812623 88.97566807434038 3.0000000000000226
    vertex 656.0405778226148 89.72125248661195 3.0000000000000226
  endloop
endfacet
facet normal -1.1907846953022481e-32 -9.820070158980588e-32 -1.0
  outer loop
    vertex 655.4684707812623 85.37566807434035 3.0000000000000226
    vertex 656.0405778226148 89.72125248661195 3.0000000000000226
    vertex 656.0405778226148 84.63008366206878 3.0000000000000226
  endloop
endfacet
facet normal -1.1907846953022481e-32 -9.820070158980588e-32 -1.0
  outer loop
    vertex 656.0405778226148 84.63008366206878 3.0000000000000226
    vertex 656.0405778226148 89.72125248661195 3.0000000000000226
    vertex 656.7861622348863 90.29335952796433 3.0000000000000226
  endloop
endfacet
facet normal -1.1907846953022481e-32 -9.820070158980588e-32 -1.0
  outer loop
    vertex 656.0405778226148 84.63008366206878 3.0000000000000226
    vertex 656.7861622348863 90.29335952796433 3.0000000000000226
    vertex 656.5861622348863 87.17566807434038 3.0000000000000226
  endloop
endfacet
facet normal -1.1907846953022481e-32 -9.820070158980588e-32 -1.0
  outer loop
    vertex 656.5861622348863 87.17566807434038 3.0000000000000226
    vertex 656.7861622348863 90.29335952796433 3.0000000000000226
    vertex 656.6543105823082 87.6933061645454 3.0000000000000226
  endloop
endfacet
facet normal -1.1907846953022481e-32 -9.820070158980588e-32 -1.0
  outer loop
    vertex 656.6543105823082 87.6933061645454 3.0000000000000226
    vertex 656.7861622348863 90.29335952796433 3.0000000000000226
    vertex 656.8541114273174 88.17566807434038 3.0000000000000226
  endloop
endfacet
facet normal -1.1907846953022481e-32 -9.820070158980588e-32 -1.0
  outer loop
    vertex 656.8541114273174 88.17566807434038 3.0000000000000226
    vertex 656.7861622348863 90.29335952796433 3.0000000000000226
    vertex 657.6544136725172 90.65300104898098 3.0000000000000226
  endloop
endfacet
facet normal -1.1907846953022481e-32 -9.820070158980588e-32 -1.0
  outer loop
    vertex 656.8541114273174 88.17566807434038 3.0000000000000226
    vertex 657.6544136725172 90.65300104898098 3.0000000000000226
    vertex 657.1719486725132 88.58988163671343 3.0000000000000226
  endloop
endfacet
facet normal -1.1907846953022481e-32 -9.820070158980588e-32 -1.0
  outer loop
    vertex 657.1719486725132 88.58988163671343 3.0000000000000226
    vertex 657.6544136725172 90.65300104898098 3.0000000000000226
    vertex 657.5861622348864 88.90771888190925 3.0000000000000226
  endloop
endfacet
facet normal -1.1907846953022481e-32 -9.820070158980588e-32 -1.0
  outer loop
    vertex 657.5861622348864 88.90771888190925 3.0000000000000226
    vertex 657.6544136725172 90.65300104898098 3.0000000000000226
    vertex 658.0685241446812 89.1075197269185 3.0000000000000226
  endloop
endfacet
facet normal -1.1907846953022481e-32 -9.820070158980588e-32 -1.0
  outer loop
    vertex 658.0685241446812 89.1075197269185 3.0000000000000226
    vertex 657.6544136725172 90.65300104898098 3.0000000000000226
    vertex 658.5861622348863 90.77566807434037 3.0000000000000226
  endloop
endfacet
facet normal -1.1907846953022481e-32 -9.820070158980588e-32 -1.0
  outer loop
    vertex 658.0685241446812 89.1075197269185 3.0000000000000226
    vertex 658.5861622348863 90.77566807434037 3.0000000000000226
    vertex 658.5861622348863 89.17566807434036 3.0000000000000226
  endloop
endfacet
facet normal -1.1907846953022481e-32 -9.820070158980588e-32 -1.0
  outer loop
    vertex 658.5861622348863 89.17566807434036 3.0000000000000226
    vertex 658.5861622348863 90.77566807434037 3.0000000000000226
    vertex 659.5179107972554 90.65300104898098 3.0000000000000226
  endloop
endfacet
facet normal -1.1907846953022481e-32 -9.820070158980588e-32 -1.0
  outer loop
    vertex 658.5861622348863 89.17566807434036 3.0000000000000226
    vertex 659.5179107972554 90.65300104898098 3.0000000000000226
    vertex 659.1038003250914 89.1075197269185 3.0000000000000226
  endloop
endfacet
facet normal -1.1907846953022481e-32 -9.820070158980588e-32 -1.0
  outer loop
    vertex 659.1038003250914 89.1075197269185 3.0000000000000226
    vertex 659.5179107972554 90.65300104898098 3.0000000000000226
    vertex 659.5861622348863 88.90771888190925 3.0000000000000226
  endloop
endfacet
facet normal -1.1907846953022481e-32 -9.820070158980588e-32 -1.0
  outer loop
    vertex 659.5861622348863 88.90771888190925 3.0000000000000226
    vertex 659.5179107972554 90.65300104898098 3.0000000000000226
    vertex 662.3443243437383 90.31779891460538 3.0000000000000226
  endloop
endfacet
facet normal -1.1907846953022481e-32 -9.820070158980588e-32 -1.0
  outer loop
    vertex 659.5861622348863 88.90771888190925 3.0000000000000226
    vertex 662.3443243437383 90.31779891460538 3.0000000000000226
    vertex 660.0003757972594 88.58988163671343 3.0000000000000226
  endloop
endfacet
facet normal -1.1907846953022481e-32 -9.820070158980588e-32 -1.0
  outer loop
    vertex 660.0003757972594 88.58988163671343 3.0000000000000226
    vertex 662.3443243437383 90.31779891460538 3.0000000000000226
    vertex 660.3182130424551 88.17566807434038 3.0000000000000226
  endloop
endfacet
facet normal -1.1907846953022481e-32 -9.820070158980588e-32 -1.0
  outer loop
    vertex 660.3182130424551 88.17566807434038 3.0000000000000226
    vertex 662.3443243437383 90.31779891460538 3.0000000000000226
    vertex 660.5180138874643 87.6933061645454 3.0000000000000226
  endloop
endfacet
facet normal -1.1907846953022481e-32 -9.820070158980588e-32 -1.0
  outer loop
    vertex 660.5180138874643 87.6933061645454 3.0000000000000226
    vertex 662.3443243437383 90.31779891460538 3.0000000000000226
    vertex 660.5861622348863 87.17566807434038 3.0000000000000226
  endloop
endfacet
facet normal -1.1907846953022481e-32 -9.820070158980588e-32 -1.0
  outer loop
    vertex 656.5861622348863 87.17566807434038 3.0000000000000226
    vertex 656.7861622348863 84.05797662071637 3.0000000000000226
    vertex 656.0405778226148 84.63008366206878 3.0000000000000226
  endloop
endfacet
facet normal -1.1907846953022481e-32 -9.820070158980588e-32 -1.0
  outer loop
    vertex 656.7861622348863 84.05797662071637 3.0000000000000226
    vertex 656.5861622348863 87.17566807434038 3.0000000000000226
    vertex 656.6543105823082 86.65802998413531 3.0000000000000226
  endloop
endfacet
facet normal -1.1907846953022481e-32 -9.820070158980588e-32 -1.0
  outer loop
    vertex 656.7861622348863 84.05797662071637 3.0000000000000226
    vertex 656.6543105823082 86.65802998413531 3.0000000000000226
    vertex 656.8541114273174 86.17566807434035 3.0000000000000226
  endloop
endfacet
facet normal -1.1907846953022481e-32 -9.820070158980588e-32 -1.0
  outer loop
    vertex 656.7861622348863 84.05797662071637 3.0000000000000226
    vertex 656.8541114273174 86.17566807434035 3.0000000000000226
    vertex 657.6544136725172 83.69833509969973 3.0000000000000226
  endloop
endfacet
facet normal -1.1907846953022481e-32 -9.820070158980588e-32 -1.0
  outer loop
    vertex 657.6544136725172 83.69833509969973 3.0000000000000226
    vertex 656.8541114273174 86.17566807434035 3.0000000000000226
    vertex 657.1719486725132 85.76145451196727 3.0000000000000226
  endloop
endfacet
facet normal -1.1907846953022481e-32 -9.820070158980588e-32 -1.0
  outer loop
    vertex 657.6544136725172 83.69833509969973 3.0000000000000226
    vertex 657.1719486725132 85.76145451196727 3.0000000000000226
    vertex 657.5861622348864 85.44361726677147 3.0000000000000226
  endloop
endfacet
facet normal -1.1907846953022481e-32 -9.820070158980588e-32 -1.0
  outer loop
    vertex 657.6544136725172 83.69833509969973 3.0000000000000226
    vertex 657.5861622348864 85.44361726677147 3.0000000000000226
    vertex 658.0685241446812 85.2438164217622 3.0000000000000226
  endloop
endfacet
facet normal -1.1907846953022481e-32 -9.820070158980588e-32 -1.0
  outer loop
    vertex 657.6544136725172 83.69833509969973 3.0000000000000226
    vertex 658.0685241446812 85.2438164217622 3.0000000000000226
    vertex 658.5861622348863 83.57566807434036 3.0000000000000226
  endloop
endfacet
facet normal -1.1907846953022481e-32 -9.820070158980588e-32 -1.0
  outer loop
    vertex 658.5861622348863 83.57566807434036 3.0000000000000226
    vertex 658.0685241446812 85.2438164217622 3.0000000000000226
    vertex 658.5861622348863 85.17566807434035 3.0000000000000226
  endloop
endfacet
facet normal -1.1907846953022481e-32 -9.820070158980588e-32 -1.0
  outer loop
    vertex 658.5861622348863 83.57566807434036 3.0000000000000226
    vertex 658.5861622348863 85.17566807434035 3.0000000000000226
    vertex 659.1038003250914 85.2438164217622 3.0000000000000226
  endloop
endfacet
facet normal -1.1907846953022481e-32 -9.820070158980588e-32 -1.0
  outer loop
    vertex 658.5861622348863 83.57566807434036 3.0000000000000226
    vertex 659.1038003250914 85.2438164217622 3.0000000000000226
    vertex 659.5179107972554 83.69833509969973 3.0000000000000226
  endloop
endfacet
facet normal -1.1907846953022481e-32 -9.820070158980588e-32 -1.0
  outer loop
    vertex 659.5179107972554 83.69833509969973 3.0000000000000226
    vertex 659.1038003250914 85.2438164217622 3.0000000000000226
    vertex 659.5861622348863 85.44361726677147 3.0000000000000226
  endloop
endfacet
facet normal -1.1907846953022481e-32 -9.820070158980588e-32 -1.0
  outer loop
    vertex 659.5179107972554 83.69833509969973 3.0000000000000226
    vertex 659.5861622348863 85.44361726677147 3.0000000000000226
    vertex 662.3443243437383 84.03353723407534 3.0000000000000226
  endloop
endfacet
facet normal -1.1907846953022481e-32 -9.820070158980588e-32 -1.0
  outer loop
    vertex 662.3443243437383 84.03353723407534 3.0000000000000226
    vertex 659.5861622348863 85.44361726677147 3.0000000000000226
    vertex 660.0003757972594 85.76145451196727 3.0000000000000226
  endloop
endfacet
facet normal -1.1907846953022481e-32 -9.820070158980588e-32 -1.0
  outer loop
    vertex 662.3443243437383 84.03353723407534 3.0000000000000226
    vertex 660.0003757972594 85.76145451196727 3.0000000000000226
    vertex 660.3182130424551 86.17566807434035 3.0000000000000226
  endloop
endfacet
facet normal -1.1907846953022481e-32 -9.820070158980588e-32 -1.0
  outer loop
    vertex 662.3443243437383 84.03353723407534 3.0000000000000226
    vertex 660.3182130424551 86.17566807434035 3.0000000000000226
    vertex 660.5180138874643 86.65802998413531 3.0000000000000226
  endloop
endfacet
facet normal -1.1907846953022481e-32 -9.820070158980588e-32 -1.0
  outer loop
    vertex 662.3443243437383 84.03353723407534 3.0000000000000226
    vertex 660.5180138874643 86.65802998413531 3.0000000000000226
    vertex 660.5861622348863 87.17566807434038 3.0000000000000226
  endloop
endfacet
facet normal -1.1907846953022481e-32 -9.820070158980588e-32 -1.0
  outer loop
    vertex 662.3443243437383 84.03353723407534 3.0000000000000226
    vertex 660.5861622348863 87.17566807434038 3.0000000000000226
    vertex 662.3443243437383 90.31779891460538 3.0000000000000226
  endloop
endfacet
facet normal -1.1907846953022481e-32 -9.820070158980588e-32 -1.0
  outer loop
    vertex 662.3443243437383 84.03353723407534 3.0000000000000226
    vertex 662.3443243437383 90.31779891460538 3.0000000000000226
    vertex 666.1116653986328 89.94287494904304 3.0000000000000226
  endloop
endfacet
facet normal -1.1907846953022481e-32 -9.820070158980588e-32 -1.0
  outer loop
    vertex 662.3443243437383 84.03353723407534 3.0000000000000226
    vertex 666.1116653986328 89.94287494904304 3.0000000000000226
    vertex 666.1116653986329 84.40846119963766 3.0000000000000226
  endloop
endfacet
facet normal -1.1907846953022481e-32 -9.820070158980588e-32 -1.0
  outer loop
    vertex 666.1116653986329 84.40846119963766 3.0000000000000226
    vertex 666.1116653986328 89.94287494904304 3.0000000000000226
    vertex 669.8863549678002 89.65107834134055 3.0000000000000226
  endloop
endfacet
facet normal -1.1907846953022481e-32 -9.820070158980588e-32 -1.0
  outer loop
    vertex 666.1116653986329 84.40846119963766 3.0000000000000226
    vertex 669.8863549678002 89.65107834134055 3.0000000000000226
    vertex 669.8863549678002 84.70025780734015 3.0000000000000226
  endloop
endfacet
facet normal -1.1907846953022481e-32 -9.820070158980588e-32 -1.0
  outer loop
    vertex 669.8863549678002 84.70025780734015 3.0000000000000226
    vertex 669.8863549678002 89.65107834134055 3.0000000000000226
    vertex 671.2361622348863 88.67566807434048 3.0000000000000226
  endloop
endfacet
facet normal -1.1907846953022481e-32 -9.820070158980588e-32 -1.0
  outer loop
    vertex 671.2361622348863 88.67566807434048 3.0000000000000226
    vertex 669.8863549678002 89.65107834134055 3.0000000000000226
    vertex 673.6665590490599 89.44255086623328 3.0000000000000226
  endloop
endfacet
facet normal -1.1907846953022481e-32 -9.820070158980588e-32 -1.0
  outer loop
    vertex 671.2361622348863 88.67566807434048 3.0000000000000226
    vertex 673.6665590490599 89.44255086623328 3.0000000000000226
    vertex 672.2361622348863 88.67566807434048 3.0000000000000226
  endloop
endfacet
facet normal -1.1907846953022481e-32 -9.820070158980588e-32 -1.0
  outer loop
    vertex 672.2361622348863 88.67566807434048 3.0000000000000226
    vertex 673.6665590490599 89.44255086623328 3.0000000000000226
    vertex 672.2361622348863 85.67566807434049 3.0000000000000226
  endloop
endfacet
facet normal -1.1907846953022481e-32 -9.820070158980588e-32 -1.0
  outer loop
    vertex 688.8057654207126 84.90878528244743 3.0000000000000226
    vertex 690.2361622348863 85.67566807434049 3.0000000000000226
    vertex 692.5859695019724 84.70025780734015 3.0000000000000226
  endloop
endfacet
facet normal -1.1907846953022481e-32 -9.820070158980588e-32 -1.0
  outer loop
    vertex 690.2361622348863 85.67566807434049 3.0000000000000226
    vertex 688.8057654207126 84.90878528244743 3.0000000000000226
    vertex 690.2361622348863 88.67566807434048 3.0000000000000226
  endloop
endfacet
facet normal -1.1907846953022481e-32 -9.820070158980588e-32 -1.0
  outer loop
    vertex 692.5859695019724 84.70025780734015 3.0000000000000226
    vertex 690.2361622348863 85.67566807434049 3.0000000000000226
    vertex 691.2361622348864 85.67566807434049 3.0000000000000226
  endloop
endfacet
facet normal -1.1907846953022481e-32 -9.820070158980588e-32 -1.0
  outer loop
    vertex 692.5859695019724 84.70025780734015 3.0000000000000226
    vertex 691.2361622348864 85.67566807434049 3.0000000000000226
    vertex 692.5859695019724 89.65107834134051 3.0000000000000226
  endloop
endfacet
facet normal -1.1907846953022481e-32 -9.820070158980588e-32 -1.0
  outer loop
    vertex 692.5859695019724 84.70025780734015 3.0000000000000226
    vertex 692.5859695019724 89.65107834134051 3.0000000000000226
    vertex 696.3606590711396 89.942874949043 3.0000000000000226
  endloop
endfacet
facet normal -1.1907846953022481e-32 -9.820070158980588e-32 -1.0
  outer loop
    vertex 692.5859695019724 84.70025780734015 3.0000000000000226
    vertex 696.3606590711396 89.942874949043 3.0000000000000226
    vertex 696.3606590711397 84.40846119963766 3.0000000000000226
  endloop
endfacet
facet normal -1.1907846953022481e-32 -9.820070158980588e-32 -1.0
  outer loop
    vertex 696.3606590711397 84.40846119963766 3.0000000000000226
    vertex 696.3606590711396 89.942874949043 3.0000000000000226
    vertex 700.1280001260342 90.31779891460538 3.0000000000000226
  endloop
endfacet
facet normal -1.1907846953022481e-32 -9.820070158980588e-32 -1.0
  outer loop
    vertex 696.3606590711397 84.40846119963766 3.0000000000000226
    vertex 700.1280001260342 90.31779891460538 3.0000000000000226
    vertex 700.1280001260343 84.03353723407528 3.0000000000000226
  endloop
endfacet
facet normal -1.1907846953022481e-32 -9.820070158980588e-32 -1.0
  outer loop
    vertex 700.1280001260343 84.03353723407528 3.0000000000000226
    vertex 700.1280001260342 90.31779891460538 3.0000000000000226
    vertex 702.9544136725171 90.65300104898098 3.0000000000000226
  endloop
endfacet
facet normal -1.1907846953022481e-32 -9.820070158980588e-32 -1.0
  outer loop
    vertex 700.1280001260343 84.03353723407528 3.0000000000000226
    vertex 702.9544136725171 90.65300104898098 3.0000000000000226
    vertex 701.9543105823082 87.6933061645454 3.0000000000000226
  endloop
endfacet
facet normal -1.1907846953022481e-32 -9.820070158980588e-32 -1.0
  outer loop
    vertex 700.1280001260343 84.03353723407528 3.0000000000000226
    vertex 701.9543105823082 87.6933061645454 3.0000000000000226
    vertex 701.8861622348862 87.17566807434038 3.0000000000000226
  endloop
endfacet
facet normal -1.1907846953022481e-32 -9.820070158980588e-32 -1.0
  outer loop
    vertex 701.9543105823082 87.6933061645454 3.0000000000000226
    vertex 702.9544136725171 90.65300104898098 3.0000000000000226
    vertex 702.1541114273174 88.17566807434038 3.0000000000000226
  endloop
endfacet
facet normal -1.1907846953022481e-32 -9.820070158980588e-32 -1.0
  outer loop
    vertex 702.1541114273174 88.17566807434038 3.0000000000000226
    vertex 702.9544136725171 90.65300104898098 3.0000000000000226
    vertex 702.4719486725131 88.58988163671343 3.0000000000000226
  endloop
endfacet
facet normal -1.1907846953022481e-32 -9.820070158980588e-32 -1.0
  outer loop
    vertex 702.4719486725131 88.58988163671343 3.0000000000000226
    vertex 702.9544136725171 90.65300104898098 3.0000000000000226
    vertex 702.8861622348863 88.90771888190925 3.0000000000000226
  endloop
endfacet
facet normal -1.1907846953022481e-32 -9.820070158980588e-32 -1.0
  outer loop
    vertex 702.8861622348863 88.90771888190925 3.0000000000000226
    vertex 702.9544136725171 90.65300104898098 3.0000000000000226
    vertex 703.3685241446811 89.1075197269185 3.0000000000000226
  endloop
endfacet
facet normal -1.1907846953022481e-32 -9.820070158980588e-32 -1.0
  outer loop
    vertex 703.3685241446811 89.1075197269185 3.0000000000000226
    vertex 702.9544136725171 90.65300104898098 3.0000000000000226
    vertex 703.8861622348862 90.77566807434037 3.0000000000000226
  endloop
endfacet
facet normal -1.1907846953022481e-32 -9.820070158980588e-32 -1.0
  outer loop
    vertex 703.3685241446811 89.1075197269185 3.0000000000000226
    vertex 703.8861622348862 90.77566807434037 3.0000000000000226
    vertex 703.8861622348862 89.17566807434036 3.0000000000000226
  endloop
endfacet
facet normal -1.1907846953022481e-32 -9.820070158980588e-32 -1.0
  outer loop
    vertex 703.8861622348862 89.17566807434036 3.0000000000000226
    vertex 703.8861622348862 90.77566807434037 3.0000000000000226
    vertex 704.8179107972554 90.65300104898098 3.0000000000000226
  endloop
endfacet
facet normal -1.1907846953022481e-32 -9.820070158980588e-32 -1.0
  outer loop
    vertex 703.8861622348862 89.17566807434036 3.0000000000000226
    vertex 704.8179107972554 90.65300104898098 3.0000000000000226
    vertex 704.4038003250913 89.1075197269185 3.0000000000000226
  endloop
endfacet
facet normal -1.1907846953022481e-32 -9.820070158980588e-32 -1.0
  outer loop
    vertex 704.4038003250913 89.1075197269185 3.0000000000000226
    vertex 704.8179107972554 90.65300104898098 3.0000000000000226
    vertex 704.8861622348862 88.90771888190925 3.0000000000000226
  endloop
endfacet
facet normal -1.1907846953022481e-32 -9.820070158980588e-32 -1.0
  outer loop
    vertex 704.8861622348862 88.90771888190925 3.0000000000000226
    vertex 704.8179107972554 90.65300104898098 3.0000000000000226
    vertex 705.6861622348862 90.29335952796433 3.0000000000000226
  endloop
endfacet
facet normal -1.1907846953022481e-32 -9.820070158980588e-32 -1.0
  outer loop
    vertex 704.8861622348862 88.90771888190925 3.0000000000000226
    vertex 705.6861622348862 90.29335952796433 3.0000000000000226
    vertex 705.3003757972593 88.58988163671343 3.0000000000000226
  endloop
endfacet
facet normal -1.1907846953022481e-32 -9.820070158980588e-32 -1.0
  outer loop
    vertex 705.3003757972593 88.58988163671343 3.0000000000000226
    vertex 705.6861622348862 90.29335952796433 3.0000000000000226
    vertex 705.6182130424552 88.17566807434038 3.0000000000000226
  endloop
endfacet
facet normal -1.1907846953022481e-32 -9.820070158980588e-32 -1.0
  outer loop
    vertex 705.6182130424552 88.17566807434038 3.0000000000000226
    vertex 705.6861622348862 90.29335952796433 3.0000000000000226
    vertex 705.8180138874643 87.6933061645454 3.0000000000000226
  endloop
endfacet
facet normal -1.1907846953022481e-32 -9.820070158980588e-32 -1.0
  outer loop
    vertex 705.8180138874643 87.6933061645454 3.0000000000000226
    vertex 705.6861622348862 90.29335952796433 3.0000000000000226
    vertex 706.4317466471578 89.72125248661195 3.0000000000000226
  endloop
endfacet
facet normal -1.1907846953022481e-32 -9.820070158980588e-32 -1.0
  outer loop
    vertex 705.8180138874643 87.6933061645454 3.0000000000000226
    vertex 706.4317466471578 89.72125248661195 3.0000000000000226
    vertex 705.8861622348862 87.17566807434038 3.0000000000000226
  endloop
endfacet
facet normal -1.1907846953022481e-32 -9.820070158980588e-32 -1.0
  outer loop
    vertex 700.1280001260343 84.03353723407528 3.0000000000000226
    vertex 701.9543105823082 86.65802998413531 3.0000000000000226
    vertex 702.9544136725171 83.69833509969973 3.0000000000000226
  endloop
endfacet
facet normal -1.1907846953022481e-32 -9.820070158980588e-32 -1.0
  outer loop
    vertex 701.9543105823082 86.65802998413531 3.0000000000000226
    vertex 700.1280001260343 84.03353723407528 3.0000000000000226
    vertex 701.8861622348862 87.17566807434038 3.0000000000000226
  endloop
endfacet
facet normal -1.1907846953022481e-32 -9.820070158980588e-32 -1.0
  outer loop
    vertex 702.9544136725171 83.69833509969973 3.0000000000000226
    vertex 701.9543105823082 86.65802998413531 3.0000000000000226
    vertex 702.1541114273174 86.17566807434035 3.0000000000000226
  endloop
endfacet
facet normal -1.1907846953022481e-32 -9.820070158980588e-32 -1.0
  outer loop
    vertex 702.9544136725171 83.69833509969973 3.0000000000000226
    vertex 702.1541114273174 86.17566807434035 3.0000000000000226
    vertex 702.4719486725131 85.76145451196727 3.0000000000000226
  endloop
endfacet
facet normal -1.1907846953022481e-32 -9.820070158980588e-32 -1.0
  outer loop
    vertex 702.9544136725171 83.69833509969973 3.0000000000000226
    vertex 702.4719486725131 85.76145451196727 3.0000000000000226
    vertex 702.8861622348863 85.44361726677147 3.0000000000000226
  endloop
endfacet
facet normal -1.1907846953022481e-32 -9.820070158980588e-32 -1.0
  outer loop
    vertex 702.9544136725171 83.69833509969973 3.0000000000000226
    vertex 702.8861622348863 85.44361726677147 3.0000000000000226
    vertex 703.3685241446811 85.2438164217622 3.0000000000000226
  endloop
endfacet
facet normal -1.1907846953022481e-32 -9.820070158980588e-32 -1.0
  outer loop
    vertex 702.9544136725171 83.69833509969973 3.0000000000000226
    vertex 703.3685241446811 85.2438164217622 3.0000000000000226
    vertex 703.8861622348862 83.57566807434036 3.0000000000000226
  endloop
endfacet
facet normal -1.1907846953022481e-32 -9.820070158980588e-32 -1.0
  outer loop
    vertex 703.8861622348862 83.57566807434036 3.0000000000000226
    vertex 703.3685241446811 85.2438164217622 3.0000000000000226
    vertex 703.8861622348862 85.17566807434035 3.0000000000000226
  endloop
endfacet
facet normal -1.1907846953022481e-32 -9.820070158980588e-32 -1.0
  outer loop
    vertex 703.8861622348862 83.57566807434036 3.0000000000000226
    vertex 703.8861622348862 85.17566807434035 3.0000000000000226
    vertex 704.4038003250913 85.2438164217622 3.0000000000000226
  endloop
endfacet
facet normal -1.1907846953022481e-32 -9.820070158980588e-32 -1.0
  outer loop
    vertex 703.8861622348862 83.57566807434036 3.0000000000000226
    vertex 704.4038003250913 85.2438164217622 3.0000000000000226
    vertex 704.8179107972554 83.69833509969973 3.0000000000000226
  endloop
endfacet
facet normal -1.1907846953022481e-32 -9.820070158980588e-32 -1.0
  outer loop
    vertex 704.8179107972554 83.69833509969973 3.0000000000000226
    vertex 704.4038003250913 85.2438164217622 3.0000000000000226
    vertex 704.8861622348862 85.44361726677147 3.0000000000000226
  endloop
endfacet
facet normal -1.1907846953022481e-32 -9.820070158980588e-32 -1.0
  outer loop
    vertex 704.8179107972554 83.69833509969973 3.0000000000000226
    vertex 704.8861622348862 85.44361726677147 3.0000000000000226
    vertex 705.6861622348862 84.05797662071637 3.0000000000000226
  endloop
endfacet
facet normal -1.1907846953022481e-32 -9.820070158980588e-32 -1.0
  outer loop
    vertex 705.6861622348862 84.05797662071637 3.0000000000000226
    vertex 704.8861622348862 85.44361726677147 3.0000000000000226
    vertex 705.3003757972593 85.76145451196727 3.0000000000000226
  endloop
endfacet
facet normal -1.1907846953022481e-32 -9.820070158980588e-32 -1.0
  outer loop
    vertex 705.6861622348862 84.05797662071637 3.0000000000000226
    vertex 705.3003757972593 85.76145451196727 3.0000000000000226
    vertex 705.6182130424552 86.17566807434035 3.0000000000000226
  endloop
endfacet
facet normal -1.1907846953022481e-32 -9.820070158980588e-32 -1.0
  outer loop
    vertex 705.6861622348862 84.05797662071637 3.0000000000000226
    vertex 705.6182130424552 86.17566807434035 3.0000000000000226
    vertex 705.8180138874643 86.65802998413531 3.0000000000000226
  endloop
endfacet
facet normal -1.1907846953022481e-32 -9.820070158980588e-32 -1.0
  outer loop
    vertex 705.6861622348862 84.05797662071637 3.0000000000000226
    vertex 705.8180138874643 86.65802998413531 3.0000000000000226
    vertex 706.4317466471578 84.63008366206878 3.0000000000000226
  endloop
endfacet
facet normal -1.1907846953022481e-32 -9.820070158980588e-32 -1.0
  outer loop
    vertex 706.4317466471578 84.63008366206878 3.0000000000000226
    vertex 705.8180138874643 86.65802998413531 3.0000000000000226
    vertex 705.8861622348862 87.17566807434038 3.0000000000000226
  endloop
endfacet
facet normal -1.1907846953022481e-32 -9.820070158980588e-32 -1.0
  outer loop
    vertex 706.4317466471578 84.63008366206878 3.0000000000000226
    vertex 705.8861622348862 87.17566807434038 3.0000000000000226
    vertex 706.4317466471578 89.72125248661195 3.0000000000000226
  endloop
endfacet
facet normal -1.1907846953022481e-32 -9.820070158980588e-32 -1.0
  outer loop
    vertex 706.4317466471578 84.63008366206878 3.0000000000000226
    vertex 706.4317466471578 89.72125248661195 3.0000000000000226
    vertex 707.0038536885103 88.97566807434038 3.0000000000000226
  endloop
endfacet
facet normal -1.1907846953022481e-32 -9.820070158980588e-32 -1.0
  outer loop
    vertex 706.4317466471578 84.63008366206878 3.0000000000000226
    vertex 707.0038536885103 88.97566807434038 3.0000000000000226
    vertex 707.0038536885102 85.37566807434035 3.0000000000000226
  endloop
endfacet
facet normal -1.1907846953022481e-32 -9.820070158980588e-32 -1.0
  outer loop
    vertex 707.0038536885102 85.37566807434035 3.0000000000000226
    vertex 707.0038536885103 88.97566807434038 3.0000000000000226
    vertex 707.363495209527 86.24391951197127 3.0000000000000226
  endloop
endfacet
facet normal -1.1907846953022481e-32 -9.820070158980588e-32 -1.0
  outer loop
    vertex 707.363495209527 86.24391951197127 3.0000000000000226
    vertex 707.0038536885103 88.97566807434038 3.0000000000000226
    vertex 707.363495209527 88.1074166367094 3.0000000000000226
  endloop
endfacet
facet normal -1.1907846953022481e-32 -9.820070158980588e-32 -1.0
  outer loop
    vertex 707.363495209527 86.24391951197127 3.0000000000000226
    vertex 707.363495209527 88.1074166367094 3.0000000000000226
    vertex 707.4861622348863 87.17566807434038 3.0000000000000226
  endloop
endfacet
endsolid WifiYagiWood
