solid WifiYagiWood
facet normal -1.4999041530521853e-15 -1.9877326134488727e-17 1.0
  outer loop
    vertex 589.3667252261656 82.48985290026909 -3.0000000000000058
    vertex 587.176054528485 82.55920325439011 -3.0000000000000084
    vertex 587.0725011378917 82.47974394309112 -3.000000000000003
  endloop
endfacet
facet normal -1.4999041530521853e-15 -1.9877326134488727e-17 1.0
  outer loop
    vertex 587.176054528485 82.55920325439011 -3.0000000000000084
    vertex 589.3667252261656 82.48985290026909 -3.0000000000000058
    vertex 587.3349731510829 82.76631003557665 -2.9999999999999862
  endloop
endfacet
facet normal -1.4999041530521853e-15 -1.9877326134488727e-17 1.0
  outer loop
    vertex 587.3349731510829 82.76631003557665 -2.9999999999999862
    vertex 589.3667252261656 82.48985290026909 -3.0000000000000058
    vertex 587.4348735735875 83.00749099047408 -2.9999999999999973
  endloop
endfacet
facet normal -1.4999041530521853e-15 -1.9877326134488727e-17 1.0
  outer loop
    vertex 587.4348735735875 83.00749099047408 -2.9999999999999973
    vertex 589.3667252261656 82.48985290026909 -3.0000000000000058
    vertex 587.4689477472984 83.26631003557665 -3.0000000000000226
  endloop
endfacet
facet normal -1.4999041530521853e-15 -1.9877326134488727e-17 1.0
  outer loop
    vertex 587.176054528485 83.9734168167632 -3.0000000000000058
    vertex 589.3667252261656 84.04276717088422 -2.999999999999978
    vertex 587.0725011378917 84.05287612806214 -3.00000000000002
  endloop
endfacet
facet normal -1.4999041530521853e-15 -1.9877326134488727e-17 1.0
  outer loop
    vertex 589.3667252261656 84.04276717088422 -2.999999999999978
    vertex 587.176054528485 83.9734168167632 -3.0000000000000058
    vertex 587.3349731510829 83.76631003557664 -3.0000000000000115
  endloop
endfacet
facet normal -1.4999041530521853e-15 -1.9877326134488727e-17 1.0
  outer loop
    vertex 589.3667252261656 84.04276717088422 -2.999999999999978
    vertex 587.3349731510829 83.76631003557664 -3.0000000000000115
    vertex 587.4348735735875 83.52512908067914 -2.999999999999989
  endloop
endfacet
facet normal -1.4999041530521853e-15 -1.9877326134488727e-17 1.0
  outer loop
    vertex 589.3667252261656 84.04276717088422 -2.999999999999978
    vertex 587.4348735735875 83.52512908067914 -2.999999999999989
    vertex 587.4689477472984 83.26631003557665 -3.0000000000000226
  endloop
endfacet
facet normal -1.4999041530521853e-15 -1.9877326134488727e-17 1.0
  outer loop
    vertex 589.3667252261656 84.04276717088422 -2.999999999999978
    vertex 587.4689477472984 83.26631003557665 -3.0000000000000226
    vertex 589.3667252261656 82.48985290026909 -3.0000000000000058
  endloop
endfacet
facet normal -1.4999041530521853e-15 -1.9877326134488727e-17 1.0
  outer loop
    vertex 589.3667252261656 84.04276717088422 -2.999999999999978
    vertex 589.3667252261656 82.48985290026909 -3.0000000000000058
    vertex 589.4689477472984 83.26631003557665 -3.0000000000000226
  endloop
endfacet
facet normal 2.594152273671144e-15 1.1030821489042973e-14 1.0
  outer loop
    vertex 639.0711702684312 34.48985290026909 -3.0000000000000084
    vertex 639.0711702684312 36.0427671708842 -3.000000000000003
    vertex 638.9689477472984 35.266310035576645 -3.000000000000017
  endloop
endfacet
facet normal 2.594152273671144e-15 1.1030821489042973e-14 1.0
  outer loop
    vertex 639.0711702684312 36.0427671708842 -3.000000000000003
    vertex 639.0711702684312 34.48985290026909 -3.0000000000000084
    vertex 641.3653943567051 34.479743943091144 -3.0000000000000253
  endloop
endfacet
facet normal 2.594152273671144e-15 1.1030821489042973e-14 1.0
  outer loop
    vertex 639.0711702684312 36.0427671708842 -3.000000000000003
    vertex 641.3653943567051 34.479743943091144 -3.0000000000000253
    vertex 641.2618409661119 34.5592032543901 -3.000000000000003
  endloop
endfacet
facet normal 2.594152273671144e-15 1.1030821489042973e-14 1.0
  outer loop
    vertex 639.0711702684312 36.0427671708842 -3.000000000000003
    vertex 641.2618409661119 34.5592032543901 -3.000000000000003
    vertex 641.102922343514 34.76631003557663 -2.9999999999999916
  endloop
endfacet
facet normal 2.594152273671144e-15 1.1030821489042973e-14 1.0
  outer loop
    vertex 639.0711702684312 36.0427671708842 -3.000000000000003
    vertex 641.102922343514 34.76631003557663 -2.9999999999999916
    vertex 641.0030219210093 35.007490990474174 -2.9999999999999805
  endloop
endfacet
facet normal 2.594152273671144e-15 1.1030821489042973e-14 1.0
  outer loop
    vertex 639.0711702684312 36.0427671708842 -3.000000000000003
    vertex 641.0030219210093 35.007490990474174 -2.9999999999999805
    vertex 640.9689477472984 35.266310035576645 -3.000000000000017
  endloop
endfacet
facet normal 2.594152273671144e-15 1.1030821489042973e-14 1.0
  outer loop
    vertex 639.0711702684312 36.0427671708842 -3.000000000000003
    vertex 641.2618409661119 35.97341681676317 -3.000000000000031
    vertex 641.3653943567051 36.05287612806213 -3.000000000000034
  endloop
endfacet
facet normal 2.594152273671144e-15 1.1030821489042973e-14 1.0
  outer loop
    vertex 641.2618409661119 35.97341681676317 -3.000000000000031
    vertex 639.0711702684312 36.0427671708842 -3.000000000000003
    vertex 641.102922343514 35.766310035576616 -3.0000000000000253
  endloop
endfacet
facet normal 2.594152273671144e-15 1.1030821489042973e-14 1.0
  outer loop
    vertex 641.102922343514 35.766310035576616 -3.0000000000000253
    vertex 639.0711702684312 36.0427671708842 -3.000000000000003
    vertex 641.0030219210093 35.525129080679164 -3.000000000000003
  endloop
endfacet
facet normal 2.594152273671144e-15 1.1030821489042973e-14 1.0
  outer loop
    vertex 641.0030219210093 35.525129080679164 -3.000000000000003
    vertex 639.0711702684312 36.0427671708842 -3.000000000000003
    vertex 640.9689477472984 35.266310035576645 -3.000000000000017
  endloop
endfacet
facet normal -1.1448205455431765e-15 -7.367864580002822e-15 1.0
  outer loop
    vertex 641.0711702684312 121.48985290026907 -3.000000000000003
    vertex 643.0030219210093 122.0074909904741 -3.000000000000003
    vertex 642.9689477472984 122.26631003557664 -3.0
  endloop
endfacet
facet normal -1.1448205455431765e-15 -7.367864580002822e-15 1.0
  outer loop
    vertex 643.0030219210093 122.0074909904741 -3.000000000000003
    vertex 641.0711702684312 121.48985290026907 -3.000000000000003
    vertex 643.102922343514 121.76631003557665 -3.0000000000000084
  endloop
endfacet
facet normal -1.1448205455431765e-15 -7.367864580002822e-15 1.0
  outer loop
    vertex 643.102922343514 121.76631003557665 -3.0000000000000084
    vertex 641.0711702684312 121.48985290026907 -3.000000000000003
    vertex 643.2618409661119 121.55920325439008 -2.9999999999999916
  endloop
endfacet
facet normal -1.1448205455431765e-15 -7.367864580002822e-15 1.0
  outer loop
    vertex 643.2618409661119 121.55920325439008 -2.9999999999999916
    vertex 641.0711702684312 121.48985290026907 -3.000000000000003
    vertex 643.3653943567051 121.47974394309118 -3.000000000000014
  endloop
endfacet
facet normal -1.1448205455431765e-15 -7.367864580002822e-15 1.0
  outer loop
    vertex 641.0711702684312 121.48985290026907 -3.000000000000003
    vertex 640.9689477472984 123.04276717088409 -2.9999999999999973
    vertex 640.9689477472984 122.26631003557664 -3.0
  endloop
endfacet
facet normal -1.1448205455431765e-15 -7.367864580002822e-15 1.0
  outer loop
    vertex 640.9689477472984 123.04276717088409 -2.9999999999999973
    vertex 641.0711702684312 121.48985290026907 -3.000000000000003
    vertex 643.3653943567051 123.05287612806212 -2.9999999999999973
  endloop
endfacet
facet normal -1.1448205455431765e-15 -7.367864580002822e-15 1.0
  outer loop
    vertex 643.3653943567051 123.05287612806212 -2.9999999999999973
    vertex 641.0711702684312 121.48985290026907 -3.000000000000003
    vertex 643.2618409661119 122.97341681676318 -3.000000000000003
  endloop
endfacet
facet normal -1.1448205455431765e-15 -7.367864580002822e-15 1.0
  outer loop
    vertex 643.2618409661119 122.97341681676318 -3.000000000000003
    vertex 641.0711702684312 121.48985290026907 -3.000000000000003
    vertex 643.102922343514 122.76631003557661 -2.9999999999999973
  endloop
endfacet
facet normal -1.1448205455431765e-15 -7.367864580002822e-15 1.0
  outer loop
    vertex 643.102922343514 122.76631003557661 -2.9999999999999973
    vertex 641.0711702684312 121.48985290026907 -3.000000000000003
    vertex 643.0030219210093 122.52512908067916 -2.9999999999999467
  endloop
endfacet
facet normal -1.1448205455431765e-15 -7.367864580002822e-15 1.0
  outer loop
    vertex 643.0030219210093 122.52512908067916 -2.9999999999999467
    vertex 641.0711702684312 121.48985290026907 -3.000000000000003
    vertex 642.9689477472984 122.26631003557664 -3.0
  endloop
endfacet
facet normal -1.9135319678215876e-15 -5.0364033208007575e-15 1.0
  outer loop
    vertex 639.0711702684312 60.48985290026907 -2.999999999999989
    vertex 639.0711702684312 62.04276717088419 -3.00000000000002
    vertex 638.9689477472984 61.266310035576595 -3.0000000000000058
  endloop
endfacet
facet normal -1.9135319678215876e-15 -5.0364033208007575e-15 1.0
  outer loop
    vertex 639.0711702684312 62.04276717088419 -3.00000000000002
    vertex 639.0711702684312 60.48985290026907 -2.999999999999989
    vertex 641.3653943567051 60.47974394309113 -3.0000000000000084
  endloop
endfacet
facet normal -1.9135319678215876e-15 -5.0364033208007575e-15 1.0
  outer loop
    vertex 639.0711702684312 62.04276717088419 -3.00000000000002
    vertex 641.3653943567051 60.47974394309113 -3.0000000000000084
    vertex 641.2618409661119 60.55920325439008 -3.0000000000000084
  endloop
endfacet
facet normal -1.9135319678215876e-15 -5.0364033208007575e-15 1.0
  outer loop
    vertex 639.0711702684312 62.04276717088419 -3.00000000000002
    vertex 641.2618409661119 60.55920325439008 -3.0000000000000084
    vertex 641.102922343514 60.76631003557661 -3.0000000000000084
  endloop
endfacet
facet normal -1.9135319678215876e-15 -5.0364033208007575e-15 1.0
  outer loop
    vertex 639.0711702684312 62.04276717088419 -3.00000000000002
    vertex 641.102922343514 60.76631003557661 -3.0000000000000084
    vertex 641.0030219210093 61.00749099047413 -3.00000000000002
  endloop
endfacet
facet normal -1.9135319678215876e-15 -5.0364033208007575e-15 1.0
  outer loop
    vertex 639.0711702684312 62.04276717088419 -3.00000000000002
    vertex 641.0030219210093 61.00749099047413 -3.00000000000002
    vertex 640.9689477472984 61.266310035576595 -3.0000000000000058
  endloop
endfacet
facet normal -1.9135319678215876e-15 -5.0364033208007575e-15 1.0
  outer loop
    vertex 639.0711702684312 62.04276717088419 -3.00000000000002
    vertex 641.2618409661119 61.97341681676317 -3.000000000000003
    vertex 641.3653943567051 62.05287612806213 -2.999999999999983
  endloop
endfacet
facet normal -1.9135319678215876e-15 -5.0364033208007575e-15 1.0
  outer loop
    vertex 641.2618409661119 61.97341681676317 -3.000000000000003
    vertex 639.0711702684312 62.04276717088419 -3.00000000000002
    vertex 641.102922343514 61.76631003557663 -2.9999999999999805
  endloop
endfacet
facet normal -1.9135319678215876e-15 -5.0364033208007575e-15 1.0
  outer loop
    vertex 641.102922343514 61.76631003557663 -2.9999999999999805
    vertex 639.0711702684312 62.04276717088419 -3.00000000000002
    vertex 641.0030219210093 61.525129080679186 -2.9999999999999947
  endloop
endfacet
facet normal -1.9135319678215876e-15 -5.0364033208007575e-15 1.0
  outer loop
    vertex 641.0030219210093 61.525129080679186 -2.9999999999999947
    vertex 639.0711702684312 62.04276717088419 -3.00000000000002
    vertex 640.9689477472984 61.266310035576595 -3.0000000000000058
  endloop
endfacet
facet normal -9.053345779257734e-17 -4.479592238927201e-15 1.0
  outer loop
    vertex 587.8667252261656 121.48985290026907 -3.000000000000003
    vertex 585.676054528485 121.55920325439008 -2.9999999999999916
    vertex 585.5725011378917 121.47974394309118 -3.000000000000014
  endloop
endfacet
facet normal -9.053345779257734e-17 -4.479592238927201e-15 1.0
  outer loop
    vertex 585.676054528485 121.55920325439008 -2.9999999999999916
    vertex 587.8667252261656 121.48985290026907 -3.000000000000003
    vertex 585.8349731510829 121.76631003557665 -3.0000000000000084
  endloop
endfacet
facet normal -9.053345779257734e-17 -4.479592238927201e-15 1.0
  outer loop
    vertex 585.8349731510829 121.76631003557665 -3.0000000000000084
    vertex 587.8667252261656 121.48985290026907 -3.000000000000003
    vertex 585.9348735735875 122.0074909904741 -2.9999999999999973
  endloop
endfacet
facet normal -9.053345779257734e-17 -4.479592238927201e-15 1.0
  outer loop
    vertex 585.9348735735875 122.0074909904741 -2.9999999999999973
    vertex 587.8667252261656 121.48985290026907 -3.000000000000003
    vertex 585.9689477472984 122.26631003557664 -3.0
  endloop
endfacet
facet normal -9.053345779257734e-17 -4.479592238927201e-15 1.0
  outer loop
    vertex 585.676054528485 122.97341681676318 -3.000000000000003
    vertex 587.9689477472984 123.04276717088409 -2.9999999999999973
    vertex 585.5725011378917 123.05287612806212 -2.9999999999999973
  endloop
endfacet
facet normal -9.053345779257734e-17 -4.479592238927201e-15 1.0
  outer loop
    vertex 587.9689477472984 123.04276717088409 -2.9999999999999973
    vertex 585.676054528485 122.97341681676318 -3.000000000000003
    vertex 585.8349731510829 122.76631003557661 -2.9999999999999973
  endloop
endfacet
facet normal -9.053345779257734e-17 -4.479592238927201e-15 1.0
  outer loop
    vertex 587.9689477472984 123.04276717088409 -2.9999999999999973
    vertex 585.8349731510829 122.76631003557661 -2.9999999999999973
    vertex 585.9348735735875 122.52512908067916 -2.9999999999999862
  endloop
endfacet
facet normal -9.053345779257734e-17 -4.479592238927201e-15 1.0
  outer loop
    vertex 587.9689477472984 123.04276717088409 -2.9999999999999973
    vertex 585.9348735735875 122.52512908067916 -2.9999999999999862
    vertex 585.9689477472984 122.26631003557664 -3.0
  endloop
endfacet
facet normal -9.053345779257734e-17 -4.479592238927201e-15 1.0
  outer loop
    vertex 587.9689477472984 123.04276717088409 -2.9999999999999973
    vertex 585.9689477472984 122.26631003557664 -3.0
    vertex 587.8667252261656 121.48985290026907 -3.000000000000003
  endloop
endfacet
facet normal -9.053345779257734e-17 -4.479592238927201e-15 1.0
  outer loop
    vertex 587.9689477472984 123.04276717088409 -2.9999999999999973
    vertex 587.8667252261656 121.48985290026907 -3.000000000000003
    vertex 587.9689477472984 122.26631003557664 -3.0
  endloop
endfacet
facet normal 1.924749430297997e-15 5.171644968001335e-16 1.0
  outer loop
    vertex 639.5711702684312 82.48985290026907 -3.000000000000003
    vertex 639.5711702684312 84.04276717088422 -2.999999999999978
    vertex 639.4689477472984 83.26631003557665 -3.0000000000000226
  endloop
endfacet
facet normal 1.924749430297997e-15 5.171644968001335e-16 1.0
  outer loop
    vertex 639.5711702684312 84.04276717088422 -2.999999999999978
    vertex 639.5711702684312 82.48985290026907 -3.000000000000003
    vertex 641.8653943567052 82.47974394309112 -3.000000000000003
  endloop
endfacet
facet normal 1.924749430297997e-15 5.171644968001335e-16 1.0
  outer loop
    vertex 639.5711702684312 84.04276717088422 -2.999999999999978
    vertex 641.8653943567052 82.47974394309112 -3.000000000000003
    vertex 641.7618409661119 82.55920325439011 -3.0000000000000084
  endloop
endfacet
facet normal 1.924749430297997e-15 5.171644968001335e-16 1.0
  outer loop
    vertex 639.5711702684312 84.04276717088422 -2.999999999999978
    vertex 641.7618409661119 82.55920325439011 -3.0000000000000084
    vertex 641.602922343514 82.76631003557665 -2.9999999999999862
  endloop
endfacet
facet normal 1.924749430297997e-15 5.171644968001335e-16 1.0
  outer loop
    vertex 639.5711702684312 84.04276717088422 -2.999999999999978
    vertex 641.602922343514 82.76631003557665 -2.9999999999999862
    vertex 641.5030219210093 83.00749099047408 -2.9999999999999973
  endloop
endfacet
facet normal 1.924749430297997e-15 5.171644968001335e-16 1.0
  outer loop
    vertex 639.5711702684312 84.04276717088422 -2.999999999999978
    vertex 641.5030219210093 83.00749099047408 -2.9999999999999973
    vertex 641.4689477472984 83.26631003557665 -3.0000000000000226
  endloop
endfacet
facet normal 1.924749430297997e-15 5.171644968001335e-16 1.0
  outer loop
    vertex 639.5711702684312 84.04276717088422 -2.999999999999978
    vertex 641.7618409661119 83.9734168167632 -3.0000000000000058
    vertex 641.8653943567052 84.05287612806214 -3.00000000000002
  endloop
endfacet
facet normal 1.924749430297997e-15 5.171644968001335e-16 1.0
  outer loop
    vertex 641.7618409661119 83.9734168167632 -3.0000000000000058
    vertex 639.5711702684312 84.04276717088422 -2.999999999999978
    vertex 641.602922343514 83.76631003557664 -3.0000000000000115
  endloop
endfacet
facet normal 1.924749430297997e-15 5.171644968001335e-16 1.0
  outer loop
    vertex 641.602922343514 83.76631003557664 -3.0000000000000115
    vertex 639.5711702684312 84.04276717088422 -2.999999999999978
    vertex 641.5030219210093 83.52512908067914 -2.999999999999989
  endloop
endfacet
facet normal 1.924749430297997e-15 5.171644968001335e-16 1.0
  outer loop
    vertex 641.5030219210093 83.52512908067914 -2.999999999999989
    vertex 639.5711702684312 84.04276717088422 -2.999999999999978
    vertex 641.4689477472984 83.26631003557665 -3.0000000000000226
  endloop
endfacet
facet normal -2.594152273671144e-15 1.1030821489042973e-14 1.0
  outer loop
    vertex 589.8667252261656 34.48985290026909 -3.0000000000000084
    vertex 587.676054528485 34.5592032543901 -3.000000000000003
    vertex 587.5725011378917 34.479743943091144 -3.0000000000000253
  endloop
endfacet
facet normal -2.594152273671144e-15 1.1030821489042973e-14 1.0
  outer loop
    vertex 587.676054528485 34.5592032543901 -3.000000000000003
    vertex 589.8667252261656 34.48985290026909 -3.0000000000000084
    vertex 587.8349731510829 34.76631003557663 -2.9999999999999916
  endloop
endfacet
facet normal -2.594152273671144e-15 1.1030821489042973e-14 1.0
  outer loop
    vertex 587.8349731510829 34.76631003557663 -2.9999999999999916
    vertex 589.8667252261656 34.48985290026909 -3.0000000000000084
    vertex 587.9348735735875 35.007490990474174 -2.9999999999999805
  endloop
endfacet
facet normal -2.594152273671144e-15 1.1030821489042973e-14 1.0
  outer loop
    vertex 587.9348735735875 35.007490990474174 -2.9999999999999805
    vertex 589.8667252261656 34.48985290026909 -3.0000000000000084
    vertex 587.9689477472984 35.266310035576645 -3.000000000000017
  endloop
endfacet
facet normal -2.594152273671144e-15 1.1030821489042973e-14 1.0
  outer loop
    vertex 587.676054528485 35.97341681676317 -3.000000000000031
    vertex 589.8667252261656 36.0427671708842 -3.000000000000003
    vertex 587.5725011378917 36.05287612806213 -3.000000000000034
  endloop
endfacet
facet normal -2.594152273671144e-15 1.1030821489042973e-14 1.0
  outer loop
    vertex 589.8667252261656 36.0427671708842 -3.000000000000003
    vertex 587.676054528485 35.97341681676317 -3.000000000000031
    vertex 587.8349731510829 35.766310035576616 -3.0000000000000253
  endloop
endfacet
facet normal -2.594152273671144e-15 1.1030821489042973e-14 1.0
  outer loop
    vertex 589.8667252261656 36.0427671708842 -3.000000000000003
    vertex 587.8349731510829 35.766310035576616 -3.0000000000000253
    vertex 587.9348735735875 35.525129080679164 -3.000000000000003
  endloop
endfacet
facet normal -2.594152273671144e-15 1.1030821489042973e-14 1.0
  outer loop
    vertex 589.8667252261656 36.0427671708842 -3.000000000000003
    vertex 587.9348735735875 35.525129080679164 -3.000000000000003
    vertex 587.9689477472984 35.266310035576645 -3.000000000000017
  endloop
endfacet
facet normal -2.594152273671144e-15 1.1030821489042973e-14 1.0
  outer loop
    vertex 589.8667252261656 36.0427671708842 -3.000000000000003
    vertex 587.9689477472984 35.266310035576645 -3.000000000000017
    vertex 589.8667252261656 34.48985290026909 -3.0000000000000084
  endloop
endfacet
facet normal -2.594152273671144e-15 1.1030821489042973e-14 1.0
  outer loop
    vertex 589.8667252261656 36.0427671708842 -3.000000000000003
    vertex 589.8667252261656 34.48985290026909 -3.0000000000000084
    vertex 589.9689477472984 35.266310035576645 -3.000000000000017
  endloop
endfacet
facet normal 1.9135319678215876e-15 -5.0364033208007575e-15 1.0
  outer loop
    vertex 589.8667252261656 60.48985290026907 -2.999999999999989
    vertex 587.676054528485 60.55920325439008 -3.0000000000000084
    vertex 587.5725011378917 60.47974394309113 -3.0000000000000084
  endloop
endfacet
facet normal 1.9135319678215876e-15 -5.0364033208007575e-15 1.0
  outer loop
    vertex 587.676054528485 60.55920325439008 -3.0000000000000084
    vertex 589.8667252261656 60.48985290026907 -2.999999999999989
    vertex 587.8349731510829 60.76631003557661 -3.0000000000000084
  endloop
endfacet
facet normal 1.9135319678215876e-15 -5.0364033208007575e-15 1.0
  outer loop
    vertex 587.8349731510829 60.76631003557661 -3.0000000000000084
    vertex 589.8667252261656 60.48985290026907 -2.999999999999989
    vertex 587.9348735735875 61.00749099047413 -3.00000000000002
  endloop
endfacet
facet normal 1.9135319678215876e-15 -5.0364033208007575e-15 1.0
  outer loop
    vertex 587.9348735735875 61.00749099047413 -3.00000000000002
    vertex 589.8667252261656 60.48985290026907 -2.999999999999989
    vertex 587.9689477472984 61.266310035576595 -3.0000000000000058
  endloop
endfacet
facet normal 1.9135319678215876e-15 -5.0364033208007575e-15 1.0
  outer loop
    vertex 587.676054528485 61.97341681676317 -3.000000000000003
    vertex 589.8667252261656 62.04276717088419 -3.00000000000002
    vertex 587.5725011378917 62.05287612806213 -2.999999999999983
  endloop
endfacet
facet normal 1.9135319678215876e-15 -5.0364033208007575e-15 1.0
  outer loop
    vertex 589.8667252261656 62.04276717088419 -3.00000000000002
    vertex 587.676054528485 61.97341681676317 -3.000000000000003
    vertex 587.8349731510829 61.76631003557663 -2.9999999999999805
  endloop
endfacet
facet normal 1.9135319678215876e-15 -5.0364033208007575e-15 1.0
  outer loop
    vertex 589.8667252261656 62.04276717088419 -3.00000000000002
    vertex 587.8349731510829 61.76631003557663 -2.9999999999999805
    vertex 587.9348735735875 61.525129080679186 -2.9999999999999947
  endloop
endfacet
facet normal 1.9135319678215876e-15 -5.0364033208007575e-15 1.0
  outer loop
    vertex 589.8667252261656 62.04276717088419 -3.00000000000002
    vertex 587.9348735735875 61.525129080679186 -2.9999999999999947
    vertex 587.9689477472984 61.266310035576595 -3.0000000000000058
  endloop
endfacet
facet normal 1.9135319678215876e-15 -5.0364033208007575e-15 1.0
  outer loop
    vertex 589.8667252261656 62.04276717088419 -3.00000000000002
    vertex 587.9689477472984 61.266310035576595 -3.0000000000000058
    vertex 589.8667252261656 60.48985290026907 -2.999999999999989
  endloop
endfacet
facet normal 1.9135319678215876e-15 -5.0364033208007575e-15 1.0
  outer loop
    vertex 589.8667252261656 62.04276717088419 -3.00000000000002
    vertex 589.8667252261656 60.48985290026907 -2.999999999999989
    vertex 589.9689477472984 61.266310035576595 -3.0000000000000058
  endloop
endfacet
facet normal 0.6087614290085739 0.7933533402913479 -5.551115123125783e-17
  outer loop
    vertex 642.4689477472983 62.132335439361064 -5.999999999999997
    vertex 642.676054528485 61.97341681676317 2.8199664825478975e-15
    vertex 642.676054528485 61.97341681676317 -6.00000000000002
  endloop
endfacet
facet normal 0.6087614290085739 0.7933533402913479 -5.551115123125783e-17
  outer loop
    vertex 642.676054528485 61.97341681676317 2.8199664825478975e-15
    vertex 642.4689477472983 62.132335439361064 -5.999999999999997
    vertex 642.4689477472983 62.13233543936107 -1.4099832412739488e-14
  endloop
endfacet
facet normal 0.7933533402912519 -0.608761429008699 -8.326672684688674e-17
  outer loop
    vertex 642.676054528485 60.55920325439009 -6.000000000000009
    vertex 642.8349731510829 60.76631003557665 0.0
    vertex 642.676054528485 60.55920325439008 -2.8199664825478975e-15
  endloop
endfacet
facet normal 0.7933533402912519 -0.608761429008699 -8.326672684688674e-17
  outer loop
    vertex 642.8349731510829 60.76631003557665 0.0
    vertex 642.676054528485 60.55920325439009 -6.000000000000009
    vertex 642.8349731510829 60.76631003557665 -5.999999999999997
  endloop
endfacet
facet normal -0.7933533402912516 0.6087614290086991 1.3877787807814457e-16
  outer loop
    vertex 641.102922343514 61.76631003557664 1.127986593019159e-14
    vertex 641.2618409661119 61.97341681676317 -3.000000000000003
    vertex 641.102922343514 61.76631003557663 -2.9999999999999805
  endloop
endfacet
facet normal -0.7933533402912516 0.6087614290086991 1.3877787807814457e-16
  outer loop
    vertex 641.2618409661119 61.97341681676317 -3.000000000000003
    vertex 641.102922343514 61.76631003557664 1.127986593019159e-14
    vertex 641.2618409661119 61.97341681676317 2.8199664825478975e-15
  endloop
endfacet
facet normal -0.13052619222006637 0.9914448613738086 3.0531133177191805e-16
  outer loop
    vertex 641.7101287021959 62.23223586186569 -5.639932965095795e-15
    vertex 641.9689477472984 62.2663100355766 -5.999999999999992
    vertex 641.7101287021959 62.23223586186569 -6.000000000000009
  endloop
endfacet
facet normal -0.13052619222006637 0.9914448613738086 3.0531133177191805e-16
  outer loop
    vertex 641.9689477472984 62.2663100355766 -5.999999999999992
    vertex 641.7101287021959 62.23223586186569 -5.639932965095795e-15
    vertex 641.9689477472984 62.26631003557663 5.639932965095795e-15
  endloop
endfacet
facet normal 0.9238795325112642 0.3826834323651444 0.0
  outer loop
    vertex 587.9348735735875 61.525129080679186 -2.9999999999999947
    vertex 587.8349731510829 61.76631003557664 1.127986593019159e-14
    vertex 587.9348735735875 61.52512908067915 2.8199664825478975e-15
  endloop
endfacet
facet normal 0.9238795325112642 0.3826834323651444 0.0
  outer loop
    vertex 587.8349731510829 61.76631003557664 1.127986593019159e-14
    vertex 587.9348735735875 61.525129080679186 -2.9999999999999947
    vertex 587.8349731510829 61.76631003557663 -2.9999999999999805
  endloop
endfacet
facet normal 0.38268343236513175 0.9238795325112694 -1.1102230246251565e-16
  outer loop
    vertex 642.227766792401 62.23223586186569 -5.639932965095795e-15
    vertex 642.4689477472983 62.132335439361064 -5.999999999999997
    vertex 642.227766792401 62.23223586186569 -6.000000000000009
  endloop
endfacet
facet normal 0.38268343236513175 0.9238795325112694 -1.1102230246251565e-16
  outer loop
    vertex 642.4689477472983 62.132335439361064 -5.999999999999997
    vertex 642.227766792401 62.23223586186569 -5.639932965095795e-15
    vertex 642.4689477472983 62.13233543936107 -1.4099832412739488e-14
  endloop
endfacet
facet normal 0.9914448613737734 0.13052619222033238 2.7755575615628914e-17
  outer loop
    vertex 642.9689477472984 61.266310035576666 -5.9999999999999805
    vertex 642.9348735735874 61.52512908067915 2.8199664825478975e-15
    vertex 642.9689477472984 61.26631003557664 2.8199664825478975e-15
  endloop
endfacet
facet normal 0.9914448613737734 0.13052619222033238 2.7755575615628914e-17
  outer loop
    vertex 642.9348735735874 61.52512908067915 2.8199664825478975e-15
    vertex 642.9689477472984 61.266310035576666 -5.9999999999999805
    vertex 642.9348735735874 61.52512908067915 -6.000000000000003
  endloop
endfacet
facet normal -0.9238795325112642 -0.3826834323651444 0.0
  outer loop
    vertex 641.102922343514 60.76631003557665 0.0
    vertex 641.0030219210093 61.00749099047413 -3.00000000000002
    vertex 641.102922343514 60.76631003557661 -3.0000000000000084
  endloop
endfacet
facet normal -0.9238795325112642 -0.3826834323651444 0.0
  outer loop
    vertex 641.0030219210093 61.00749099047413 -3.00000000000002
    vertex 641.102922343514 60.76631003557665 0.0
    vertex 641.0030219210093 61.00749099047413 1.6919798895287383e-14
  endloop
endfacet
facet normal -0.9914448613738197 -0.13052619221998138 -4.163336342344337e-17
  outer loop
    vertex 641.5030219210093 83.0074909904741 -8.459899447643692e-15
    vertex 641.4689477472984 83.26631003557665 -3.0000000000000226
    vertex 641.5030219210093 83.00749099047408 -2.9999999999999973
  endloop
endfacet
facet normal -0.9914448613738197 -0.13052619221998138 -4.163336342344337e-17
  outer loop
    vertex 641.4689477472984 83.26631003557665 -3.0000000000000226
    vertex 641.5030219210093 83.0074909904741 -8.459899447643692e-15
    vertex 641.4689477472984 83.26631003557665 1.4099832412739488e-14
  endloop
endfacet
facet normal -0.13052619222006637 -0.9914448613738086 -3.0531133177191805e-16
  outer loop
    vertex 641.9689477472984 60.26631003557663 -5.999999999999986
    vertex 641.7101287021959 60.30038420928759 0.0
    vertex 641.7101287021959 60.30038420928756 -6.000000000000003
  endloop
endfacet
facet normal -0.13052619222006637 -0.9914448613738086 -3.0531133177191805e-16
  outer loop
    vertex 641.7101287021959 60.30038420928759 0.0
    vertex 641.9689477472984 60.26631003557663 -5.999999999999986
    vertex 641.9689477472984 60.266310035576666 1.4099832412739488e-14
  endloop
endfacet
facet normal 0.7933533402912516 0.6087614290086991 1.3877787807814457e-16
  outer loop
    vertex 587.676054528485 61.97341681676317 -3.000000000000003
    vertex 587.8349731510829 61.76631003557664 1.127986593019159e-14
    vertex 587.8349731510829 61.76631003557663 -2.9999999999999805
  endloop
endfacet
facet normal 0.7933533402912516 0.6087614290086991 1.3877787807814457e-16
  outer loop
    vertex 587.8349731510829 61.76631003557664 1.127986593019159e-14
    vertex 587.676054528485 61.97341681676317 -3.000000000000003
    vertex 587.676054528485 61.97341681676317 2.8199664825478975e-15
  endloop
endfacet
facet normal -0.6087614290087409 0.7933533402912196 -8.326672684688674e-17
  outer loop
    vertex 641.2618409661119 61.97341681676317 2.8199664825478975e-15
    vertex 641.3653943567051 62.05287612806213 -2.999999999999983
    vertex 641.2618409661119 61.97341681676317 -3.000000000000003
  endloop
endfacet
facet normal -0.6087614290087409 0.7933533402912196 -8.326672684688674e-17
  outer loop
    vertex 641.3653943567051 62.05287612806213 -2.999999999999983
    vertex 641.2618409661119 61.97341681676317 2.8199664825478975e-15
    vertex 641.4689477472984 62.13233543936107 -1.4099832412739488e-14
  endloop
endfacet
facet normal -0.6087614290087409 0.7933533402912196 -8.326672684688674e-17
  outer loop
    vertex 641.3653943567051 62.052876128062124 -5.999999999999975
    vertex 641.4689477472984 62.13233543936107 -1.4099832412739488e-14
    vertex 641.4689477472984 62.132335439361064 -5.999999999999997
  endloop
endfacet
facet normal -0.6087614290087409 0.7933533402912196 -8.326672684688674e-17
  outer loop
    vertex 641.4689477472984 62.13233543936107 -1.4099832412739488e-14
    vertex 641.3653943567051 62.052876128062124 -5.999999999999975
    vertex 641.3653943567051 62.05287612806213 -2.999999999999983
  endloop
endfacet
facet normal -0.38268343236513175 0.9238795325112694 -1.1102230246251565e-16
  outer loop
    vertex 641.4689477472984 62.132335439361064 -5.999999999999997
    vertex 641.7101287021959 62.23223586186569 -5.639932965095795e-15
    vertex 641.7101287021959 62.23223586186569 -6.000000000000009
  endloop
endfacet
facet normal -0.38268343236513175 0.9238795325112694 -1.1102230246251565e-16
  outer loop
    vertex 641.7101287021959 62.23223586186569 -5.639932965095795e-15
    vertex 641.4689477472984 62.132335439361064 -5.999999999999997
    vertex 641.4689477472984 62.13233543936107 -1.4099832412739488e-14
  endloop
endfacet
facet normal 0.7933533402912519 0.608761429008699 8.326672684688674e-17
  outer loop
    vertex 642.676054528485 61.97341681676317 -6.00000000000002
    vertex 642.8349731510829 61.76631003557664 1.127986593019159e-14
    vertex 642.8349731510829 61.76631003557661 -5.999999999999997
  endloop
endfacet
facet normal 0.7933533402912519 0.608761429008699 8.326672684688674e-17
  outer loop
    vertex 642.8349731510829 61.76631003557664 1.127986593019159e-14
    vertex 642.676054528485 61.97341681676317 -6.00000000000002
    vertex 642.676054528485 61.97341681676317 2.8199664825478975e-15
  endloop
endfacet
facet normal 0.13052619222006637 0.9914448613738086 3.0531133177191805e-16
  outer loop
    vertex 586.9689477472984 62.2663100355766 -5.999999999999992
    vertex 587.227766792401 62.23223586186569 -5.639932965095795e-15
    vertex 587.227766792401 62.23223586186569 -6.000000000000009
  endloop
endfacet
facet normal 0.13052619222006637 0.9914448613738086 3.0531133177191805e-16
  outer loop
    vertex 587.227766792401 62.23223586186569 -5.639932965095795e-15
    vertex 586.9689477472984 62.2663100355766 -5.999999999999992
    vertex 586.9689477472984 62.26631003557663 5.639932965095795e-15
  endloop
endfacet
facet normal 0.6087614290087409 0.7933533402912198 2.7755575615628914e-17
  outer loop
    vertex 587.4689477472984 62.13233543936107 -1.4099832412739488e-14
    vertex 587.5725011378917 62.052876128062124 -5.999999999999975
    vertex 587.4689477472984 62.132335439361064 -5.999999999999997
  endloop
endfacet
facet normal 0.6087614290087409 0.7933533402912198 2.7755575615628914e-17
  outer loop
    vertex 587.5725011378917 62.052876128062124 -5.999999999999975
    vertex 587.4689477472984 62.13233543936107 -1.4099832412739488e-14
    vertex 587.5725011378917 62.05287612806213 -2.999999999999983
  endloop
endfacet
facet normal 0.6087614290087409 0.7933533402912198 2.7755575615628914e-17
  outer loop
    vertex 587.5725011378917 62.05287612806213 -2.999999999999983
    vertex 587.676054528485 61.97341681676317 2.8199664825478975e-15
    vertex 587.676054528485 61.97341681676317 -3.000000000000003
  endloop
endfacet
facet normal 0.6087614290087409 0.7933533402912198 2.7755575615628914e-17
  outer loop
    vertex 587.676054528485 61.97341681676317 2.8199664825478975e-15
    vertex 587.5725011378917 62.05287612806213 -2.999999999999983
    vertex 587.4689477472984 62.13233543936107 -1.4099832412739488e-14
  endloop
endfacet
facet normal -0.13052619222006637 0.9914448613738086 3.0531133177191805e-16
  outer loop
    vertex 586.7101287021959 62.23223586186569 -5.639932965095795e-15
    vertex 586.9689477472984 62.2663100355766 -5.999999999999992
    vertex 586.7101287021959 62.23223586186569 -6.000000000000009
  endloop
endfacet
facet normal -0.13052619222006637 0.9914448613738086 3.0531133177191805e-16
  outer loop
    vertex 586.9689477472984 62.2663100355766 -5.999999999999992
    vertex 586.7101287021959 62.23223586186569 -5.639932965095795e-15
    vertex 586.9689477472984 62.26631003557663 5.639932965095795e-15
  endloop
endfacet
facet normal -0.9238795325112642 0.3826834323651444 0.0
  outer loop
    vertex 641.102922343514 61.76631003557664 1.127986593019159e-14
    vertex 641.0030219210093 61.525129080679186 -2.9999999999999947
    vertex 641.0030219210093 61.52512908067915 2.8199664825478975e-15
  endloop
endfacet
facet normal -0.9238795325112642 0.3826834323651444 0.0
  outer loop
    vertex 641.0030219210093 61.525129080679186 -2.9999999999999947
    vertex 641.102922343514 61.76631003557664 1.127986593019159e-14
    vertex 641.102922343514 61.76631003557663 -2.9999999999999805
  endloop
endfacet
facet normal 0.9914448613737734 -0.13052619222033238 -2.7755575615628914e-17
  outer loop
    vertex 642.9689477472984 61.266310035576666 -5.9999999999999805
    vertex 642.9348735735874 61.00749099047413 1.6919798895287383e-14
    vertex 642.9348735735874 61.00749099047413 -5.999999999999986
  endloop
endfacet
facet normal 0.9914448613737734 -0.13052619222033238 -2.7755575615628914e-17
  outer loop
    vertex 642.9348735735874 61.00749099047413 1.6919798895287383e-14
    vertex 642.9689477472984 61.266310035576666 -5.9999999999999805
    vertex 642.9689477472984 61.26631003557664 2.8199664825478975e-15
  endloop
endfacet
facet normal 0.9238795325113864 0.38268343236484936 0.0
  outer loop
    vertex 642.8349731510829 61.76631003557661 -5.999999999999997
    vertex 642.9348735735874 61.52512908067915 2.8199664825478975e-15
    vertex 642.9348735735874 61.52512908067915 -6.000000000000003
  endloop
endfacet
facet normal 0.9238795325113864 0.38268343236484936 0.0
  outer loop
    vertex 642.9348735735874 61.52512908067915 2.8199664825478975e-15
    vertex 642.8349731510829 61.76631003557661 -5.999999999999997
    vertex 642.8349731510829 61.76631003557664 1.127986593019159e-14
  endloop
endfacet
facet normal -0.38268343236500973 0.92387953251132 -8.326672684688674e-17
  outer loop
    vertex 586.4689477472984 62.132335439361064 -5.999999999999997
    vertex 586.7101287021959 62.23223586186569 -5.639932965095795e-15
    vertex 586.7101287021959 62.23223586186569 -6.000000000000009
  endloop
endfacet
facet normal -0.38268343236500973 0.92387953251132 -8.326672684688674e-17
  outer loop
    vertex 586.7101287021959 62.23223586186569 -5.639932965095795e-15
    vertex 586.4689477472984 62.132335439361064 -5.999999999999997
    vertex 586.4689477472984 62.13233543936107 -1.4099832412739488e-14
  endloop
endfacet
facet normal 0.9238795325113864 -0.38268343236484936 0.0
  outer loop
    vertex 642.9348735735874 61.00749099047413 -5.999999999999986
    vertex 642.8349731510829 60.76631003557665 0.0
    vertex 642.8349731510829 60.76631003557665 -5.999999999999997
  endloop
endfacet
facet normal 0.9238795325113864 -0.38268343236484936 0.0
  outer loop
    vertex 642.8349731510829 60.76631003557665 0.0
    vertex 642.9348735735874 61.00749099047413 -5.999999999999986
    vertex 642.9348735735874 61.00749099047413 1.6919798895287383e-14
  endloop
endfacet
facet normal 0.1305261922200664 -0.9914448613738086 -3.0531133177191805e-16
  outer loop
    vertex 642.227766792401 60.30038420928759 0.0
    vertex 641.9689477472984 60.26631003557663 -5.999999999999986
    vertex 642.227766792401 60.30038420928756 -6.000000000000003
  endloop
endfacet
facet normal 0.1305261922200664 -0.9914448613738086 -3.0531133177191805e-16
  outer loop
    vertex 641.9689477472984 60.26631003557663 -5.999999999999986
    vertex 642.227766792401 60.30038420928759 0.0
    vertex 641.9689477472984 60.266310035576666 1.4099832412739488e-14
  endloop
endfacet
facet normal -0.38268343236513175 -0.9238795325112694 1.1102230246251565e-16
  outer loop
    vertex 641.7101287021959 60.30038420928756 -6.000000000000003
    vertex 641.4689477472984 60.40028463179222 -1.127986593019159e-14
    vertex 641.4689477472984 60.40028463179222 -6.000000000000009
  endloop
endfacet
facet normal -0.38268343236513175 -0.9238795325112694 1.1102230246251565e-16
  outer loop
    vertex 641.4689477472984 60.40028463179222 -1.127986593019159e-14
    vertex 641.7101287021959 60.30038420928756 -6.000000000000003
    vertex 641.7101287021959 60.30038420928759 0.0
  endloop
endfacet
facet normal -0.6087614290087409 -0.7933533402912196 8.326672684688674e-17
  outer loop
    vertex 641.4689477472984 60.40028463179222 -6.000000000000009
    vertex 641.3653943567051 60.47974394309113 -3.0000000000000084
    vertex 641.3653943567051 60.47974394309115 -6.000000000000014
  endloop
endfacet
facet normal -0.6087614290087409 -0.7933533402912196 8.326672684688674e-17
  outer loop
    vertex 641.3653943567051 60.47974394309113 -3.0000000000000084
    vertex 641.4689477472984 60.40028463179222 -6.000000000000009
    vertex 641.4689477472984 60.40028463179222 -1.127986593019159e-14
  endloop
endfacet
facet normal -0.6087614290087409 -0.7933533402912196 8.326672684688674e-17
  outer loop
    vertex 641.3653943567051 60.47974394309113 -3.0000000000000084
    vertex 641.4689477472984 60.40028463179222 -1.127986593019159e-14
    vertex 641.2618409661119 60.55920325439008 -3.0000000000000084
  endloop
endfacet
facet normal -0.6087614290087409 -0.7933533402912196 8.326672684688674e-17
  outer loop
    vertex 641.2618409661119 60.55920325439008 -3.0000000000000084
    vertex 641.4689477472984 60.40028463179222 -1.127986593019159e-14
    vertex 641.2618409661119 60.55920325439008 -2.8199664825478975e-15
  endloop
endfacet
facet normal -0.7933533402912516 -0.6087614290086991 -1.3877787807814457e-16
  outer loop
    vertex 641.102922343514 60.76631003557665 0.0
    vertex 641.2618409661119 60.55920325439008 -3.0000000000000084
    vertex 641.2618409661119 60.55920325439008 -2.8199664825478975e-15
  endloop
endfacet
facet normal -0.7933533402912516 -0.6087614290086991 -1.3877787807814457e-16
  outer loop
    vertex 641.2618409661119 60.55920325439008 -3.0000000000000084
    vertex 641.102922343514 60.76631003557665 0.0
    vertex 641.102922343514 60.76631003557661 -3.0000000000000084
  endloop
endfacet
facet normal -0.9914448613738182 -0.1305261922199926 -6.938893903907228e-18
  outer loop
    vertex 640.9689477472984 61.26631003557664 2.8199664825478975e-15
    vertex 641.0030219210093 61.00749099047413 -3.00000000000002
    vertex 641.0030219210093 61.00749099047413 1.6919798895287383e-14
  endloop
endfacet
facet normal -0.9914448613738182 -0.1305261922199926 -6.938893903907228e-18
  outer loop
    vertex 641.0030219210093 61.00749099047413 -3.00000000000002
    vertex 640.9689477472984 61.26631003557664 2.8199664825478975e-15
    vertex 640.9689477472984 61.266310035576595 -3.0000000000000058
  endloop
endfacet
facet normal 0.38268343236513175 0.9238795325112694 -1.1102230246251565e-16
  outer loop
    vertex 587.227766792401 62.23223586186569 -5.639932965095795e-15
    vertex 587.4689477472984 62.132335439361064 -5.999999999999997
    vertex 587.227766792401 62.23223586186569 -6.000000000000009
  endloop
endfacet
facet normal 0.38268343236513175 0.9238795325112694 -1.1102230246251565e-16
  outer loop
    vertex 587.4689477472984 62.132335439361064 -5.999999999999997
    vertex 587.227766792401 62.23223586186569 -5.639932965095795e-15
    vertex 587.4689477472984 62.13233543936107 -1.4099832412739488e-14
  endloop
endfacet
facet normal -0.9914448613738182 0.1305261922199926 6.938893903907228e-18
  outer loop
    vertex 640.9689477472984 61.26631003557664 2.8199664825478975e-15
    vertex 641.0030219210093 61.525129080679186 -2.9999999999999947
    vertex 640.9689477472984 61.266310035576595 -3.0000000000000058
  endloop
endfacet
facet normal -0.9914448613738182 0.1305261922199926 6.938893903907228e-18
  outer loop
    vertex 641.0030219210093 61.525129080679186 -2.9999999999999947
    vertex 640.9689477472984 61.26631003557664 2.8199664825478975e-15
    vertex 641.0030219210093 61.52512908067915 2.8199664825478975e-15
  endloop
endfacet
facet normal 0.6087614290085739 -0.7933533402913479 5.551115123125783e-17
  outer loop
    vertex 642.676054528485 60.55920325439008 -2.8199664825478975e-15
    vertex 642.4689477472983 60.40028463179222 -6.000000000000009
    vertex 642.676054528485 60.55920325439009 -6.000000000000009
  endloop
endfacet
facet normal 0.6087614290085739 -0.7933533402913479 5.551115123125783e-17
  outer loop
    vertex 642.4689477472983 60.40028463179222 -6.000000000000009
    vertex 642.676054528485 60.55920325439008 -2.8199664825478975e-15
    vertex 642.4689477472983 60.40028463179222 -1.127986593019159e-14
  endloop
endfacet
facet normal 0.38268343236513175 -0.9238795325112694 1.1102230246251565e-16
  outer loop
    vertex 642.4689477472983 60.40028463179222 -1.127986593019159e-14
    vertex 642.227766792401 60.30038420928756 -6.000000000000003
    vertex 642.4689477472983 60.40028463179222 -6.000000000000009
  endloop
endfacet
facet normal 0.38268343236513175 -0.9238795325112694 1.1102230246251565e-16
  outer loop
    vertex 642.227766792401 60.30038420928756 -6.000000000000003
    vertex 642.4689477472983 60.40028463179222 -1.127986593019159e-14
    vertex 642.227766792401 60.30038420928759 0.0
  endloop
endfacet
facet normal 0.13052619222006637 0.9914448613738086 3.0531133177191805e-16
  outer loop
    vertex 641.9689477472984 62.2663100355766 -5.999999999999992
    vertex 642.227766792401 62.23223586186569 -5.639932965095795e-15
    vertex 642.227766792401 62.23223586186569 -6.000000000000009
  endloop
endfacet
facet normal 0.13052619222006637 0.9914448613738086 3.0531133177191805e-16
  outer loop
    vertex 642.227766792401 62.23223586186569 -5.639932965095795e-15
    vertex 641.9689477472984 62.2663100355766 -5.999999999999992
    vertex 641.9689477472984 62.26631003557663 5.639932965095795e-15
  endloop
endfacet
facet normal 0.9914448613738186 0.13052619221998887 6.938893903907228e-18
  outer loop
    vertex 639.0711702684312 34.48985290026909 -3.0000000000000084
    vertex 638.9689477472984 35.26631003557665 1.4099832412739488e-14
    vertex 639.0711702684312 34.489852900269085 -1.4099832412739488e-14
  endloop
endfacet
facet normal 0.9914448613738186 0.13052619221998887 6.938893903907228e-18
  outer loop
    vertex 638.9689477472984 35.26631003557665 1.4099832412739488e-14
    vertex 639.0711702684312 34.48985290026909 -3.0000000000000084
    vertex 638.9689477472984 35.266310035576645 -3.000000000000017
  endloop
endfacet
facet normal 0.130526192220053 0.9914448613738103 -2.7755575615628914e-17
  outer loop
    vertex 641.1924906119909 32.36853255670943 -3.3839597790574766e-14
    vertex 641.9689477472984 32.26631003557664 -6.000000000000009
    vertex 641.1924906119909 32.36853255670945 -6.000000000000009
  endloop
endfacet
facet normal 0.130526192220053 0.9914448613738103 -2.7755575615628914e-17
  outer loop
    vertex 641.9689477472984 32.26631003557664 -6.000000000000009
    vertex 641.1924906119909 32.36853255670943 -3.3839597790574766e-14
    vertex 641.9689477472984 32.26631003557665 -1.973976537783528e-14
  endloop
endfacet
facet normal 0.6087614290087409 -0.7933533402912196 8.326672684688674e-17
  outer loop
    vertex 640.4689477472983 37.864386246929946 -6.000000000000009
    vertex 639.8476274037388 37.38763037913629 -8.459899447643692e-15
    vertex 639.8476274037388 37.387630379136276 -6.000000000000031
  endloop
endfacet
facet normal 0.6087614290087409 -0.7933533402912196 8.326672684688674e-17
  outer loop
    vertex 639.8476274037388 37.38763037913629 -8.459899447643692e-15
    vertex 640.4689477472983 37.864386246929946 -6.000000000000009
    vertex 640.4689477472983 37.864386246929946 -1.4099832412739488e-14
  endloop
endfacet
facet normal 0.38268343236505026 0.9238795325113032 -2.7755575615628914e-17
  outer loop
    vertex 640.4689477472983 58.66823382422331 -5.999999999999997
    vertex 641.1924906119909 58.368532556709404 -2.8199664825478975e-15
    vertex 641.1924906119909 58.36853255670941 -6.00000000000002
  endloop
endfacet
facet normal 0.38268343236505026 0.9238795325113032 -2.7755575615628914e-17
  outer loop
    vertex 641.1924906119909 58.368532556709404 -2.8199664825478975e-15
    vertex 640.4689477472983 58.66823382422331 -5.999999999999997
    vertex 640.4689477472983 58.66823382422331 -2.8199664825478975e-15
  endloop
endfacet
facet normal 0.0 1.0 5.5511151231257815e-17
  outer loop
    vertex 641.9689477472984 30.266310035576634 -2.8199664825478975e-15
    vertex 646.9689477472984 30.266310035576623 -5.999999999999997
    vertex 641.9689477472984 30.266310035576623 -5.999999999999997
  endloop
endfacet
facet normal 0.0 1.0 5.5511151231257815e-17
  outer loop
    vertex 646.9689477472984 30.266310035576623 -5.999999999999997
    vertex 641.9689477472984 30.266310035576634 -2.8199664825478975e-15
    vertex 646.9689477472984 30.266310035576634 -2.8199664825478975e-15
  endloop
endfacet
facet normal 0.9238795325112849 0.38268343236509456 4.163336342344337e-17
  outer loop
    vertex 589.1340112567595 136.51631003557665 -5.999999999999986
    vertex 589.3837623130211 135.91335764833295 0.0
    vertex 589.3837623130211 135.9133576483329 -5.999999999999986
  endloop
endfacet
facet normal 0.9238795325112849 0.38268343236509456 4.163336342344337e-17
  outer loop
    vertex 589.3837623130211 135.91335764833295 0.0
    vertex 589.1340112567595 136.51631003557665 -5.999999999999986
    vertex 589.1340112567595 136.51631003557665 -8.459899447643692e-15
  endloop
endfacet
facet normal 0.13052619222005302 -0.9914448613738103 2.7755575615628914e-17
  outer loop
    vertex 641.9689477472984 38.26631003557665 -5.9999999999999805
    vertex 641.1924906119909 38.16408751444383 -3.101963130802687e-14
    vertex 641.1924906119909 38.16408751444385 -5.999999999999986
  endloop
endfacet
facet normal 0.13052619222005302 -0.9914448613738103 2.7755575615628914e-17
  outer loop
    vertex 641.1924906119909 38.16408751444383 -3.101963130802687e-14
    vertex 641.9689477472984 38.26631003557665 -5.9999999999999805
    vertex 641.9689477472984 38.26631003557663 -1.973976537783528e-14
  endloop
endfacet
facet normal 0.92387953251126 -0.38268343236515456 0.0
  outer loop
    vertex 639.0711702684312 36.0427671708842 -3.000000000000003
    vertex 639.3708715359452 36.76631003557664 -2.5379698342931078e-14
    vertex 639.0711702684312 36.04276717088419 8.459899447643692e-15
  endloop
endfacet
facet normal 0.92387953251126 -0.38268343236515456 0.0
  outer loop
    vertex 639.3708715359452 36.76631003557664 -2.5379698342931078e-14
    vertex 639.0711702684312 36.0427671708842 -3.000000000000003
    vertex 639.0711702684312 36.04276717088421 -5.999999999999975
  endloop
endfacet
facet normal 0.92387953251126 -0.38268343236515456 0.0
  outer loop
    vertex 639.3708715359452 36.76631003557664 -2.5379698342931078e-14
    vertex 639.0711702684312 36.04276717088421 -5.999999999999975
    vertex 639.3708715359452 36.766310035576616 -6.000000000000031
  endloop
endfacet
facet normal 0.9914448613738186 -0.13052619221998887 -6.938893903907228e-18
  outer loop
    vertex 639.0711702684312 36.0427671708842 -3.000000000000003
    vertex 638.9689477472984 35.26631003557665 1.4099832412739488e-14
    vertex 638.9689477472984 35.266310035576645 -3.000000000000017
  endloop
endfacet
facet normal 0.9914448613738186 -0.13052619221998887 -6.938893903907228e-18
  outer loop
    vertex 638.9689477472984 35.26631003557665 1.4099832412739488e-14
    vertex 639.0711702684312 36.0427671708842 -3.000000000000003
    vertex 639.0711702684312 36.04276717088419 8.459899447643692e-15
  endloop
endfacet
facet normal -1.0 0.0 0.0
  outer loop
    vertex 646.9689477472984 30.266310035576634 -2.8199664825478975e-15
    vertex 646.9689477472984 140.2663100355766 -5.999999999999975
    vertex 646.9689477472984 30.266310035576623 -5.999999999999997
  endloop
endfacet
facet normal -1.0 0.0 0.0
  outer loop
    vertex 646.9689477472984 140.2663100355766 -5.999999999999975
    vertex 646.9689477472984 30.266310035576634 -2.8199664825478975e-15
    vertex 646.9689477472984 140.2663100355766 0.0
  endloop
endfacet
facet normal -0.1305261922200494 0.9914448613738107 5.5511151231257815e-17
  outer loop
    vertex 586.3219001345421 137.6811246012993 -5.999999999999975
    vertex 586.9689477472984 137.76631003557662 5.639932965095795e-15
    vertex 586.9689477472984 137.76631003557657 -5.999999999999986
  endloop
endfacet
facet normal -0.1305261922200494 0.9914448613738107 5.5511151231257815e-17
  outer loop
    vertex 586.9689477472984 137.76631003557662 5.639932965095795e-15
    vertex 586.3219001345421 137.6811246012993 -5.999999999999975
    vertex 586.3219001345421 137.6811246012993 1.127986593019159e-14
  endloop
endfacet
facet normal 0.3826834323651147 0.9238795325112766 -1.1102230246251565e-16
  outer loop
    vertex 587.6159953600547 137.6811246012993 -5.999999999999975
    vertex 588.2189477472983 137.4313735450377 1.127986593019159e-14
    vertex 588.2189477472983 137.4313735450377 -5.999999999999997
  endloop
endfacet
facet normal 0.3826834323651147 0.9238795325112766 -1.1102230246251565e-16
  outer loop
    vertex 588.2189477472983 137.4313735450377 1.127986593019159e-14
    vertex 587.6159953600547 137.6811246012993 -5.999999999999975
    vertex 587.6159953600547 137.6811246012993 1.127986593019159e-14
  endloop
endfacet
facet normal 1.0 0.0 0.0
  outer loop
    vertex 641.9689477472984 32.26631003557664 -6.000000000000009
    vertex 641.9689477472984 30.266310035576634 -2.8199664825478975e-15
    vertex 641.9689477472984 30.266310035576623 -5.999999999999997
  endloop
endfacet
facet normal 1.0 0.0 0.0
  outer loop
    vertex 641.9689477472984 30.266310035576634 -2.8199664825478975e-15
    vertex 641.9689477472984 32.26631003557664 -6.000000000000009
    vertex 641.9689477472984 32.26631003557665 -1.973976537783528e-14
  endloop
endfacet
facet normal 0.7933533402912519 0.608761429008699 8.326672684688674e-17
  outer loop
    vertex 639.3708715359452 33.766310035576645 -6.000000000000009
    vertex 639.8476274037388 33.14498969201702 2.8199664825478975e-15
    vertex 639.8476274037388 33.14498969201697 -6.000000000000009
  endloop
endfacet
facet normal 0.7933533402912519 0.608761429008699 8.326672684688674e-17
  outer loop
    vertex 639.8476274037388 33.14498969201702 2.8199664825478975e-15
    vertex 639.3708715359452 33.766310035576645 -6.000000000000009
    vertex 639.3708715359452 33.76631003557664 8.459899447643692e-15
  endloop
endfacet
facet normal 0.1305261922200673 0.9914448613738084 5.551115123125783e-17
  outer loop
    vertex 586.9689477472984 137.76631003557662 5.639932965095795e-15
    vertex 587.6159953600547 137.6811246012993 -5.999999999999975
    vertex 586.9689477472984 137.76631003557657 -5.999999999999986
  endloop
endfacet
facet normal 0.1305261922200673 0.9914448613738084 5.551115123125783e-17
  outer loop
    vertex 587.6159953600547 137.6811246012993 -5.999999999999975
    vertex 586.9689477472984 137.76631003557662 5.639932965095795e-15
    vertex 587.6159953600547 137.6811246012993 1.127986593019159e-14
  endloop
endfacet
facet normal 0.130526192220053 0.9914448613738103 -2.7755575615628914e-17
  outer loop
    vertex 641.1924906119909 58.368532556709404 -2.8199664825478975e-15
    vertex 641.9689477472984 58.266310035576645 -5.999999999999997
    vertex 641.1924906119909 58.36853255670941 -6.00000000000002
  endloop
endfacet
facet normal 0.130526192220053 0.9914448613738103 -2.7755575615628914e-17
  outer loop
    vertex 641.9689477472984 58.266310035576645 -5.999999999999997
    vertex 641.1924906119909 58.368532556709404 -2.8199664825478975e-15
    vertex 641.9689477472984 58.26631003557664 2.8199664825478975e-15
  endloop
endfacet
facet normal 0.6087614290087591 0.7933533402912059 2.7755575615628914e-17
  outer loop
    vertex 639.8476274037388 33.14498969201702 2.8199664825478975e-15
    vertex 640.4689477472983 32.668233824223314 -6.000000000000009
    vertex 639.8476274037388 33.14498969201697 -6.000000000000009
  endloop
endfacet
facet normal 0.6087614290087591 0.7933533402912059 2.7755575615628914e-17
  outer loop
    vertex 640.4689477472983 32.668233824223314 -6.000000000000009
    vertex 639.8476274037388 33.14498969201702 2.8199664825478975e-15
    vertex 640.4689477472983 32.66823382422333 -2.8199664825478975e-15
  endloop
endfacet
facet normal 0.9238795325112835 -0.3826834323650977 2.7755575615628914e-17
  outer loop
    vertex 589.1340112567595 134.01631003557662 -6.000000000000003
    vertex 589.3837623130211 134.61926242282027 2.8199664825478975e-15
    vertex 589.1340112567595 134.01631003557657 2.8199664825478976e-14
  endloop
endfacet
facet normal 0.9238795325112835 -0.3826834323650977 2.7755575615628914e-17
  outer loop
    vertex 589.3837623130211 134.61926242282027 2.8199664825478975e-15
    vertex 589.1340112567595 134.01631003557662 -6.000000000000003
    vertex 589.3837623130211 134.61926242282033 -5.999999999999997
  endloop
endfacet
facet normal 0.7933533402912151 -0.6087614290087467 -8.326672684688674e-17
  outer loop
    vertex 589.1340112567595 134.01631003557662 -6.000000000000003
    vertex 588.7367147002648 133.49854308261027 0.0
    vertex 588.7367147002648 133.49854308261027 -6.000000000000009
  endloop
endfacet
facet normal 0.7933533402912151 -0.6087614290087467 -8.326672684688674e-17
  outer loop
    vertex 588.7367147002648 133.49854308261027 0.0
    vertex 589.1340112567595 134.01631003557662 -6.000000000000003
    vertex 589.1340112567595 134.01631003557657 2.8199664825478976e-14
  endloop
endfacet
facet normal 0.6087614290086906 -0.7933533402912584 -1.6653345369377348e-16
  outer loop
    vertex 588.7367147002648 133.49854308261027 0.0
    vertex 588.2189477472983 133.1012465261155 -6.000000000000003
    vertex 588.7367147002648 133.49854308261027 -6.000000000000009
  endloop
endfacet
facet normal 0.6087614290086906 -0.7933533402912584 -1.6653345369377348e-16
  outer loop
    vertex 588.2189477472983 133.1012465261155 -6.000000000000003
    vertex 588.7367147002648 133.49854308261027 0.0
    vertex 588.2189477472983 133.10124652611555 -3.101963130802687e-14
  endloop
endfacet
facet normal 0.7933533402912519 -0.608761429008699 -8.326672684688674e-17
  outer loop
    vertex 639.8476274037388 37.387630379136276 -6.000000000000031
    vertex 639.3708715359452 36.76631003557664 -2.5379698342931078e-14
    vertex 639.3708715359452 36.766310035576616 -6.000000000000031
  endloop
endfacet
facet normal 0.7933533402912519 -0.608761429008699 -8.326672684688674e-17
  outer loop
    vertex 639.3708715359452 36.76631003557664 -2.5379698342931078e-14
    vertex 639.8476274037388 37.387630379136276 -6.000000000000031
    vertex 639.8476274037388 37.38763037913629 -8.459899447643692e-15
  endloop
endfacet
facet normal 0.3826834323651147 -0.9238795325112766 1.1102230246251565e-16
  outer loop
    vertex 588.2189477472983 133.1012465261155 -6.000000000000003
    vertex 587.6159953600547 132.85149546985392 2.8199664825478975e-15
    vertex 587.6159953600547 132.85149546985397 -6.00000000000002
  endloop
endfacet
facet normal 0.3826834323651147 -0.9238795325112766 1.1102230246251565e-16
  outer loop
    vertex 587.6159953600547 132.85149546985392 2.8199664825478975e-15
    vertex 588.2189477472983 133.1012465261155 -6.000000000000003
    vertex 588.2189477472983 133.10124652611555 -3.101963130802687e-14
  endloop
endfacet
facet normal 0.3826834323650503 0.9238795325113032 -2.7755575615628914e-17
  outer loop
    vertex 640.4689477472983 32.66823382422333 -2.8199664825478975e-15
    vertex 641.1924906119909 32.36853255670945 -6.000000000000009
    vertex 640.4689477472983 32.668233824223314 -6.000000000000009
  endloop
endfacet
facet normal 0.3826834323650503 0.9238795325113032 -2.7755575615628914e-17
  outer loop
    vertex 641.1924906119909 32.36853255670945 -6.000000000000009
    vertex 640.4689477472983 32.66823382422333 -2.8199664825478975e-15
    vertex 641.1924906119909 32.36853255670943 -3.3839597790574766e-14
  endloop
endfacet
facet normal 0.6087614290087591 0.7933533402912059 2.7755575615628914e-17
  outer loop
    vertex 639.8476274037388 59.14498969201699 -5.639932965095795e-15
    vertex 640.4689477472983 58.66823382422331 -5.999999999999997
    vertex 639.8476274037388 59.14498969201699 -5.999999999999997
  endloop
endfacet
facet normal 0.6087614290087591 0.7933533402912059 2.7755575615628914e-17
  outer loop
    vertex 640.4689477472983 58.66823382422331 -5.999999999999997
    vertex 639.8476274037388 59.14498969201699 -5.639932965095795e-15
    vertex 640.4689477472983 58.66823382422331 -2.8199664825478975e-15
  endloop
endfacet
facet normal 0.92387953251126 0.38268343236515456 0.0
  outer loop
    vertex 639.3708715359452 33.766310035576645 -6.000000000000009
    vertex 639.0711702684312 34.489852900269085 -1.4099832412739488e-14
    vertex 639.3708715359452 33.76631003557664 8.459899447643692e-15
  endloop
endfacet
facet normal 0.92387953251126 0.38268343236515456 0.0
  outer loop
    vertex 639.0711702684312 34.489852900269085 -1.4099832412739488e-14
    vertex 639.3708715359452 33.766310035576645 -6.000000000000009
    vertex 639.0711702684312 34.48985290026905 -5.999999999999997
  endloop
endfacet
facet normal 0.92387953251126 0.38268343236515456 0.0
  outer loop
    vertex 639.0711702684312 34.489852900269085 -1.4099832412739488e-14
    vertex 639.0711702684312 34.48985290026905 -5.999999999999997
    vertex 639.0711702684312 34.48985290026909 -3.0000000000000084
  endloop
endfacet
facet normal 0.793353340291212 0.6087614290087512 0.0
  outer loop
    vertex 588.7367147002648 137.03407698854295 -6.000000000000003
    vertex 589.1340112567595 136.51631003557665 -8.459899447643692e-15
    vertex 589.1340112567595 136.51631003557665 -5.999999999999986
  endloop
endfacet
facet normal 0.793353340291212 0.6087614290087512 0.0
  outer loop
    vertex 589.1340112567595 136.51631003557665 -8.459899447643692e-15
    vertex 588.7367147002648 137.03407698854295 -6.000000000000003
    vertex 588.7367147002648 137.034076988543 -8.459899447643692e-15
  endloop
endfacet
facet normal 1.0 0.0 0.0
  outer loop
    vertex 641.9689477472984 38.26631003557665 -5.9999999999999805
    vertex 641.9689477472984 58.26631003557664 2.8199664825478975e-15
    vertex 641.9689477472984 38.26631003557663 -1.973976537783528e-14
  endloop
endfacet
facet normal 1.0 0.0 0.0
  outer loop
    vertex 641.9689477472984 58.26631003557664 2.8199664825478975e-15
    vertex 641.9689477472984 38.26631003557665 -5.9999999999999805
    vertex 641.9689477472984 58.266310035576645 -5.999999999999997
  endloop
endfacet
facet normal 0.6087614290086906 0.7933533402912584 1.6653345369377348e-16
  outer loop
    vertex 588.2189477472983 137.4313735450377 -5.999999999999997
    vertex 588.7367147002648 137.034076988543 -8.459899447643692e-15
    vertex 588.7367147002648 137.03407698854295 -6.000000000000003
  endloop
endfacet
facet normal 0.6087614290086906 0.7933533402912584 1.6653345369377348e-16
  outer loop
    vertex 588.7367147002648 137.034076988543 -8.459899447643692e-15
    vertex 588.2189477472983 137.4313735450377 -5.999999999999997
    vertex 588.2189477472983 137.4313735450377 1.127986593019159e-14
  endloop
endfacet
facet normal 0.9914448613738098 0.1305261922200561 6.938893903907228e-18
  outer loop
    vertex 589.3837623130211 135.9133576483329 -5.999999999999986
    vertex 589.4689477472984 135.26631003557665 -2.8199664825478975e-15
    vertex 589.4689477472984 135.2663100355766 -5.999999999999986
  endloop
endfacet
facet normal 0.9914448613738098 0.1305261922200561 6.938893903907228e-18
  outer loop
    vertex 589.4689477472984 135.26631003557665 -2.8199664825478975e-15
    vertex 589.3837623130211 135.9133576483329 -5.999999999999986
    vertex 589.3837623130211 135.91335764833295 0.0
  endloop
endfacet
facet normal 0.9914448613738098 -0.1305261922200561 6.938893903907228e-18
  outer loop
    vertex 589.3837623130211 134.61926242282033 -5.999999999999997
    vertex 589.4689477472984 135.26631003557665 -2.8199664825478975e-15
    vertex 589.3837623130211 134.61926242282027 2.8199664825478975e-15
  endloop
endfacet
facet normal 0.9914448613738098 -0.1305261922200561 6.938893903907228e-18
  outer loop
    vertex 589.4689477472984 135.26631003557665 -2.8199664825478975e-15
    vertex 589.3837623130211 134.61926242282033 -5.999999999999997
    vertex 589.4689477472984 135.2663100355766 -5.999999999999986
  endloop
endfacet
facet normal 0.3826834323650749 -0.923879532511293 1.1102230246251565e-16
  outer loop
    vertex 641.1924906119909 38.16408751444385 -5.999999999999986
    vertex 640.4689477472983 37.864386246929946 -1.4099832412739488e-14
    vertex 640.4689477472983 37.864386246929946 -6.000000000000009
  endloop
endfacet
facet normal 0.3826834323650749 -0.923879532511293 1.1102230246251565e-16
  outer loop
    vertex 640.4689477472983 37.864386246929946 -1.4099832412739488e-14
    vertex 641.1924906119909 38.16408751444385 -5.999999999999986
    vertex 641.1924906119909 38.16408751444383 -3.101963130802687e-14
  endloop
endfacet
facet normal 0.1305261922200673 -0.9914448613738084 -5.551115123125783e-17
  outer loop
    vertex 587.6159953600547 132.85149546985392 2.8199664825478975e-15
    vertex 586.9689477472984 132.76631003557662 -6.000000000000014
    vertex 587.6159953600547 132.85149546985397 -6.00000000000002
  endloop
endfacet
facet normal 0.1305261922200673 -0.9914448613738084 -5.551115123125783e-17
  outer loop
    vertex 586.9689477472984 132.76631003557662 -6.000000000000014
    vertex 587.6159953600547 132.85149546985392 2.8199664825478975e-15
    vertex 586.9689477472984 132.7663100355766 -2.8199664825478975e-15
  endloop
endfacet
facet normal -0.6087614290087626 -0.7933533402912031 -5.551115123125783e-17
  outer loop
    vertex 585.7189477472983 133.1012465261155 -6.000000000000003
    vertex 585.2011807943321 133.49854308261027 0.0
    vertex 585.2011807943321 133.49854308261027 -6.000000000000009
  endloop
endfacet
facet normal -0.6087614290087626 -0.7933533402912031 -5.551115123125783e-17
  outer loop
    vertex 585.2011807943321 133.49854308261027 0.0
    vertex 585.7189477472983 133.1012465261155 -6.000000000000003
    vertex 585.7189477472983 133.10124652611555 -3.101963130802687e-14
  endloop
endfacet
facet normal -0.9238795325112642 -0.38268343236514446 0.0
  outer loop
    vertex 586.0030219210093 61.00749099047413 1.6919798895287383e-14
    vertex 586.102922343514 60.76631003557665 -5.999999999999997
    vertex 586.102922343514 60.76631003557665 0.0
  endloop
endfacet
facet normal -0.9238795325112642 -0.38268343236514446 0.0
  outer loop
    vertex 586.102922343514 60.76631003557665 -5.999999999999997
    vertex 586.0030219210093 61.00749099047413 1.6919798895287383e-14
    vertex 586.0030219210093 61.00749099047413 -5.999999999999986
  endloop
endfacet
facet normal -0.9914448613738182 -0.1305261922199926 -6.938893903907228e-18
  outer loop
    vertex 585.9689477472984 61.26631003557664 2.8199664825478975e-15
    vertex 586.0030219210093 61.00749099047413 -5.999999999999986
    vertex 586.0030219210093 61.00749099047413 1.6919798895287383e-14
  endloop
endfacet
facet normal -0.9914448613738182 -0.1305261922199926 -6.938893903907228e-18
  outer loop
    vertex 586.0030219210093 61.00749099047413 -5.999999999999986
    vertex 585.9689477472984 61.26631003557664 2.8199664825478975e-15
    vertex 585.9689477472984 61.266310035576666 -5.9999999999999805
  endloop
endfacet
facet normal -0.9238795325112849 -0.38268343236509456 -4.163336342344337e-17
  outer loop
    vertex 584.5541331815757 134.61926242282027 2.8199664825478975e-15
    vertex 584.8038842378373 134.01631003557662 -6.000000000000014
    vertex 584.8038842378373 134.01631003557657 2.8199664825478976e-14
  endloop
endfacet
facet normal -0.9238795325112849 -0.38268343236509456 -4.163336342344337e-17
  outer loop
    vertex 584.8038842378373 134.01631003557662 -6.000000000000014
    vertex 584.5541331815757 134.61926242282027 2.8199664825478975e-15
    vertex 584.5541331815757 134.61926242282033 -5.999999999999997
  endloop
endfacet
facet normal -0.38268343236500973 -0.92387953251132 8.326672684688674e-17
  outer loop
    vertex 586.7101287021959 60.30038420928756 -6.000000000000003
    vertex 586.4689477472984 60.40028463179222 -1.127986593019159e-14
    vertex 586.4689477472984 60.40028463179222 -6.000000000000009
  endloop
endfacet
facet normal -0.38268343236500973 -0.92387953251132 8.326672684688674e-17
  outer loop
    vertex 586.4689477472984 60.40028463179222 -1.127986593019159e-14
    vertex 586.7101287021959 60.30038420928756 -6.000000000000003
    vertex 586.7101287021959 60.30038420928759 0.0
  endloop
endfacet
facet normal -0.38268343236506575 0.9238795325112967 5.551115123125783e-17
  outer loop
    vertex 585.7189477472983 137.4313735450377 1.127986593019159e-14
    vertex 586.3219001345421 137.6811246012993 -5.999999999999975
    vertex 585.7189477472983 137.4313735450377 -5.999999999999997
  endloop
endfacet
facet normal -0.38268343236506575 0.9238795325112967 5.551115123125783e-17
  outer loop
    vertex 586.3219001345421 137.6811246012993 -5.999999999999975
    vertex 585.7189477472983 137.4313735450377 1.127986593019159e-14
    vertex 586.3219001345421 137.6811246012993 1.127986593019159e-14
  endloop
endfacet
facet normal -0.7933533402912151 0.6087614290087467 8.326672684688674e-17
  outer loop
    vertex 585.2011807943321 137.034076988543 -8.459899447643692e-15
    vertex 584.8038842378373 136.51631003557665 -5.999999999999992
    vertex 584.8038842378373 136.51631003557665 -3.665956427312267e-14
  endloop
endfacet
facet normal -0.7933533402912151 0.6087614290087467 8.326672684688674e-17
  outer loop
    vertex 584.8038842378373 136.51631003557665 -5.999999999999992
    vertex 585.2011807943321 137.034076988543 -8.459899447643692e-15
    vertex 585.2011807943321 137.03407698854295 -6.000000000000003
  endloop
endfacet
facet normal 0.9914448613738182 0.1305261922199926 6.938893903907228e-18
  outer loop
    vertex 587.9348735735875 61.525129080679186 -2.9999999999999947
    vertex 587.9689477472984 61.26631003557664 2.8199664825478975e-15
    vertex 587.9689477472984 61.266310035576595 -3.0000000000000058
  endloop
endfacet
facet normal 0.9914448613738182 0.1305261922199926 6.938893903907228e-18
  outer loop
    vertex 587.9689477472984 61.26631003557664 2.8199664825478975e-15
    vertex 587.9348735735875 61.525129080679186 -2.9999999999999947
    vertex 587.9348735735875 61.52512908067915 2.8199664825478975e-15
  endloop
endfacet
facet normal 0.38268343236513175 -0.9238795325112694 1.1102230246251565e-16
  outer loop
    vertex 587.4689477472984 60.40028463179222 -1.127986593019159e-14
    vertex 587.227766792401 60.30038420928756 -6.000000000000003
    vertex 587.4689477472984 60.40028463179222 -6.000000000000009
  endloop
endfacet
facet normal 0.38268343236513175 -0.9238795325112694 1.1102230246251565e-16
  outer loop
    vertex 587.227766792401 60.30038420928756 -6.000000000000003
    vertex 587.4689477472984 60.40028463179222 -1.127986593019159e-14
    vertex 587.227766792401 60.30038420928759 0.0
  endloop
endfacet
facet normal -0.9914448613738182 0.1305261922199926 6.938893903907228e-18
  outer loop
    vertex 586.0030219210093 61.52512908067915 2.8199664825478975e-15
    vertex 585.9689477472984 61.266310035576666 -5.9999999999999805
    vertex 585.9689477472984 61.26631003557664 2.8199664825478975e-15
  endloop
endfacet
facet normal -0.9914448613738182 0.1305261922199926 6.938893903907228e-18
  outer loop
    vertex 585.9689477472984 61.266310035576666 -5.9999999999999805
    vertex 586.0030219210093 61.52512908067915 2.8199664825478975e-15
    vertex 586.0030219210093 61.52512908067915 -6.000000000000003
  endloop
endfacet
facet normal 0.9238795325112642 -0.3826834323651444 0.0
  outer loop
    vertex 587.9348735735875 61.00749099047413 -3.00000000000002
    vertex 587.8349731510829 60.76631003557665 0.0
    vertex 587.8349731510829 60.76631003557661 -3.0000000000000084
  endloop
endfacet
facet normal 0.9238795325112642 -0.3826834323651444 0.0
  outer loop
    vertex 587.8349731510829 60.76631003557665 0.0
    vertex 587.9348735735875 61.00749099047413 -3.00000000000002
    vertex 587.9348735735875 61.00749099047413 1.6919798895287383e-14
  endloop
endfacet
facet normal -0.13052619222004092 -0.9914448613738118 -5.551115123125783e-17
  outer loop
    vertex 586.9689477472984 132.76631003557662 -6.000000000000014
    vertex 586.3219001345421 132.85149546985392 -2.8199664825478975e-15
    vertex 586.3219001345421 132.85149546985397 -6.00000000000002
  endloop
endfacet
facet normal -0.13052619222004092 -0.9914448613738118 -5.551115123125783e-17
  outer loop
    vertex 586.3219001345421 132.85149546985392 -2.8199664825478975e-15
    vertex 586.9689477472984 132.76631003557662 -6.000000000000014
    vertex 586.9689477472984 132.7663100355766 -2.8199664825478975e-15
  endloop
endfacet
facet normal -0.793353340291212 -0.6087614290087512 0.0
  outer loop
    vertex 584.8038842378373 134.01631003557657 2.8199664825478976e-14
    vertex 585.2011807943321 133.49854308261027 -6.000000000000009
    vertex 585.2011807943321 133.49854308261027 0.0
  endloop
endfacet
facet normal -0.793353340291212 -0.6087614290087512 0.0
  outer loop
    vertex 585.2011807943321 133.49854308261027 -6.000000000000009
    vertex 584.8038842378373 134.01631003557657 2.8199664825478976e-14
    vertex 584.8038842378373 134.01631003557662 -6.000000000000014
  endloop
endfacet
facet normal -0.6087614290087409 -0.7933533402912196 8.326672684688674e-17
  outer loop
    vertex 586.4689477472984 60.40028463179222 -1.127986593019159e-14
    vertex 586.2618409661119 60.55920325439009 -6.000000000000009
    vertex 586.4689477472984 60.40028463179222 -6.000000000000009
  endloop
endfacet
facet normal -0.6087614290087409 -0.7933533402912196 8.326672684688674e-17
  outer loop
    vertex 586.2618409661119 60.55920325439009 -6.000000000000009
    vertex 586.4689477472984 60.40028463179222 -1.127986593019159e-14
    vertex 586.2618409661119 60.55920325439008 -2.8199664825478975e-15
  endloop
endfacet
facet normal -0.9238795325112642 0.38268343236514446 0.0
  outer loop
    vertex 586.102922343514 61.76631003557664 1.127986593019159e-14
    vertex 586.0030219210093 61.52512908067915 -6.000000000000003
    vertex 586.0030219210093 61.52512908067915 2.8199664825478975e-15
  endloop
endfacet
facet normal -0.9238795325112642 0.38268343236514446 0.0
  outer loop
    vertex 586.0030219210093 61.52512908067915 -6.000000000000003
    vertex 586.102922343514 61.76631003557664 1.127986593019159e-14
    vertex 586.102922343514 61.76631003557661 -5.999999999999997
  endloop
endfacet
facet normal -0.9914448613738098 0.1305261922200561 -6.938893903907228e-18
  outer loop
    vertex 584.4689477472984 135.26631003557665 -2.8199664825478975e-15
    vertex 584.5541331815757 135.9133576483329 -5.999999999999986
    vertex 584.4689477472984 135.2663100355766 -5.999999999999986
  endloop
endfacet
facet normal -0.9914448613738098 0.1305261922200561 -6.938893903907228e-18
  outer loop
    vertex 584.5541331815757 135.9133576483329 -5.999999999999986
    vertex 584.4689477472984 135.26631003557665 -2.8199664825478975e-15
    vertex 584.5541331815757 135.91335764833295 0.0
  endloop
endfacet
facet normal -0.6087614290087572 0.7933533402912071 -1.1102230246251563e-16
  outer loop
    vertex 585.2011807943321 137.034076988543 -8.459899447643692e-15
    vertex 585.7189477472983 137.4313735450377 -5.999999999999997
    vertex 585.2011807943321 137.03407698854295 -6.000000000000003
  endloop
endfacet
facet normal -0.6087614290087572 0.7933533402912071 -1.1102230246251563e-16
  outer loop
    vertex 585.7189477472983 137.4313735450377 -5.999999999999997
    vertex 585.2011807943321 137.034076988543 -8.459899447643692e-15
    vertex 585.7189477472983 137.4313735450377 1.127986593019159e-14
  endloop
endfacet
facet normal -0.7933533402912519 0.608761429008699 8.326672684688674e-17
  outer loop
    vertex 586.102922343514 61.76631003557664 1.127986593019159e-14
    vertex 586.2618409661119 61.97341681676317 -6.00000000000002
    vertex 586.102922343514 61.76631003557661 -5.999999999999997
  endloop
endfacet
facet normal -0.7933533402912519 0.608761429008699 8.326672684688674e-17
  outer loop
    vertex 586.2618409661119 61.97341681676317 -6.00000000000002
    vertex 586.102922343514 61.76631003557664 1.127986593019159e-14
    vertex 586.2618409661119 61.97341681676317 2.8199664825478975e-15
  endloop
endfacet
facet normal -0.6087614290087409 0.7933533402912196 -8.326672684688674e-17
  outer loop
    vertex 586.2618409661119 61.97341681676317 2.8199664825478975e-15
    vertex 586.4689477472984 62.132335439361064 -5.999999999999997
    vertex 586.2618409661119 61.97341681676317 -6.00000000000002
  endloop
endfacet
facet normal -0.6087614290087409 0.7933533402912196 -8.326672684688674e-17
  outer loop
    vertex 586.4689477472984 62.132335439361064 -5.999999999999997
    vertex 586.2618409661119 61.97341681676317 2.8199664825478975e-15
    vertex 586.4689477472984 62.13233543936107 -1.4099832412739488e-14
  endloop
endfacet
facet normal -0.9238795325112835 0.3826834323650977 -2.7755575615628914e-17
  outer loop
    vertex 584.5541331815757 135.91335764833295 0.0
    vertex 584.8038842378373 136.51631003557665 -5.999999999999992
    vertex 584.5541331815757 135.9133576483329 -5.999999999999986
  endloop
endfacet
facet normal -0.9238795325112835 0.3826834323650977 -2.7755575615628914e-17
  outer loop
    vertex 584.8038842378373 136.51631003557665 -5.999999999999992
    vertex 584.5541331815757 135.91335764833295 0.0
    vertex 584.8038842378373 136.51631003557665 -3.665956427312267e-14
  endloop
endfacet
facet normal -0.9914448613738098 -0.1305261922200561 -6.938893903907228e-18
  outer loop
    vertex 584.4689477472984 135.26631003557665 -2.8199664825478975e-15
    vertex 584.5541331815757 134.61926242282033 -5.999999999999997
    vertex 584.5541331815757 134.61926242282027 2.8199664825478975e-15
  endloop
endfacet
facet normal -0.9914448613738098 -0.1305261922200561 -6.938893903907228e-18
  outer loop
    vertex 584.5541331815757 134.61926242282033 -5.999999999999997
    vertex 584.4689477472984 135.26631003557665 -2.8199664825478975e-15
    vertex 584.4689477472984 135.2663100355766 -5.999999999999986
  endloop
endfacet
facet normal -0.38268343236506575 -0.9238795325112967 -5.551115123125783e-17
  outer loop
    vertex 586.3219001345421 132.85149546985392 -2.8199664825478975e-15
    vertex 585.7189477472983 133.1012465261155 -6.000000000000003
    vertex 586.3219001345421 132.85149546985397 -6.00000000000002
  endloop
endfacet
facet normal -0.38268343236506575 -0.9238795325112967 -5.551115123125783e-17
  outer loop
    vertex 585.7189477472983 133.1012465261155 -6.000000000000003
    vertex 586.3219001345421 132.85149546985392 -2.8199664825478975e-15
    vertex 585.7189477472983 133.10124652611555 -3.101963130802687e-14
  endloop
endfacet
facet normal 0.6087614290087409 -0.7933533402912198 -2.7755575615628914e-17
  outer loop
    vertex 587.676054528485 60.55920325439008 -2.8199664825478975e-15
    vertex 587.5725011378917 60.47974394309113 -3.0000000000000084
    vertex 587.676054528485 60.55920325439008 -3.0000000000000084
  endloop
endfacet
facet normal 0.6087614290087409 -0.7933533402912198 -2.7755575615628914e-17
  outer loop
    vertex 587.5725011378917 60.47974394309113 -3.0000000000000084
    vertex 587.676054528485 60.55920325439008 -2.8199664825478975e-15
    vertex 587.4689477472984 60.40028463179222 -1.127986593019159e-14
  endloop
endfacet
facet normal 0.6087614290087409 -0.7933533402912198 -2.7755575615628914e-17
  outer loop
    vertex 587.5725011378917 60.47974394309113 -3.0000000000000084
    vertex 587.4689477472984 60.40028463179222 -6.000000000000009
    vertex 587.5725011378917 60.47974394309115 -6.000000000000014
  endloop
endfacet
facet normal 0.6087614290087409 -0.7933533402912198 -2.7755575615628914e-17
  outer loop
    vertex 587.4689477472984 60.40028463179222 -6.000000000000009
    vertex 587.5725011378917 60.47974394309113 -3.0000000000000084
    vertex 587.4689477472984 60.40028463179222 -1.127986593019159e-14
  endloop
endfacet
facet normal 0.9914448613738182 -0.1305261922199926 -6.938893903907228e-18
  outer loop
    vertex 587.9689477472984 61.266310035576595 -3.0000000000000058
    vertex 587.9348735735875 61.00749099047413 1.6919798895287383e-14
    vertex 587.9348735735875 61.00749099047413 -3.00000000000002
  endloop
endfacet
facet normal 0.9914448613738182 -0.1305261922199926 -6.938893903907228e-18
  outer loop
    vertex 587.9348735735875 61.00749099047413 1.6919798895287383e-14
    vertex 587.9689477472984 61.266310035576595 -3.0000000000000058
    vertex 587.9689477472984 61.26631003557664 2.8199664825478975e-15
  endloop
endfacet
facet normal 0.13052619222006637 -0.9914448613738086 -3.0531133177191805e-16
  outer loop
    vertex 587.227766792401 60.30038420928759 0.0
    vertex 586.9689477472984 60.26631003557663 -5.999999999999986
    vertex 587.227766792401 60.30038420928756 -6.000000000000003
  endloop
endfacet
facet normal 0.13052619222006637 -0.9914448613738086 -3.0531133177191805e-16
  outer loop
    vertex 586.9689477472984 60.26631003557663 -5.999999999999986
    vertex 587.227766792401 60.30038420928759 0.0
    vertex 586.9689477472984 60.266310035576666 1.4099832412739488e-14
  endloop
endfacet
facet normal 0.7933533402912516 -0.6087614290086991 -1.3877787807814457e-16
  outer loop
    vertex 587.8349731510829 60.76631003557661 -3.0000000000000084
    vertex 587.676054528485 60.55920325439008 -2.8199664825478975e-15
    vertex 587.676054528485 60.55920325439008 -3.0000000000000084
  endloop
endfacet
facet normal 0.7933533402912516 -0.6087614290086991 -1.3877787807814457e-16
  outer loop
    vertex 587.676054528485 60.55920325439008 -2.8199664825478975e-15
    vertex 587.8349731510829 60.76631003557661 -3.0000000000000084
    vertex 587.8349731510829 60.76631003557665 0.0
  endloop
endfacet
facet normal -0.13052619222006637 -0.9914448613738086 -3.0531133177191805e-16
  outer loop
    vertex 586.9689477472984 60.26631003557663 -5.999999999999986
    vertex 586.7101287021959 60.30038420928759 0.0
    vertex 586.7101287021959 60.30038420928756 -6.000000000000003
  endloop
endfacet
facet normal -0.13052619222006637 -0.9914448613738086 -3.0531133177191805e-16
  outer loop
    vertex 586.7101287021959 60.30038420928759 0.0
    vertex 586.9689477472984 60.26631003557663 -5.999999999999986
    vertex 586.9689477472984 60.266310035576666 1.4099832412739488e-14
  endloop
endfacet
facet normal -0.7933533402912519 -0.608761429008699 -8.326672684688674e-17
  outer loop
    vertex 586.102922343514 60.76631003557665 0.0
    vertex 586.2618409661119 60.55920325439009 -6.000000000000009
    vertex 586.2618409661119 60.55920325439008 -2.8199664825478975e-15
  endloop
endfacet
facet normal -0.7933533402912519 -0.608761429008699 -8.326672684688674e-17
  outer loop
    vertex 586.2618409661119 60.55920325439009 -6.000000000000009
    vertex 586.102922343514 60.76631003557665 0.0
    vertex 586.102922343514 60.76631003557665 -5.999999999999997
  endloop
endfacet
facet normal -0.3826834323650971 0.9238795325112837 -5.5511151231257815e-17
  outer loop
    vertex 585.745404882606 119.36853255670943 -1.973976537783528e-14
    vertex 586.4689477472984 119.66823382422334 -6.000000000000009
    vertex 585.745404882606 119.36853255670943 -6.000000000000009
  endloop
endfacet
facet normal -0.3826834323650971 0.9238795325112837 -5.5511151231257815e-17
  outer loop
    vertex 586.4689477472984 119.66823382422334 -6.000000000000009
    vertex 585.745404882606 119.36853255670943 -1.973976537783528e-14
    vertex 586.4689477472984 119.66823382422338 8.459899447643692e-15
  endloop
endfacet
facet normal 0.9914448613738098 0.1305261922200561 6.938893903907228e-18
  outer loop
    vertex 644.3837623130211 135.9133576483329 -5.999999999999986
    vertex 644.4689477472983 135.26631003557665 -2.8199664825478975e-15
    vertex 644.4689477472983 135.2663100355766 -5.999999999999986
  endloop
endfacet
facet normal 0.9914448613738098 0.1305261922200561 6.938893903907228e-18
  outer loop
    vertex 644.4689477472983 135.26631003557665 -2.8199664825478975e-15
    vertex 644.3837623130211 135.9133576483329 -5.999999999999986
    vertex 644.3837623130211 135.91335764833295 0.0
  endloop
endfacet
facet normal 0.6087614290087681 0.7933533402911989 5.551115123125783e-17
  outer loop
    vertex 614.9689477472984 123.13233543936106 1.127986593019159e-14
    vertex 615.1760545284849 122.97341681676318 -3.000000000000003
    vertex 614.9689477472984 123.13233543936101 -3.000000000000003
  endloop
endfacet
facet normal 0.6087614290087681 0.7933533402911989 5.551115123125783e-17
  outer loop
    vertex 615.1760545284849 122.97341681676318 -3.000000000000003
    vertex 614.9689477472984 123.13233543936106 1.127986593019159e-14
    vertex 615.1760545284849 122.97341681676322 -2.8199664825478975e-15
  endloop
endfacet
facet normal 0.9914448613738098 -0.1305261922200561 6.938893903907228e-18
  outer loop
    vertex 644.3837623130211 134.61926242282033 -5.999999999999997
    vertex 644.4689477472983 135.26631003557665 -2.8199664825478975e-15
    vertex 644.3837623130211 134.61926242282027 2.8199664825478975e-15
  endloop
endfacet
facet normal 0.9914448613738098 -0.1305261922200561 6.938893903907228e-18
  outer loop
    vertex 644.4689477472983 135.26631003557665 -2.8199664825478975e-15
    vertex 644.3837623130211 134.61926242282033 -5.999999999999997
    vertex 644.4689477472983 135.2663100355766 -5.999999999999986
  endloop
endfacet
facet normal -0.1305261922200494 0.9914448613738107 5.5511151231257815e-17
  outer loop
    vertex 641.321900134542 137.6811246012993 -5.999999999999975
    vertex 641.9689477472984 137.76631003557662 5.639932965095795e-15
    vertex 641.9689477472984 137.76631003557657 -5.999999999999986
  endloop
endfacet
facet normal -0.1305261922200494 0.9914448613738107 5.5511151231257815e-17
  outer loop
    vertex 641.9689477472984 137.76631003557662 5.639932965095795e-15
    vertex 641.321900134542 137.6811246012993 -5.999999999999975
    vertex 641.321900134542 137.6811246012993 1.127986593019159e-14
  endloop
endfacet
facet normal 0.3826834323651317 -0.9238795325112694 1.1102230246251565e-16
  outer loop
    vertex 614.9689477472984 121.40028463179215 1.4099832412739488e-14
    vertex 614.727766792401 121.3003842092875 -3.000000000000003
    vertex 614.9689477472984 121.4002846317922 -3.0000000000000084
  endloop
endfacet
facet normal 0.3826834323651317 -0.9238795325112694 1.1102230246251565e-16
  outer loop
    vertex 614.727766792401 121.3003842092875 -3.000000000000003
    vertex 614.9689477472984 121.40028463179215 1.4099832412739488e-14
    vertex 614.727766792401 121.30038420928754 -2.8199664825478975e-15
  endloop
endfacet
facet normal 0.1305261922200494 -0.9914448613738107 -5.5511151231257815e-17
  outer loop
    vertex 642.6159953600547 132.85149546985392 2.8199664825478975e-15
    vertex 641.9689477472984 132.76631003557662 -6.000000000000014
    vertex 642.6159953600547 132.85149546985397 -6.00000000000002
  endloop
endfacet
facet normal 0.1305261922200494 -0.9914448613738107 -5.5511151231257815e-17
  outer loop
    vertex 641.9689477472984 132.76631003557662 -6.000000000000014
    vertex 642.6159953600547 132.85149546985392 2.8199664825478975e-15
    vertex 641.9689477472984 132.7663100355766 -2.8199664825478975e-15
  endloop
endfacet
facet normal 0.7933533402912438 0.6087614290087093 8.326672684688674e-17
  outer loop
    vertex 615.1760545284849 122.97341681676318 -3.000000000000003
    vertex 615.3349731510829 122.76631003557665 3.3839597790574766e-14
    vertex 615.3349731510829 122.76631003557661 -2.9999999999999973
  endloop
endfacet
facet normal 0.7933533402912438 0.6087614290087093 8.326672684688674e-17
  outer loop
    vertex 615.3349731510829 122.76631003557665 3.3839597790574766e-14
    vertex 615.1760545284849 122.97341681676318 -3.000000000000003
    vertex 615.1760545284849 122.97341681676322 -2.8199664825478975e-15
  endloop
endfacet
facet normal 0.0 1.0 5.5511151231257815e-17
  outer loop
    vertex 612.8689477472984 139.3663100355766 3.666511538824579e-14
    vertex 616.0689477472984 139.3663100355766 -5.999999999999992
    vertex 612.8689477472984 139.3663100355766 -5.999999999999992
  endloop
endfacet
facet normal 0.0 1.0 5.5511151231257815e-17
  outer loop
    vertex 616.0689477472984 139.3663100355766 -5.999999999999992
    vertex 612.8689477472984 139.3663100355766 3.666511538824579e-14
    vertex 616.0689477472984 139.3663100355766 3.666511538824579e-14
  endloop
endfacet
facet normal 0.7933533402912438 -0.6087614290087093 -8.326672684688674e-17
  outer loop
    vertex 615.3349731510829 121.76631003557665 -3.0000000000000084
    vertex 615.1760545284849 121.55920325439008 -2.8199664825478975e-15
    vertex 615.1760545284849 121.55920325439008 -2.9999999999999916
  endloop
endfacet
facet normal 0.7933533402912438 -0.6087614290087093 -8.326672684688674e-17
  outer loop
    vertex 615.1760545284849 121.55920325439008 -2.8199664825478975e-15
    vertex 615.3349731510829 121.76631003557665 -3.0000000000000084
    vertex 615.3349731510829 121.76631003557665 2.8199664825478975e-15
  endloop
endfacet
facet normal -0.13052619222004092 -0.9914448613738118 -5.551115123125783e-17
  outer loop
    vertex 641.9689477472984 132.76631003557662 -6.000000000000014
    vertex 641.321900134542 132.85149546985392 -2.8199664825478975e-15
    vertex 641.321900134542 132.85149546985397 -6.00000000000002
  endloop
endfacet
facet normal -0.13052619222004092 -0.9914448613738118 -5.551115123125783e-17
  outer loop
    vertex 641.321900134542 132.85149546985392 -2.8199664825478975e-15
    vertex 641.9689477472984 132.76631003557662 -6.000000000000014
    vertex 641.9689477472984 132.7663100355766 -2.8199664825478975e-15
  endloop
endfacet
facet normal -0.6087614290086959 -0.7933533402912543 -8.326672684688674e-17
  outer loop
    vertex 640.7189477472984 133.1012465261155 -6.000000000000003
    vertex 640.201180794332 133.49854308261027 0.0
    vertex 640.201180794332 133.49854308261027 -6.000000000000009
  endloop
endfacet
facet normal -0.6087614290086959 -0.7933533402912543 -8.326672684688674e-17
  outer loop
    vertex 640.201180794332 133.49854308261027 0.0
    vertex 640.7189477472984 133.1012465261155 -6.000000000000003
    vertex 640.7189477472984 133.10124652611555 -3.101963130802687e-14
  endloop
endfacet
facet normal 0.6087614290087681 -0.7933533402911989 -5.551115123125783e-17
  outer loop
    vertex 615.1760545284849 121.55920325439008 -2.9999999999999916
    vertex 614.9689477472984 121.40028463179215 1.4099832412739488e-14
    vertex 614.9689477472984 121.4002846317922 -3.0000000000000084
  endloop
endfacet
facet normal 0.6087614290087681 -0.7933533402911989 -5.551115123125783e-17
  outer loop
    vertex 614.9689477472984 121.40028463179215 1.4099832412739488e-14
    vertex 615.1760545284849 121.55920325439008 -2.9999999999999916
    vertex 615.1760545284849 121.55920325439008 -2.8199664825478975e-15
  endloop
endfacet
facet normal 0.7933533402912786 0.6087614290086639 8.326672684688674e-17
  outer loop
    vertex 643.7367147002648 137.03407698854295 -6.000000000000003
    vertex 644.1340112567594 136.51631003557665 -8.459899447643692e-15
    vertex 644.1340112567594 136.51631003557665 -5.999999999999986
  endloop
endfacet
facet normal 0.7933533402912786 0.6087614290086639 8.326672684688674e-17
  outer loop
    vertex 644.1340112567594 136.51631003557665 -8.459899447643692e-15
    vertex 643.7367147002648 137.03407698854295 -6.000000000000003
    vertex 643.7367147002648 137.034076988543 -8.459899447643692e-15
  endloop
endfacet
facet normal 0.9238795325112579 -0.3826834323651596 -5.551115123125783e-17
  outer loop
    vertex 615.4348735735874 122.0074909904741 -3.000000000000003
    vertex 615.3349731510829 121.76631003557665 2.8199664825478975e-15
    vertex 615.3349731510829 121.76631003557665 -3.0000000000000084
  endloop
endfacet
facet normal 0.9238795325112579 -0.3826834323651596 -5.551115123125783e-17
  outer loop
    vertex 615.3349731510829 121.76631003557665 2.8199664825478975e-15
    vertex 615.4348735735874 122.0074909904741 -3.000000000000003
    vertex 615.4348735735874 122.0074909904741 -8.459899447643692e-15
  endloop
endfacet
facet normal 0.3826834323651147 0.9238795325112766 -1.1102230246251565e-16
  outer loop
    vertex 642.6159953600547 137.6811246012993 -5.999999999999975
    vertex 643.2189477472984 137.4313735450377 1.127986593019159e-14
    vertex 643.2189477472984 137.4313735450377 -5.999999999999997
  endloop
endfacet
facet normal 0.3826834323651147 0.9238795325112766 -1.1102230246251565e-16
  outer loop
    vertex 643.2189477472984 137.4313735450377 1.127986593019159e-14
    vertex 642.6159953600547 137.6811246012993 -5.999999999999975
    vertex 642.6159953600547 137.6811246012993 1.127986593019159e-14
  endloop
endfacet
facet normal 0.3826834323651147 -0.9238795325112766 1.1102230246251565e-16
  outer loop
    vertex 643.2189477472984 133.1012465261155 -6.000000000000003
    vertex 642.6159953600547 132.85149546985392 2.8199664825478975e-15
    vertex 642.6159953600547 132.85149546985397 -6.00000000000002
  endloop
endfacet
facet normal 0.3826834323651147 -0.9238795325112766 1.1102230246251565e-16
  outer loop
    vertex 642.6159953600547 132.85149546985392 2.8199664825478975e-15
    vertex 643.2189477472984 133.1012465261155 -6.000000000000003
    vertex 643.2189477472984 133.10124652611555 -3.101963130802687e-14
  endloop
endfacet
facet normal -0.9238795325112849 -0.38268343236509456 -4.163336342344337e-17
  outer loop
    vertex 639.5541331815757 134.61926242282027 2.8199664825478975e-15
    vertex 639.8038842378373 134.01631003557662 -6.000000000000014
    vertex 639.8038842378373 134.01631003557657 2.8199664825478976e-14
  endloop
endfacet
facet normal -0.9238795325112849 -0.38268343236509456 -4.163336342344337e-17
  outer loop
    vertex 639.8038842378373 134.01631003557662 -6.000000000000014
    vertex 639.5541331815757 134.61926242282027 2.8199664825478975e-15
    vertex 639.5541331815757 134.61926242282033 -5.999999999999997
  endloop
endfacet
facet normal -0.9914448613738098 -0.1305261922200561 -6.938893903907228e-18
  outer loop
    vertex 639.4689477472984 135.26631003557665 -2.8199664825478975e-15
    vertex 639.5541331815757 134.61926242282033 -5.999999999999997
    vertex 639.5541331815757 134.61926242282027 2.8199664825478975e-15
  endloop
endfacet
facet normal -0.9914448613738098 -0.1305261922200561 -6.938893903907228e-18
  outer loop
    vertex 639.5541331815757 134.61926242282033 -5.999999999999997
    vertex 639.4689477472984 135.26631003557665 -2.8199664825478975e-15
    vertex 639.4689477472984 135.2663100355766 -5.999999999999986
  endloop
endfacet
facet normal 0.9238795325112579 0.3826834323651596 5.551115123125783e-17
  outer loop
    vertex 615.3349731510829 122.76631003557661 -2.9999999999999973
    vertex 615.4348735735874 122.52512908067916 2.8199664825478975e-15
    vertex 615.4348735735874 122.52512908067916 -2.9999999999999862
  endloop
endfacet
facet normal 0.9238795325112579 0.3826834323651596 5.551115123125783e-17
  outer loop
    vertex 615.4348735735874 122.52512908067916 2.8199664825478975e-15
    vertex 615.3349731510829 122.76631003557661 -2.9999999999999973
    vertex 615.3349731510829 122.76631003557665 3.3839597790574766e-14
  endloop
endfacet
facet normal 0.991444861373819 0.13052619221998704 6.93889390390723e-18
  outer loop
    vertex 615.4348735735874 122.52512908067916 -2.9999999999999862
    vertex 615.4689477472983 122.26631003557664 1.4099832412739488e-14
    vertex 615.4689477472983 122.26631003557664 -3.0
  endloop
endfacet
facet normal 0.991444861373819 0.13052619221998704 6.93889390390723e-18
  outer loop
    vertex 615.4689477472983 122.26631003557664 1.4099832412739488e-14
    vertex 615.4348735735874 122.52512908067916 -2.9999999999999862
    vertex 615.4348735735874 122.52512908067916 2.8199664825478975e-15
  endloop
endfacet
facet normal 0.991444861373819 -0.13052619221998701 0.0
  outer loop
    vertex 615.4689477472983 122.26631003557664 -3.0
    vertex 615.4348735735874 122.0074909904741 -8.459899447643692e-15
    vertex 615.4348735735874 122.0074909904741 -3.000000000000003
  endloop
endfacet
facet normal 0.991444861373819 -0.13052619221998701 0.0
  outer loop
    vertex 615.4348735735874 122.0074909904741 -8.459899447643692e-15
    vertex 615.4689477472983 122.26631003557664 -3.0
    vertex 615.4689477472983 122.26631003557664 1.4099832412739488e-14
  endloop
endfacet
facet normal 0.9238795325112849 0.38268343236509456 4.163336342344337e-17
  outer loop
    vertex 644.1340112567594 136.51631003557665 -5.999999999999986
    vertex 644.3837623130211 135.91335764833295 0.0
    vertex 644.3837623130211 135.9133576483329 -5.999999999999986
  endloop
endfacet
facet normal 0.9238795325112849 0.38268343236509456 4.163336342344337e-17
  outer loop
    vertex 644.3837623130211 135.91335764833295 0.0
    vertex 644.1340112567594 136.51631003557665 -5.999999999999986
    vertex 644.1340112567594 136.51631003557665 -8.459899447643692e-15
  endloop
endfacet
facet normal 0.0 -1.0 -5.5511151231257815e-17
  outer loop
    vertex 616.0689477472984 129.16631003557663 -5.64548408021892e-15
    vertex 612.8689477472984 129.16631003557663 -6.000000000000003
    vertex 616.0689477472984 129.16631003557663 -6.000000000000003
  endloop
endfacet
facet normal 0.0 -1.0 -5.5511151231257815e-17
  outer loop
    vertex 612.8689477472984 129.16631003557663 -6.000000000000003
    vertex 616.0689477472984 129.16631003557663 -5.64548408021892e-15
    vertex 612.8689477472984 129.16631003557663 -5.64548408021892e-15
  endloop
endfacet
facet normal 0.9238795325112835 -0.3826834323650977 2.7755575615628914e-17
  outer loop
    vertex 644.1340112567594 134.01631003557662 -6.000000000000003
    vertex 644.3837623130211 134.61926242282027 2.8199664825478975e-15
    vertex 644.1340112567594 134.01631003557657 2.8199664825478976e-14
  endloop
endfacet
facet normal 0.9238795325112835 -0.3826834323650977 2.7755575615628914e-17
  outer loop
    vertex 644.3837623130211 134.61926242282027 2.8199664825478975e-15
    vertex 644.1340112567594 134.01631003557662 -6.000000000000003
    vertex 644.3837623130211 134.61926242282033 -5.999999999999997
  endloop
endfacet
facet normal 0.7933533402912818 -0.6087614290086597 0.0
  outer loop
    vertex 644.1340112567594 134.01631003557662 -6.000000000000003
    vertex 643.7367147002648 133.49854308261027 0.0
    vertex 643.7367147002648 133.49854308261027 -6.000000000000009
  endloop
endfacet
facet normal 0.7933533402912818 -0.6087614290086597 0.0
  outer loop
    vertex 643.7367147002648 133.49854308261027 0.0
    vertex 644.1340112567594 134.01631003557662 -6.000000000000003
    vertex 644.1340112567594 134.01631003557657 2.8199664825478976e-14
  endloop
endfacet
facet normal -1.0 0.0 0.0
  outer loop
    vertex 612.8689477472984 139.3663100355766 3.666511538824579e-14
    vertex 612.8689477472984 129.16631003557663 -6.000000000000003
    vertex 612.8689477472984 129.16631003557663 -5.64548408021892e-15
  endloop
endfacet
facet normal -1.0 0.0 0.0
  outer loop
    vertex 612.8689477472984 129.16631003557663 -6.000000000000003
    vertex 612.8689477472984 139.3663100355766 3.666511538824579e-14
    vertex 612.8689477472984 139.3663100355766 -5.999999999999992
  endloop
endfacet
facet normal 0.6087614290086906 0.7933533402912584 1.6653345369377348e-16
  outer loop
    vertex 643.2189477472984 137.4313735450377 -5.999999999999997
    vertex 643.7367147002648 137.034076988543 -8.459899447643692e-15
    vertex 643.7367147002648 137.03407698854295 -6.000000000000003
  endloop
endfacet
facet normal 0.6087614290086906 0.7933533402912584 1.6653345369377348e-16
  outer loop
    vertex 643.7367147002648 137.034076988543 -8.459899447643692e-15
    vertex 643.2189477472984 137.4313735450377 -5.999999999999997
    vertex 643.2189477472984 137.4313735450377 1.127986593019159e-14
  endloop
endfacet
facet normal 1.0 0.0 0.0
  outer loop
    vertex 616.0689477472984 139.3663100355766 -5.999999999999992
    vertex 616.0689477472984 129.16631003557663 -5.64548408021892e-15
    vertex 616.0689477472984 129.16631003557663 -6.000000000000003
  endloop
endfacet
facet normal 1.0 0.0 0.0
  outer loop
    vertex 616.0689477472984 129.16631003557663 -5.64548408021892e-15
    vertex 616.0689477472984 139.3663100355766 -5.999999999999992
    vertex 616.0689477472984 139.3663100355766 3.666511538824579e-14
  endloop
endfacet
facet normal 0.6087614290086906 -0.7933533402912584 -1.6653345369377348e-16
  outer loop
    vertex 643.7367147002648 133.49854308261027 0.0
    vertex 643.2189477472984 133.1012465261155 -6.000000000000003
    vertex 643.7367147002648 133.49854308261027 -6.000000000000009
  endloop
endfacet
facet normal 0.6087614290086906 -0.7933533402912584 -1.6653345369377348e-16
  outer loop
    vertex 643.2189477472984 133.1012465261155 -6.000000000000003
    vertex 643.7367147002648 133.49854308261027 0.0
    vertex 643.2189477472984 133.10124652611555 -3.101963130802687e-14
  endloop
endfacet
facet normal 0.1305261922200494 0.9914448613738107 5.5511151231257815e-17
  outer loop
    vertex 641.9689477472984 137.76631003557662 5.639932965095795e-15
    vertex 642.6159953600547 137.6811246012993 -5.999999999999975
    vertex 641.9689477472984 137.76631003557657 -5.999999999999986
  endloop
endfacet
facet normal 0.1305261922200494 0.9914448613738107 5.5511151231257815e-17
  outer loop
    vertex 642.6159953600547 137.6811246012993 -5.999999999999975
    vertex 641.9689477472984 137.76631003557662 5.639932965095795e-15
    vertex 642.6159953600547 137.6811246012993 1.127986593019159e-14
  endloop
endfacet
facet normal -0.3826834323651147 -0.9238795325112766 1.1102230246251565e-16
  outer loop
    vertex 641.321900134542 132.85149546985392 -2.8199664825478975e-15
    vertex 640.7189477472984 133.1012465261155 -6.000000000000003
    vertex 641.321900134542 132.85149546985397 -6.00000000000002
  endloop
endfacet
facet normal -0.3826834323651147 -0.9238795325112766 1.1102230246251565e-16
  outer loop
    vertex 640.7189477472984 133.1012465261155 -6.000000000000003
    vertex 641.321900134542 132.85149546985392 -2.8199664825478975e-15
    vertex 640.7189477472984 133.10124652611555 -3.101963130802687e-14
  endloop
endfacet
facet normal -0.7933533402912786 -0.6087614290086639 -8.326672684688674e-17
  outer loop
    vertex 639.8038842378373 134.01631003557657 2.8199664825478976e-14
    vertex 640.201180794332 133.49854308261027 -6.000000000000009
    vertex 640.201180794332 133.49854308261027 0.0
  endloop
endfacet
facet normal -0.7933533402912786 -0.6087614290086639 -8.326672684688674e-17
  outer loop
    vertex 640.201180794332 133.49854308261027 -6.000000000000009
    vertex 639.8038842378373 134.01631003557657 2.8199664825478976e-14
    vertex 639.8038842378373 134.01631003557662 -6.000000000000014
  endloop
endfacet
facet normal -0.3826834323651147 0.9238795325112766 -1.1102230246251565e-16
  outer loop
    vertex 640.7189477472984 137.4313735450377 1.127986593019159e-14
    vertex 641.321900134542 137.6811246012993 -5.999999999999975
    vertex 640.7189477472984 137.4313735450377 -5.999999999999997
  endloop
endfacet
facet normal -0.3826834323651147 0.9238795325112766 -1.1102230246251565e-16
  outer loop
    vertex 641.321900134542 137.6811246012993 -5.999999999999975
    vertex 640.7189477472984 137.4313735450377 1.127986593019159e-14
    vertex 641.321900134542 137.6811246012993 1.127986593019159e-14
  endloop
endfacet
facet normal -0.9238795325112835 0.3826834323650977 -2.7755575615628914e-17
  outer loop
    vertex 639.5541331815757 135.91335764833295 0.0
    vertex 639.8038842378373 136.51631003557665 -5.999999999999992
    vertex 639.5541331815757 135.9133576483329 -5.999999999999986
  endloop
endfacet
facet normal -0.9238795325112835 0.3826834323650977 -2.7755575615628914e-17
  outer loop
    vertex 639.8038842378373 136.51631003557665 -5.999999999999992
    vertex 639.5541331815757 135.91335764833295 0.0
    vertex 639.8038842378373 136.51631003557665 -3.665956427312267e-14
  endloop
endfacet
facet normal -0.9914448613738098 0.1305261922200561 -6.938893903907228e-18
  outer loop
    vertex 639.4689477472984 135.26631003557665 -2.8199664825478975e-15
    vertex 639.5541331815757 135.9133576483329 -5.999999999999986
    vertex 639.4689477472984 135.2663100355766 -5.999999999999986
  endloop
endfacet
facet normal -0.9914448613738098 0.1305261922200561 -6.938893903907228e-18
  outer loop
    vertex 639.5541331815757 135.9133576483329 -5.999999999999986
    vertex 639.4689477472984 135.26631003557665 -2.8199664825478975e-15
    vertex 639.5541331815757 135.91335764833295 0.0
  endloop
endfacet
facet normal -0.6087614290086906 0.7933533402912584 1.6653345369377348e-16
  outer loop
    vertex 640.201180794332 137.034076988543 -8.459899447643692e-15
    vertex 640.7189477472984 137.4313735450377 -5.999999999999997
    vertex 640.201180794332 137.03407698854295 -6.000000000000003
  endloop
endfacet
facet normal -0.6087614290086906 0.7933533402912584 1.6653345369377348e-16
  outer loop
    vertex 640.7189477472984 137.4313735450377 -5.999999999999997
    vertex 640.201180794332 137.034076988543 -8.459899447643692e-15
    vertex 640.7189477472984 137.4313735450377 1.127986593019159e-14
  endloop
endfacet
facet normal -0.7933533402912818 0.6087614290086597 0.0
  outer loop
    vertex 640.201180794332 137.034076988543 -8.459899447643692e-15
    vertex 639.8038842378373 136.51631003557665 -5.999999999999992
    vertex 639.8038842378373 136.51631003557665 -3.665956427312267e-14
  endloop
endfacet
facet normal -0.7933533402912818 0.6087614290086597 0.0
  outer loop
    vertex 639.8038842378373 136.51631003557665 -5.999999999999992
    vertex 640.201180794332 137.034076988543 -8.459899447643692e-15
    vertex 640.201180794332 137.03407698854295 -6.000000000000003
  endloop
endfacet
facet normal 0.0 -1.0 -5.5511151231257815e-17
  outer loop
    vertex 624.3198249402808 120.5663100355766 -2.9999999999999862
    vertex 615.4689477472984 120.56631003557656 -6.000000000000003
    vertex 624.3198249402808 120.56631003557656 -6.000000000000003
  endloop
endfacet
facet normal 0.0 -1.0 -5.5511151231257815e-17
  outer loop
    vertex 615.4689477472984 120.56631003557656 -6.000000000000003
    vertex 624.3198249402808 120.5663100355766 -2.9999999999999862
    vertex 615.4689477472984 120.5663100355766 -2.9999999999999862
  endloop
endfacet
facet normal 1.0 7.596454196607839e-65 1.4661547879547797e-48
  outer loop
    vertex 615.4689477472984 120.56631003557656 -6.000000000000003
    vertex 615.4689477472984 102.26631003557662 -2.9999999999999947
    vertex 615.4689477472984 102.26631003557662 -5.999999999999992
  endloop
endfacet
facet normal 1.0 7.596454196607839e-65 1.4661547879547797e-48
  outer loop
    vertex 615.4689477472984 102.26631003557662 -2.9999999999999947
    vertex 615.4689477472984 120.56631003557656 -6.000000000000003
    vertex 615.4689477472984 120.5663100355766 -2.9999999999999862
  endloop
endfacet
facet normal -1.0 4.931088931231302e-15 0.0
  outer loop
    vertex 613.4689477472984 120.5663100355766 -2.9999999999999862
    vertex 613.4689477472984 102.26631003557662 -5.999999999999992
    vertex 613.4689477472984 102.26631003557662 -2.9999999999999947
  endloop
endfacet
facet normal -1.0 4.931088931231302e-15 0.0
  outer loop
    vertex 613.4689477472984 102.26631003557662 -5.999999999999992
    vertex 613.4689477472984 120.5663100355766 -2.9999999999999862
    vertex 613.4689477472984 120.56631003557656 -6.000000000000003
  endloop
endfacet
facet normal 0.0 -1.0 -5.5511151231257815e-17
  outer loop
    vertex 613.4689477472984 120.5663100355766 -2.9999999999999862
    vertex 604.6180705543161 120.56631003557656 -6.000000000000003
    vertex 613.4689477472984 120.56631003557656 -6.000000000000003
  endloop
endfacet
facet normal 0.0 -1.0 -5.5511151231257815e-17
  outer loop
    vertex 604.6180705543161 120.56631003557656 -6.000000000000003
    vertex 613.4689477472984 120.5663100355766 -2.9999999999999862
    vertex 604.6180705543161 120.5663100355766 -2.9999999999999862
  endloop
endfacet
facet normal 0.9809888119837783 0.19406429543492906 2.7755575615628914e-17
  outer loop
    vertex 609.3583875266136 93.10609828654736 -5.9999999999999805
    vertex 609.6812889736457 91.47384179030723 -3.0
    vertex 609.6812889736457 91.47384179030722 -5.999999999999997
  endloop
endfacet
facet normal 0.9809888119837783 0.19406429543492906 2.7755575615628914e-17
  outer loop
    vertex 609.6812889736457 91.47384179030723 -3.0
    vertex 609.3583875266136 93.10609828654736 -5.9999999999999805
    vertex 609.3583875266136 93.10609828654734 -3.0000000000000084
  endloop
endfacet
facet normal 0.32242979617767875 0.9465933797237442 -2.7755575615628914e-17
  outer loop
    vertex 612.8939214325464 87.80279742764803 -3.0000000000000084
    vertex 614.4689477472986 87.26631003557667 -5.999999999999997
    vertex 612.8939214325464 87.80279742764806 -5.999999999999997
  endloop
endfacet
facet normal 0.32242979617767875 0.9465933797237442 -2.7755575615628914e-17
  outer loop
    vertex 614.4689477472986 87.26631003557667 -5.999999999999997
    vertex 612.8939214325464 87.80279742764803 -3.0000000000000084
    vertex 614.4689477472986 87.26631003557668 -3.00000000000002
  endloop
endfacet
facet normal -0.3224297961777915 0.9465933797237058 0.0
  outer loop
    vertex 614.4689477472986 87.26631003557667 -5.999999999999997
    vertex 616.0439740620508 87.8027974276483 -2.9999999999999916
    vertex 616.0439740620508 87.8027974276483 -6.000000000000003
  endloop
endfacet
facet normal -0.3224297961777915 0.9465933797237058 0.0
  outer loop
    vertex 616.0439740620508 87.8027974276483 -2.9999999999999916
    vertex 614.4689477472986 87.26631003557667 -5.999999999999997
    vertex 614.4689477472986 87.26631003557668 -3.00000000000002
  endloop
endfacet
facet normal -0.752529084288928 0.6585590158059245 -2.7755575615628914e-17
  outer loop
    vertex 618.5222486061974 89.98077612964406 -3.000000000000003
    vertex 617.4264795020292 88.72865126192401 -6.000000000000009
    vertex 617.4264795020292 88.728651261924 -2.9999999999999947
  endloop
endfacet
facet normal -0.752529084288928 0.6585590158059245 -2.7755575615628914e-17
  outer loop
    vertex 617.4264795020292 88.72865126192401 -6.000000000000009
    vertex 618.5222486061974 89.98077612964406 -3.000000000000003
    vertex 618.5222486061974 89.98077612964406 -5.999999999999992
  endloop
endfacet
facet normal 0.5564396619337107 0.8308880205100432 1.3877787807814457e-16
  outer loop
    vertex 611.511415992568 88.7286512619239 -3.00000000000002
    vertex 612.8939214325464 87.80279742764806 -5.999999999999997
    vertex 611.511415992568 88.72865126192389 -6.000000000000009
  endloop
endfacet
facet normal 0.5564396619337107 0.8308880205100432 1.3877787807814457e-16
  outer loop
    vertex 612.8939214325464 87.80279742764806 -5.999999999999997
    vertex 611.511415992568 88.7286512619239 -3.00000000000002
    vertex 612.8939214325464 87.80279742764803 -3.0000000000000084
  endloop
endfacet
facet normal 0.8973348931628502 0.4413503024949868 -2.7755575615628914e-17
  outer loop
    vertex 609.6812889736457 91.47384179030722 -5.999999999999997
    vertex 610.4156468883992 89.98077612964383 -3.00000000000002
    vertex 610.4156468883992 89.98077612964383 -6.000000000000003
  endloop
endfacet
facet normal 0.8973348931628502 0.4413503024949868 -2.7755575615628914e-17
  outer loop
    vertex 610.4156468883992 89.98077612964383 -3.00000000000002
    vertex 609.6812889736457 91.47384179030722 -5.999999999999997
    vertex 609.6812889736457 91.47384179030723 -3.0
  endloop
endfacet
facet normal 0.752529084288743 0.6585590158061356 0.0
  outer loop
    vertex 610.4156468883992 89.98077612964383 -6.000000000000003
    vertex 611.511415992568 88.7286512619239 -3.00000000000002
    vertex 611.511415992568 88.72865126192389 -6.000000000000009
  endloop
endfacet
facet normal 0.752529084288743 0.6585590158061356 0.0
  outer loop
    vertex 611.511415992568 88.7286512619239 -3.00000000000002
    vertex 610.4156468883992 89.98077612964383 -6.000000000000003
    vertex 610.4156468883992 89.98077612964383 -3.00000000000002
  endloop
endfacet
facet normal -0.9809888119837236 0.1940642954352055 2.7755575615628914e-17
  outer loop
    vertex 619.5795079679837 93.10609828654744 -2.9999999999999973
    vertex 619.2566065209511 91.47384179030745 -6.000000000000003
    vertex 619.2566065209511 91.47384179030743 -2.9999999999999947
  endloop
endfacet
facet normal -0.9809888119837236 0.1940642954352055 2.7755575615628914e-17
  outer loop
    vertex 619.2566065209511 91.47384179030745 -6.000000000000003
    vertex 619.5795079679837 93.10609828654744 -2.9999999999999973
    vertex 619.5795079679837 93.10609828654746 -6.000000000000009
  endloop
endfacet
facet normal -0.5564396619336545 0.8308880205100809 1.942890293094024e-16
  outer loop
    vertex 616.0439740620508 87.8027974276483 -6.000000000000003
    vertex 617.4264795020292 88.728651261924 -2.9999999999999947
    vertex 617.4264795020292 88.72865126192401 -6.000000000000009
  endloop
endfacet
facet normal -0.5564396619336545 0.8308880205100809 1.942890293094024e-16
  outer loop
    vertex 617.4264795020292 88.728651261924 -2.9999999999999947
    vertex 616.0439740620508 87.8027974276483 -6.000000000000003
    vertex 616.0439740620508 87.8027974276483 -2.9999999999999916
  endloop
endfacet
facet normal -0.9977899644287198 -0.0664468726527742 6.938893903907228e-18
  outer loop
    vertex 619.4689477472988 94.76631003557692 -3.000000000000014
    vertex 619.5795079679837 93.10609828654746 -6.000000000000009
    vertex 619.5795079679837 93.10609828654744 -2.9999999999999973
  endloop
endfacet
facet normal -0.9977899644287198 -0.0664468726527742 6.938893903907228e-18
  outer loop
    vertex 619.5795079679837 93.10609828654746 -6.000000000000009
    vertex 619.4689477472988 94.76631003557692 -3.000000000000014
    vertex 619.4689477472988 94.76631003557692 -5.999999999999997
  endloop
endfacet
facet normal 0.9977899644287196 -0.06644687265277963 0.0
  outer loop
    vertex 609.3583875266136 93.10609828654736 -5.9999999999999805
    vertex 609.4689477472984 94.7663100355767 -2.9999999999999916
    vertex 609.3583875266136 93.10609828654734 -3.0000000000000084
  endloop
endfacet
facet normal 0.9977899644287196 -0.06644687265277963 0.0
  outer loop
    vertex 609.4689477472984 94.7663100355767 -2.9999999999999916
    vertex 609.3583875266136 93.10609828654736 -5.9999999999999805
    vertex 609.4689477472984 94.76631003557668 -6.000000000000009
  endloop
endfacet
facet normal -0.8973348931628288 0.4413503024950305 0.0
  outer loop
    vertex 618.5222486061974 89.98077612964406 -3.000000000000003
    vertex 619.2566065209511 91.47384179030745 -6.000000000000003
    vertex 618.5222486061974 89.98077612964406 -5.999999999999992
  endloop
endfacet
facet normal -0.8973348931628288 0.4413503024950305 0.0
  outer loop
    vertex 619.2566065209511 91.47384179030745 -6.000000000000003
    vertex 618.5222486061974 89.98077612964406 -3.000000000000003
    vertex 619.2566065209511 91.47384179030743 -2.9999999999999947
  endloop
endfacet
facet normal -6.406414727086241e-15 1.0 4.274358644806853e-15
  outer loop
    vertex 606.9689477472984 94.76631003557665 1.127986593019159e-14
    vertex 609.4689477472984 94.76631003557668 -6.000000000000009
    vertex 606.9689477472984 94.76631003557665 -6.000000000000009
  endloop
endfacet
facet normal -6.406414727086241e-15 1.0 4.274358644806853e-15
  outer loop
    vertex 609.4689477472984 94.76631003557668 -6.000000000000009
    vertex 606.9689477472984 94.76631003557665 1.127986593019159e-14
    vertex 609.4689477472984 94.7663100355767 -2.9999999999999916
  endloop
endfacet
facet normal -6.406414727086241e-15 1.0 4.274358644806853e-15
  outer loop
    vertex 609.4689477472984 94.7663100355767 -2.9999999999999916
    vertex 609.9689477472984 94.76631003557665 1.127986593019159e-14
    vertex 609.9689477472984 94.76631003557662 -3.0
  endloop
endfacet
facet normal -6.406414727086241e-15 1.0 4.274358644806853e-15
  outer loop
    vertex 609.9689477472984 94.76631003557665 1.127986593019159e-14
    vertex 609.4689477472984 94.7663100355767 -2.9999999999999916
    vertex 606.9689477472984 94.76631003557665 1.127986593019159e-14
  endloop
endfacet
facet normal 1.0 0.0 0.0
  outer loop
    vertex 618.9689477472984 96.76631003557662 -2.9999999999999973
    vertex 618.9689477472984 94.76631003557665 1.127986593019159e-14
    vertex 618.9689477472984 94.76631003557662 -3.0
  endloop
endfacet
facet normal 1.0 0.0 0.0
  outer loop
    vertex 618.9689477472984 94.76631003557665 1.127986593019159e-14
    vertex 618.9689477472984 96.76631003557662 -2.9999999999999973
    vertex 618.9689477472984 96.76631003557664 -5.639932965095795e-15
  endloop
endfacet
facet normal 0.0 1.0 5.5511151231257815e-17
  outer loop
    vertex 609.9689477472984 96.76631003557664 -5.639932965095795e-15
    vertex 618.9689477472984 96.76631003557662 -2.9999999999999973
    vertex 609.9689477472984 96.76631003557662 -2.9999999999999973
  endloop
endfacet
facet normal 0.0 1.0 5.5511151231257815e-17
  outer loop
    vertex 618.9689477472984 96.76631003557662 -2.9999999999999973
    vertex 609.9689477472984 96.76631003557664 -5.639932965095795e-15
    vertex 618.9689477472984 96.76631003557664 -5.639932965095795e-15
  endloop
endfacet
facet normal -1.0 0.0 0.0
  outer loop
    vertex 609.9689477472984 94.76631003557665 1.127986593019159e-14
    vertex 609.9689477472984 96.76631003557662 -2.9999999999999973
    vertex 609.9689477472984 94.76631003557662 -3.0
  endloop
endfacet
facet normal -1.0 0.0 0.0
  outer loop
    vertex 609.9689477472984 96.76631003557662 -2.9999999999999973
    vertex 609.9689477472984 94.76631003557665 1.127986593019159e-14
    vertex 609.9689477472984 96.76631003557664 -5.639932965095795e-15
  endloop
endfacet
facet normal 0.9914448613738182 0.1305261922199926 6.938893903907228e-18
  outer loop
    vertex 587.4689477472984 83.26631003557665 -3.0000000000000226
    vertex 587.4348735735875 83.52512908067918 -5.639932965095795e-15
    vertex 587.4689477472984 83.26631003557665 1.4099832412739488e-14
  endloop
endfacet
facet normal 0.9914448613738182 0.1305261922199926 6.938893903907228e-18
  outer loop
    vertex 587.4348735735875 83.52512908067918 -5.639932965095795e-15
    vertex 587.4689477472984 83.26631003557665 -3.0000000000000226
    vertex 587.4348735735875 83.52512908067914 -2.999999999999989
  endloop
endfacet
facet normal -0.7933533402912516 -0.6087614290086991 -1.3877787807814457e-16
  outer loop
    vertex 641.102922343514 34.76631003557664 -3.101963130802687e-14
    vertex 641.2618409661119 34.5592032543901 -3.000000000000003
    vertex 641.2618409661119 34.559203254390084 -8.459899447643692e-15
  endloop
endfacet
facet normal -0.7933533402912516 -0.6087614290086991 -1.3877787807814457e-16
  outer loop
    vertex 641.2618409661119 34.5592032543901 -3.000000000000003
    vertex 641.102922343514 34.76631003557664 -3.101963130802687e-14
    vertex 641.102922343514 34.76631003557663 -2.9999999999999916
  endloop
endfacet
facet normal 0.9914448613738182 0.1305261922199926 6.938893903907228e-18
  outer loop
    vertex 587.9348735735875 35.525129080679164 -3.000000000000003
    vertex 587.9689477472984 35.26631003557665 1.4099832412739488e-14
    vertex 587.9689477472984 35.266310035576645 -3.000000000000017
  endloop
endfacet
facet normal 0.9914448613738182 0.1305261922199926 6.938893903907228e-18
  outer loop
    vertex 587.9689477472984 35.26631003557665 1.4099832412739488e-14
    vertex 587.9348735735875 35.525129080679164 -3.000000000000003
    vertex 587.9348735735875 35.52512908067916 -1.973976537783528e-14
  endloop
endfacet
facet normal 0.6087614290087632 0.7933533402912025 -4.85722573273506e-15
  outer loop
    vertex 586.9689477472984 84.13233543936107 -5.999999999999997
    vertex 587.0725011378917 84.05287612806214 -3.00000000000002
    vertex 587.0725011378917 84.05287612806215 -6.000000000000003
  endloop
endfacet
facet normal 0.6087614290087632 0.7933533402912025 -4.85722573273506e-15
  outer loop
    vertex 587.0725011378917 84.05287612806214 -3.00000000000002
    vertex 586.9689477472984 84.13233543936107 -5.999999999999997
    vertex 586.9689477472984 84.13233543936109 -5.639932965095795e-15
  endloop
endfacet
facet normal 0.6087614290087632 0.7933533402912025 -4.85722573273506e-15
  outer loop
    vertex 587.0725011378917 84.05287612806214 -3.00000000000002
    vertex 586.9689477472984 84.13233543936109 -5.639932965095795e-15
    vertex 587.176054528485 83.9734168167632 -3.0000000000000058
  endloop
endfacet
facet normal 0.6087614290087632 0.7933533402912025 -4.85722573273506e-15
  outer loop
    vertex 587.176054528485 83.9734168167632 -3.0000000000000058
    vertex 586.9689477472984 84.13233543936109 -5.639932965095795e-15
    vertex 587.176054528485 83.97341681676319 -2.8199664825478975e-15
  endloop
endfacet
facet normal 0.13052619222006637 0.9914448613738086 3.0531133177191805e-16
  outer loop
    vertex 586.4689477472984 84.26631003557664 -1.127986593019159e-14
    vertex 586.7277667924009 84.23223586186569 -5.999999999999992
    vertex 586.4689477472984 84.26631003557662 -6.000000000000009
  endloop
endfacet
facet normal 0.13052619222006637 0.9914448613738086 3.0531133177191805e-16
  outer loop
    vertex 586.7277667924009 84.23223586186569 -5.999999999999992
    vertex 586.4689477472984 84.26631003557664 -1.127986593019159e-14
    vertex 586.7277667924009 84.23223586186572 0.0
  endloop
endfacet
facet normal -0.9238795325112642 -0.3826834323651444 0.0
  outer loop
    vertex 641.102922343514 34.76631003557664 -3.101963130802687e-14
    vertex 641.0030219210093 35.007490990474174 -2.9999999999999805
    vertex 641.102922343514 34.76631003557663 -2.9999999999999916
  endloop
endfacet
facet normal -0.9238795325112642 -0.3826834323651444 0.0
  outer loop
    vertex 641.0030219210093 35.007490990474174 -2.9999999999999805
    vertex 641.102922343514 34.76631003557664 -3.101963130802687e-14
    vertex 641.0030219210093 35.007490990474125 2.8199664825478975e-15
  endloop
endfacet
facet normal 0.7933533402912516 -0.6087614290086991 -1.3877787807814457e-16
  outer loop
    vertex 587.676054528485 34.5592032543901 -3.000000000000003
    vertex 587.8349731510829 34.76631003557664 -3.101963130802687e-14
    vertex 587.676054528485 34.559203254390084 -8.459899447643692e-15
  endloop
endfacet
facet normal 0.7933533402912516 -0.6087614290086991 -1.3877787807814457e-16
  outer loop
    vertex 587.8349731510829 34.76631003557664 -3.101963130802687e-14
    vertex 587.676054528485 34.5592032543901 -3.000000000000003
    vertex 587.8349731510829 34.76631003557663 -2.9999999999999916
  endloop
endfacet
facet normal 0.6087614290087409 -0.7933533402912198 -2.7755575615628914e-17
  outer loop
    vertex 587.5725011378917 34.479743943091144 -3.0000000000000253
    vertex 587.4689477472984 34.400284631792196 -6.000000000000003
    vertex 587.5725011378917 34.47974394309114 -6.000000000000009
  endloop
endfacet
facet normal 0.6087614290087409 -0.7933533402912198 -2.7755575615628914e-17
  outer loop
    vertex 587.4689477472984 34.400284631792196 -6.000000000000003
    vertex 587.5725011378917 34.479743943091144 -3.0000000000000253
    vertex 587.4689477472984 34.40028463179222 2.8199664825478975e-15
  endloop
endfacet
facet normal 0.6087614290087409 -0.7933533402912198 -2.7755575615628914e-17
  outer loop
    vertex 587.4689477472984 34.40028463179222 2.8199664825478975e-15
    vertex 587.5725011378917 34.479743943091144 -3.0000000000000253
    vertex 587.676054528485 34.5592032543901 -3.000000000000003
  endloop
endfacet
facet normal 0.6087614290087409 -0.7933533402912198 -2.7755575615628914e-17
  outer loop
    vertex 587.4689477472984 34.40028463179222 2.8199664825478975e-15
    vertex 587.676054528485 34.5592032543901 -3.000000000000003
    vertex 587.676054528485 34.559203254390084 -8.459899447643692e-15
  endloop
endfacet
facet normal 0.9914448613738182 -0.1305261922199926 -6.938893903907228e-18
  outer loop
    vertex 587.9348735735875 35.007490990474174 -2.9999999999999805
    vertex 587.9689477472984 35.26631003557665 1.4099832412739488e-14
    vertex 587.9348735735875 35.007490990474125 2.8199664825478975e-15
  endloop
endfacet
facet normal 0.9914448613738182 -0.1305261922199926 -6.938893903907228e-18
  outer loop
    vertex 587.9689477472984 35.26631003557665 1.4099832412739488e-14
    vertex 587.9348735735875 35.007490990474174 -2.9999999999999805
    vertex 587.9689477472984 35.266310035576645 -3.000000000000017
  endloop
endfacet
facet normal 0.38268343236513175 -0.9238795325112694 1.1102230246251565e-16
  outer loop
    vertex 587.4689477472984 34.40028463179222 2.8199664825478975e-15
    vertex 587.227766792401 34.30038420928758 -5.999999999999997
    vertex 587.4689477472984 34.400284631792196 -6.000000000000003
  endloop
endfacet
facet normal 0.38268343236513175 -0.9238795325112694 1.1102230246251565e-16
  outer loop
    vertex 587.227766792401 34.30038420928758 -5.999999999999997
    vertex 587.4689477472984 34.40028463179222 2.8199664825478975e-15
    vertex 587.227766792401 34.300384209287586 2.8199664825478975e-15
  endloop
endfacet
facet normal -0.3826834323651317 0.9238795325112694 -1.1102230246251565e-16
  outer loop
    vertex 585.9689477472984 84.13233543936109 -5.639932965095795e-15
    vertex 586.2101287021959 84.23223586186569 -5.999999999999992
    vertex 585.9689477472984 84.13233543936107 -5.999999999999997
  endloop
endfacet
facet normal -0.3826834323651317 0.9238795325112694 -1.1102230246251565e-16
  outer loop
    vertex 586.2101287021959 84.23223586186569 -5.999999999999992
    vertex 585.9689477472984 84.13233543936109 -5.639932965095795e-15
    vertex 586.2101287021959 84.23223586186572 0.0
  endloop
endfacet
facet normal 0.9238795325112642 -0.3826834323651444 0.0
  outer loop
    vertex 587.9348735735875 35.007490990474174 -2.9999999999999805
    vertex 587.8349731510829 34.76631003557664 -3.101963130802687e-14
    vertex 587.8349731510829 34.76631003557663 -2.9999999999999916
  endloop
endfacet
facet normal 0.9238795325112642 -0.3826834323651444 0.0
  outer loop
    vertex 587.8349731510829 34.76631003557664 -3.101963130802687e-14
    vertex 587.9348735735875 35.007490990474174 -2.9999999999999805
    vertex 587.9348735735875 35.007490990474125 2.8199664825478975e-15
  endloop
endfacet
facet normal 0.9914448613738197 -0.13052619221998138 -4.163336342344337e-17
  outer loop
    vertex 587.4689477472984 83.26631003557665 -3.0000000000000226
    vertex 587.4348735735875 83.0074909904741 -8.459899447643692e-15
    vertex 587.4348735735875 83.00749099047408 -2.9999999999999973
  endloop
endfacet
facet normal 0.9914448613738197 -0.13052619221998138 -4.163336342344337e-17
  outer loop
    vertex 587.4348735735875 83.0074909904741 -8.459899447643692e-15
    vertex 587.4689477472984 83.26631003557665 -3.0000000000000226
    vertex 587.4689477472984 83.26631003557665 1.4099832412739488e-14
  endloop
endfacet
facet normal 0.6087614290087632 -0.7933533402912026 -5.051514762044462e-15
  outer loop
    vertex 587.176054528485 82.5592032543901 0.0
    vertex 587.0725011378917 82.47974394309112 -3.000000000000003
    vertex 587.176054528485 82.55920325439011 -3.0000000000000084
  endloop
endfacet
facet normal 0.6087614290087632 -0.7933533402912026 -5.051514762044462e-15
  outer loop
    vertex 587.0725011378917 82.47974394309112 -3.000000000000003
    vertex 586.9689477472984 82.40028463179223 -6.000000000000009
    vertex 587.0725011378917 82.47974394309114 -6.000000000000009
  endloop
endfacet
facet normal 0.6087614290087632 -0.7933533402912026 -5.051514762044462e-15
  outer loop
    vertex 586.9689477472984 82.40028463179223 -6.000000000000009
    vertex 587.0725011378917 82.47974394309112 -3.000000000000003
    vertex 586.9689477472984 82.4002846317922 5.639932965095795e-15
  endloop
endfacet
facet normal 0.6087614290087632 -0.7933533402912026 -5.051514762044462e-15
  outer loop
    vertex 586.9689477472984 82.4002846317922 5.639932965095795e-15
    vertex 587.0725011378917 82.47974394309112 -3.000000000000003
    vertex 587.176054528485 82.5592032543901 0.0
  endloop
endfacet
facet normal -0.38268343236520547 -0.9238795325112388 5.551115123125783e-17
  outer loop
    vertex 586.2101287021959 82.30038420928756 -5.999999999999992
    vertex 585.9689477472984 82.4002846317922 5.639932965095795e-15
    vertex 585.9689477472984 82.40028463179223 -6.000000000000009
  endloop
endfacet
facet normal -0.38268343236520547 -0.9238795325112388 5.551115123125783e-17
  outer loop
    vertex 585.9689477472984 82.4002846317922 5.639932965095795e-15
    vertex 586.2101287021959 82.30038420928756 -5.999999999999992
    vertex 586.2101287021959 82.30038420928756 1.973976537783528e-14
  endloop
endfacet
facet normal -0.6087614290087409 -0.7933533402912196 8.326672684688674e-17
  outer loop
    vertex 585.9689477472984 82.4002846317922 5.639932965095795e-15
    vertex 585.7618409661119 82.5592032543901 -6.000000000000003
    vertex 585.9689477472984 82.40028463179223 -6.000000000000009
  endloop
endfacet
facet normal -0.6087614290087409 -0.7933533402912196 8.326672684688674e-17
  outer loop
    vertex 585.7618409661119 82.5592032543901 -6.000000000000003
    vertex 585.9689477472984 82.4002846317922 5.639932965095795e-15
    vertex 585.7618409661119 82.5592032543901 0.0
  endloop
endfacet
facet normal 0.9238795325112517 -0.382683432365175 -9.71445146547012e-17
  outer loop
    vertex 587.3349731510829 82.76631003557665 -2.9999999999999862
    vertex 587.4348735735875 83.0074909904741 -8.459899447643692e-15
    vertex 587.3349731510829 82.76631003557665 5.639932965095795e-15
  endloop
endfacet
facet normal 0.9238795325112517 -0.382683432365175 -9.71445146547012e-17
  outer loop
    vertex 587.4348735735875 83.0074909904741 -8.459899447643692e-15
    vertex 587.3349731510829 82.76631003557665 -2.9999999999999862
    vertex 587.4348735735875 83.00749099047408 -2.9999999999999973
  endloop
endfacet
facet normal -0.7933533402912519 -0.608761429008699 -8.326672684688674e-17
  outer loop
    vertex 585.602922343514 82.76631003557665 5.639932965095795e-15
    vertex 585.7618409661119 82.5592032543901 -6.000000000000003
    vertex 585.7618409661119 82.5592032543901 0.0
  endloop
endfacet
facet normal -0.7933533402912519 -0.608761429008699 -8.326672684688674e-17
  outer loop
    vertex 585.7618409661119 82.5592032543901 -6.000000000000003
    vertex 585.602922343514 82.76631003557665 5.639932965095795e-15
    vertex 585.602922343514 82.76631003557664 -5.999999999999997
  endloop
endfacet
facet normal -0.9914448613738182 0.1305261922199926 6.938893903907228e-18
  outer loop
    vertex 585.4689477472984 83.26631003557665 1.4099832412739488e-14
    vertex 585.5030219210093 83.52512908067918 -6.000000000000009
    vertex 585.4689477472984 83.26631003557664 -5.999999999999992
  endloop
endfacet
facet normal -0.9914448613738182 0.1305261922199926 6.938893903907228e-18
  outer loop
    vertex 585.5030219210093 83.52512908067918 -6.000000000000009
    vertex 585.4689477472984 83.26631003557665 1.4099832412739488e-14
    vertex 585.5030219210093 83.52512908067918 -5.639932965095795e-15
  endloop
endfacet
facet normal -0.7933533402912517 0.608761429008699 2.7755575615628914e-17
  outer loop
    vertex 585.7618409661119 83.97341681676319 -2.8199664825478975e-15
    vertex 585.602922343514 83.76631003557665 -5.999999999999997
    vertex 585.602922343514 83.76631003557665 5.639932965095795e-15
  endloop
endfacet
facet normal -0.7933533402912517 0.608761429008699 2.7755575615628914e-17
  outer loop
    vertex 585.602922343514 83.76631003557665 -5.999999999999997
    vertex 585.7618409661119 83.97341681676319 -2.8199664825478975e-15
    vertex 585.7618409661119 83.97341681676315 -5.999999999999997
  endloop
endfacet
facet normal 0.38268343236500973 -0.92387953251132 8.326672684688674e-17
  outer loop
    vertex 586.9689477472984 82.4002846317922 5.639932965095795e-15
    vertex 586.7277667924009 82.3003842092876 -6.000000000000009
    vertex 586.9689477472984 82.40028463179223 -6.000000000000009
  endloop
endfacet
facet normal 0.38268343236500973 -0.92387953251132 8.326672684688674e-17
  outer loop
    vertex 586.7277667924009 82.3003842092876 -6.000000000000009
    vertex 586.9689477472984 82.4002846317922 5.639932965095795e-15
    vertex 586.7277667924009 82.30038420928757 5.639932965095795e-15
  endloop
endfacet
facet normal -0.9238795325112517 -0.38268343236517494 -1.3877787807814457e-16
  outer loop
    vertex 585.602922343514 82.76631003557665 5.639932965095795e-15
    vertex 585.5030219210093 83.0074909904741 -6.000000000000003
    vertex 585.602922343514 82.76631003557664 -5.999999999999997
  endloop
endfacet
facet normal -0.9238795325112517 -0.38268343236517494 -1.3877787807814457e-16
  outer loop
    vertex 585.5030219210093 83.0074909904741 -6.000000000000003
    vertex 585.602922343514 82.76631003557665 5.639932965095795e-15
    vertex 585.5030219210093 83.0074909904741 -8.459899447643692e-15
  endloop
endfacet
facet normal 0.7933533402912516 -0.6087614290086991 -1.3877787807814457e-16
  outer loop
    vertex 587.176054528485 82.55920325439011 -3.0000000000000084
    vertex 587.3349731510829 82.76631003557665 5.639932965095795e-15
    vertex 587.176054528485 82.5592032543901 0.0
  endloop
endfacet
facet normal 0.7933533402912516 -0.6087614290086991 -1.3877787807814457e-16
  outer loop
    vertex 587.3349731510829 82.76631003557665 5.639932965095795e-15
    vertex 587.176054528485 82.55920325439011 -3.0000000000000084
    vertex 587.3349731510829 82.76631003557665 -2.9999999999999862
  endloop
endfacet
facet normal -0.6087614290087409 0.7933533402912196 -8.326672684688674e-17
  outer loop
    vertex 585.7618409661119 83.97341681676319 -2.8199664825478975e-15
    vertex 585.9689477472984 84.13233543936107 -5.999999999999997
    vertex 585.7618409661119 83.97341681676315 -5.999999999999997
  endloop
endfacet
facet normal -0.6087614290087409 0.7933533402912196 -8.326672684688674e-17
  outer loop
    vertex 585.9689477472984 84.13233543936107 -5.999999999999997
    vertex 585.7618409661119 83.97341681676319 -2.8199664825478975e-15
    vertex 585.9689477472984 84.13233543936109 -5.639932965095795e-15
  endloop
endfacet
facet normal -0.13052619222006637 0.9914448613738086 3.0531133177191805e-16
  outer loop
    vertex 586.2101287021959 84.23223586186569 -5.999999999999992
    vertex 586.4689477472984 84.26631003557664 -1.127986593019159e-14
    vertex 586.4689477472984 84.26631003557662 -6.000000000000009
  endloop
endfacet
facet normal -0.13052619222006637 0.9914448613738086 3.0531133177191805e-16
  outer loop
    vertex 586.4689477472984 84.26631003557664 -1.127986593019159e-14
    vertex 586.2101287021959 84.23223586186569 -5.999999999999992
    vertex 586.2101287021959 84.23223586186572 0.0
  endloop
endfacet
facet normal -0.9238795325112642 0.38268343236514446 0.0
  outer loop
    vertex 585.602922343514 83.76631003557665 5.639932965095795e-15
    vertex 585.5030219210093 83.52512908067918 -6.000000000000009
    vertex 585.5030219210093 83.52512908067918 -5.639932965095795e-15
  endloop
endfacet
facet normal -0.9238795325112642 0.38268343236514446 0.0
  outer loop
    vertex 585.5030219210093 83.52512908067918 -6.000000000000009
    vertex 585.602922343514 83.76631003557665 5.639932965095795e-15
    vertex 585.602922343514 83.76631003557665 -5.999999999999997
  endloop
endfacet
facet normal 0.38268343236500973 0.92387953251132 -8.326672684688674e-17
  outer loop
    vertex 586.7277667924009 84.23223586186569 -5.999999999999992
    vertex 586.9689477472984 84.13233543936109 -5.639932965095795e-15
    vertex 586.9689477472984 84.13233543936107 -5.999999999999997
  endloop
endfacet
facet normal 0.38268343236500973 0.92387953251132 -8.326672684688674e-17
  outer loop
    vertex 586.9689477472984 84.13233543936109 -5.639932965095795e-15
    vertex 586.7277667924009 84.23223586186569 -5.999999999999992
    vertex 586.7277667924009 84.23223586186572 0.0
  endloop
endfacet
facet normal -0.9914448613738197 -0.13052619221998144 -1.3877787807814457e-17
  outer loop
    vertex 585.4689477472984 83.26631003557665 1.4099832412739488e-14
    vertex 585.5030219210093 83.0074909904741 -6.000000000000003
    vertex 585.5030219210093 83.0074909904741 -8.459899447643692e-15
  endloop
endfacet
facet normal -0.9914448613738197 -0.13052619221998144 -1.3877787807814457e-17
  outer loop
    vertex 585.5030219210093 83.0074909904741 -6.000000000000003
    vertex 585.4689477472984 83.26631003557665 1.4099832412739488e-14
    vertex 585.4689477472984 83.26631003557664 -5.999999999999992
  endloop
endfacet
facet normal -0.1305261922199815 -0.9914448613738198 8.326672684688677e-17
  outer loop
    vertex 586.4689477472984 82.26631003557665 -5.9999999999999805
    vertex 586.2101287021959 82.30038420928756 1.973976537783528e-14
    vertex 586.2101287021959 82.30038420928756 -5.999999999999992
  endloop
endfacet
facet normal -0.1305261922199815 -0.9914448613738198 8.326672684688677e-17
  outer loop
    vertex 586.2101287021959 82.30038420928756 1.973976537783528e-14
    vertex 586.4689477472984 82.26631003557665 -5.9999999999999805
    vertex 586.4689477472984 82.26631003557667 -5.639932965095795e-15
  endloop
endfacet
facet normal 0.13052619222006637 -0.9914448613738086 -3.0531133177191805e-16
  outer loop
    vertex 586.7277667924009 82.30038420928757 5.639932965095795e-15
    vertex 586.4689477472984 82.26631003557665 -5.9999999999999805
    vertex 586.7277667924009 82.3003842092876 -6.000000000000009
  endloop
endfacet
facet normal 0.13052619222006637 -0.9914448613738086 -3.0531133177191805e-16
  outer loop
    vertex 586.4689477472984 82.26631003557665 -5.9999999999999805
    vertex 586.7277667924009 82.30038420928757 5.639932965095795e-15
    vertex 586.4689477472984 82.26631003557667 -5.639932965095795e-15
  endloop
endfacet
facet normal 0.7933533402912516 0.6087614290086991 1.3877787807814457e-16
  outer loop
    vertex 587.176054528485 83.9734168167632 -3.0000000000000058
    vertex 587.3349731510829 83.76631003557665 5.639932965095795e-15
    vertex 587.3349731510829 83.76631003557664 -3.0000000000000115
  endloop
endfacet
facet normal 0.7933533402912516 0.6087614290086991 1.3877787807814457e-16
  outer loop
    vertex 587.3349731510829 83.76631003557665 5.639932965095795e-15
    vertex 587.176054528485 83.9734168167632 -3.0000000000000058
    vertex 587.176054528485 83.97341681676319 -2.8199664825478975e-15
  endloop
endfacet
facet normal 0.9238795325112642 0.3826834323651444 0.0
  outer loop
    vertex 587.3349731510829 83.76631003557664 -3.0000000000000115
    vertex 587.4348735735875 83.52512908067918 -5.639932965095795e-15
    vertex 587.4348735735875 83.52512908067914 -2.999999999999989
  endloop
endfacet
facet normal 0.9238795325112642 0.3826834323651444 0.0
  outer loop
    vertex 587.4348735735875 83.52512908067918 -5.639932965095795e-15
    vertex 587.3349731510829 83.76631003557664 -3.0000000000000115
    vertex 587.3349731510829 83.76631003557665 5.639932965095795e-15
  endloop
endfacet
facet normal 0.38268343236513175 0.9238795325112694 -1.1102230246251565e-16
  outer loop
    vertex 587.227766792401 36.23223586186574 -5.999999999999997
    vertex 587.4689477472984 36.13233543936109 5.357936316841005e-14
    vertex 587.4689477472984 36.132335439361064 -6.000000000000009
  endloop
endfacet
facet normal 0.38268343236513175 0.9238795325112694 -1.1102230246251565e-16
  outer loop
    vertex 587.4689477472984 36.13233543936109 5.357936316841005e-14
    vertex 587.227766792401 36.23223586186574 -5.999999999999997
    vertex 587.227766792401 36.23223586186572 0.0
  endloop
endfacet
facet normal 0.9914448613737734 -0.1305261922203324 -2.0816681711721685e-17
  outer loop
    vertex 615.4689477472984 102.26631003557662 -5.999999999999992
    vertex 615.4348735735874 102.00749099047411 1.127986593019159e-14
    vertex 615.4348735735874 102.00749099047408 -5.999999999999997
  endloop
endfacet
facet normal 0.9914448613737734 -0.1305261922203324 -2.0816681711721685e-17
  outer loop
    vertex 615.4348735735874 102.00749099047411 1.127986593019159e-14
    vertex 615.4689477472984 102.26631003557662 -5.999999999999992
    vertex 615.4689477472984 102.26631003557662 5.639932965095795e-15
  endloop
endfacet
facet normal 0.9914448613737734 -0.1305261922203324 -2.0816681711721685e-17
  outer loop
    vertex 615.4689477472984 102.26631003557662 5.639932965095795e-15
    vertex 615.4689477472984 102.26631003557662 -5.999999999999992
    vertex 615.4689477472984 102.26631003557662 -2.9999999999999947
  endloop
endfacet
facet normal -0.13052619222006637 -0.9914448613738086 -3.0531133177191805e-16
  outer loop
    vertex 586.9689477472984 34.26631003557666 -5.999999999999975
    vertex 586.7101287021959 34.300384209287586 2.8199664825478975e-15
    vertex 586.7101287021959 34.30038420928758 -5.999999999999997
  endloop
endfacet
facet normal -0.13052619222006637 -0.9914448613738086 -3.0531133177191805e-16
  outer loop
    vertex 586.7101287021959 34.300384209287586 2.8199664825478975e-15
    vertex 586.9689477472984 34.26631003557666 -5.999999999999975
    vertex 586.9689477472984 34.266310035576645 -1.973976537783528e-14
  endloop
endfacet
facet normal -0.7933533402912519 -0.608761429008699 -8.326672684688674e-17
  outer loop
    vertex 586.102922343514 34.76631003557664 -3.101963130802687e-14
    vertex 586.2618409661119 34.55920325439013 -5.999999999999986
    vertex 586.2618409661119 34.559203254390084 -8.459899447643692e-15
  endloop
endfacet
facet normal -0.7933533402912519 -0.608761429008699 -8.326672684688674e-17
  outer loop
    vertex 586.2618409661119 34.55920325439013 -5.999999999999986
    vertex 586.102922343514 34.76631003557664 -3.101963130802687e-14
    vertex 586.102922343514 34.76631003557666 -5.999999999999975
  endloop
endfacet
facet normal -0.9238795325113864 -0.3826834323648493 -5.551115123125783e-17
  outer loop
    vertex 613.6029223435139 101.76631003557665 -2.8199664825478975e-15
    vertex 613.5030219210093 102.00749099047408 -5.999999999999997
    vertex 613.6029223435139 101.76631003557662 -6.000000000000014
  endloop
endfacet
facet normal -0.9238795325113864 -0.3826834323648493 -5.551115123125783e-17
  outer loop
    vertex 613.5030219210093 102.00749099047408 -5.999999999999997
    vertex 613.6029223435139 101.76631003557665 -2.8199664825478975e-15
    vertex 613.5030219210093 102.00749099047411 1.127986593019159e-14
  endloop
endfacet
facet normal -0.9914448613738182 -0.1305261922199926 -6.938893903907228e-18
  outer loop
    vertex 585.9689477472984 35.26631003557665 1.4099832412739488e-14
    vertex 586.0030219210093 35.007490990474125 -6.000000000000009
    vertex 586.0030219210093 35.007490990474125 2.8199664825478975e-15
  endloop
endfacet
facet normal -0.9914448613738182 -0.1305261922199926 -6.938893903907228e-18
  outer loop
    vertex 586.0030219210093 35.007490990474125 -6.000000000000009
    vertex 585.9689477472984 35.26631003557665 1.4099832412739488e-14
    vertex 585.9689477472984 35.26631003557664 -6.000000000000009
  endloop
endfacet
facet normal 0.991444861373775 0.13052619222032127 2.7755575615628914e-17
  outer loop
    vertex 615.4348735735874 102.52512908067918 -2.9999999999999862
    vertex 615.4689477472984 102.26631003557662 5.639932965095795e-15
    vertex 615.4689477472984 102.26631003557662 -2.9999999999999947
  endloop
endfacet
facet normal 0.991444861373775 0.13052619222032127 2.7755575615628914e-17
  outer loop
    vertex 615.4689477472984 102.26631003557662 5.639932965095795e-15
    vertex 615.4348735735874 102.52512908067918 -2.9999999999999862
    vertex 615.4348735735874 102.52512908067915 -1.973976537783528e-14
  endloop
endfacet
facet normal -0.7933533402912519 0.608761429008699 8.326672684688674e-17
  outer loop
    vertex 586.2618409661119 35.97341681676319 -1.6919798895287383e-14
    vertex 586.102922343514 35.76631003557664 -5.999999999999997
    vertex 586.102922343514 35.76631003557662 -3.101963130802687e-14
  endloop
endfacet
facet normal -0.7933533402912519 0.608761429008699 8.326672684688674e-17
  outer loop
    vertex 586.102922343514 35.76631003557664 -5.999999999999997
    vertex 586.2618409661119 35.97341681676319 -1.6919798895287383e-14
    vertex 586.2618409661119 35.97341681676318 -5.999999999999986
  endloop
endfacet
facet normal 0.6087614290087409 -0.7933533402912196 8.326672684688674e-17
  outer loop
    vertex 615.1760545284849 101.55920325439007 -1.4099832412739488e-14
    vertex 614.9689477472984 101.40028463179219 -5.999999999999992
    vertex 615.1760545284849 101.55920325439007 -6.000000000000014
  endloop
endfacet
facet normal 0.6087614290087409 -0.7933533402912196 8.326672684688674e-17
  outer loop
    vertex 614.9689477472984 101.40028463179219 -5.999999999999992
    vertex 615.1760545284849 101.55920325439007 -1.4099832412739488e-14
    vertex 614.9689477472984 101.40028463179222 8.459899447643692e-15
  endloop
endfacet
facet normal -0.38268343236500973 0.92387953251132 -8.326672684688674e-17
  outer loop
    vertex 586.4689477472984 36.13233543936109 5.357936316841005e-14
    vertex 586.7101287021959 36.23223586186574 -5.999999999999997
    vertex 586.4689477472984 36.132335439361064 -6.000000000000009
  endloop
endfacet
facet normal -0.38268343236500973 0.92387953251132 -8.326672684688674e-17
  outer loop
    vertex 586.7101287021959 36.23223586186574 -5.999999999999997
    vertex 586.4689477472984 36.13233543936109 5.357936316841005e-14
    vertex 586.7101287021959 36.23223586186572 0.0
  endloop
endfacet
facet normal 0.9238795325113864 -0.3826834323648493 -5.551115123125783e-17
  outer loop
    vertex 615.4348735735874 102.00749099047408 -5.999999999999997
    vertex 615.3349731510829 101.76631003557665 -2.8199664825478975e-15
    vertex 615.3349731510829 101.76631003557662 -6.000000000000014
  endloop
endfacet
facet normal 0.9238795325113864 -0.3826834323648493 -5.551115123125783e-17
  outer loop
    vertex 615.3349731510829 101.76631003557665 -2.8199664825478975e-15
    vertex 615.4348735735874 102.00749099047408 -5.999999999999997
    vertex 615.4348735735874 102.00749099047411 1.127986593019159e-14
  endloop
endfacet
facet normal -0.7933533402910847 -0.6087614290089167 -5.551115123125783e-17
  outer loop
    vertex 613.6029223435139 101.76631003557665 -2.8199664825478975e-15
    vertex 613.7618409661119 101.55920325439007 -6.000000000000014
    vertex 613.7618409661119 101.55920325439007 -1.4099832412739488e-14
  endloop
endfacet
facet normal -0.7933533402910847 -0.6087614290089167 -5.551115123125783e-17
  outer loop
    vertex 613.7618409661119 101.55920325439007 -6.000000000000014
    vertex 613.6029223435139 101.76631003557665 -2.8199664825478975e-15
    vertex 613.6029223435139 101.76631003557662 -6.000000000000014
  endloop
endfacet
facet normal -0.9914448613737734 -0.1305261922203324 -2.0816681711721685e-17
  outer loop
    vertex 613.5030219210093 102.00749099047411 1.127986593019159e-14
    vertex 613.4689477472984 102.26631003557662 -5.999999999999992
    vertex 613.5030219210093 102.00749099047408 -5.999999999999997
  endloop
endfacet
facet normal -0.9914448613737734 -0.1305261922203324 -2.0816681711721685e-17
  outer loop
    vertex 613.4689477472984 102.26631003557662 -5.999999999999992
    vertex 613.5030219210093 102.00749099047411 1.127986593019159e-14
    vertex 613.4689477472984 102.26631003557662 5.639932965095795e-15
  endloop
endfacet
facet normal -0.9914448613737734 -0.1305261922203324 -2.0816681711721685e-17
  outer loop
    vertex 613.4689477472984 102.26631003557662 -5.999999999999992
    vertex 613.4689477472984 102.26631003557662 5.639932965095795e-15
    vertex 613.4689477472984 102.26631003557662 -2.9999999999999947
  endloop
endfacet
facet normal -0.38268343236500973 -0.92387953251132 8.326672684688674e-17
  outer loop
    vertex 586.7101287021959 34.30038420928758 -5.999999999999997
    vertex 586.4689477472984 34.40028463179222 2.8199664825478975e-15
    vertex 586.4689477472984 34.400284631792196 -6.000000000000003
  endloop
endfacet
facet normal -0.38268343236500973 -0.92387953251132 8.326672684688674e-17
  outer loop
    vertex 586.4689477472984 34.40028463179222 2.8199664825478975e-15
    vertex 586.7101287021959 34.30038420928758 -5.999999999999997
    vertex 586.7101287021959 34.300384209287586 2.8199664825478975e-15
  endloop
endfacet
facet normal 0.6087614290087409 0.7933533402912198 2.7755575615628914e-17
  outer loop
    vertex 587.4689477472984 36.13233543936109 5.357936316841005e-14
    vertex 587.5725011378917 36.052876128062124 -6.000000000000009
    vertex 587.4689477472984 36.132335439361064 -6.000000000000009
  endloop
endfacet
facet normal 0.6087614290087409 0.7933533402912198 2.7755575615628914e-17
  outer loop
    vertex 587.5725011378917 36.052876128062124 -6.000000000000009
    vertex 587.4689477472984 36.13233543936109 5.357936316841005e-14
    vertex 587.5725011378917 36.05287612806213 -3.000000000000034
  endloop
endfacet
facet normal 0.6087614290087409 0.7933533402912198 2.7755575615628914e-17
  outer loop
    vertex 587.5725011378917 36.05287612806213 -3.000000000000034
    vertex 587.4689477472984 36.13233543936109 5.357936316841005e-14
    vertex 587.676054528485 35.97341681676317 -3.000000000000031
  endloop
endfacet
facet normal 0.6087614290087409 0.7933533402912198 2.7755575615628914e-17
  outer loop
    vertex 587.676054528485 35.97341681676317 -3.000000000000031
    vertex 587.4689477472984 36.13233543936109 5.357936316841005e-14
    vertex 587.676054528485 35.97341681676319 -1.6919798895287383e-14
  endloop
endfacet
facet normal -0.13052619222006637 -0.9914448613738086 -3.0531133177191805e-16
  outer loop
    vertex 614.4689477472984 101.2663100355766 -5.999999999999986
    vertex 614.2101287021959 101.30038420928757 2.8199664825478975e-15
    vertex 614.2101287021959 101.30038420928754 -5.999999999999992
  endloop
endfacet
facet normal -0.13052619222006637 -0.9914448613738086 -3.0531133177191805e-16
  outer loop
    vertex 614.2101287021959 101.30038420928757 2.8199664825478975e-15
    vertex 614.4689477472984 101.2663100355766 -5.999999999999986
    vertex 614.4689477472984 101.26631003557661 -2.8199664825478975e-15
  endloop
endfacet
facet normal -0.991444861373775 0.13052619222032127 2.7755575615628914e-17
  outer loop
    vertex 613.5030219210093 102.52512908067915 -1.973976537783528e-14
    vertex 613.4689477472984 102.26631003557662 -2.9999999999999947
    vertex 613.4689477472984 102.26631003557662 5.639932965095795e-15
  endloop
endfacet
facet normal -0.991444861373775 0.13052619222032127 2.7755575615628914e-17
  outer loop
    vertex 613.4689477472984 102.26631003557662 -2.9999999999999947
    vertex 613.5030219210093 102.52512908067915 -1.973976537783528e-14
    vertex 613.5030219210093 102.52512908067918 -2.9999999999999862
  endloop
endfacet
facet normal 0.13052619222006637 -0.9914448613738086 -3.0531133177191805e-16
  outer loop
    vertex 587.227766792401 34.300384209287586 2.8199664825478975e-15
    vertex 586.9689477472984 34.26631003557666 -5.999999999999975
    vertex 587.227766792401 34.30038420928758 -5.999999999999997
  endloop
endfacet
facet normal 0.13052619222006637 -0.9914448613738086 -3.0531133177191805e-16
  outer loop
    vertex 586.9689477472984 34.26631003557666 -5.999999999999975
    vertex 587.227766792401 34.300384209287586 2.8199664825478975e-15
    vertex 586.9689477472984 34.266310035576645 -1.973976537783528e-14
  endloop
endfacet
facet normal -0.9238795325112642 0.38268343236514446 0.0
  outer loop
    vertex 586.0030219210093 35.52512908067916 -1.973976537783528e-14
    vertex 586.102922343514 35.76631003557664 -5.999999999999997
    vertex 586.0030219210093 35.52512908067915 -6.000000000000026
  endloop
endfacet
facet normal -0.9238795325112642 0.38268343236514446 0.0
  outer loop
    vertex 586.102922343514 35.76631003557664 -5.999999999999997
    vertex 586.0030219210093 35.52512908067916 -1.973976537783528e-14
    vertex 586.102922343514 35.76631003557662 -3.101963130802687e-14
  endloop
endfacet
facet normal 0.13052619222006637 -0.9914448613738086 -3.0531133177191805e-16
  outer loop
    vertex 614.727766792401 101.30038420928757 2.8199664825478975e-15
    vertex 614.4689477472984 101.2663100355766 -5.999999999999986
    vertex 614.727766792401 101.30038420928754 -5.999999999999992
  endloop
endfacet
facet normal 0.13052619222006637 -0.9914448613738086 -3.0531133177191805e-16
  outer loop
    vertex 614.4689477472984 101.2663100355766 -5.999999999999986
    vertex 614.727766792401 101.30038420928757 2.8199664825478975e-15
    vertex 614.4689477472984 101.26631003557661 -2.8199664825478975e-15
  endloop
endfacet
facet normal -0.6087614290087409 -0.7933533402912196 8.326672684688674e-17
  outer loop
    vertex 586.4689477472984 34.40028463179222 2.8199664825478975e-15
    vertex 586.2618409661119 34.55920325439013 -5.999999999999986
    vertex 586.4689477472984 34.400284631792196 -6.000000000000003
  endloop
endfacet
facet normal -0.6087614290087409 -0.7933533402912196 8.326672684688674e-17
  outer loop
    vertex 586.2618409661119 34.55920325439013 -5.999999999999986
    vertex 586.4689477472984 34.40028463179222 2.8199664825478975e-15
    vertex 586.2618409661119 34.559203254390084 -8.459899447643692e-15
  endloop
endfacet
facet normal 0.13052619222006637 0.9914448613738086 3.0531133177191805e-16
  outer loop
    vertex 586.9689477472984 36.26631003557665 -5.999999999999969
    vertex 587.227766792401 36.23223586186572 0.0
    vertex 587.227766792401 36.23223586186574 -5.999999999999997
  endloop
endfacet
facet normal 0.13052619222006637 0.9914448613738086 3.0531133177191805e-16
  outer loop
    vertex 587.227766792401 36.23223586186572 0.0
    vertex 586.9689477472984 36.26631003557665 -5.999999999999969
    vertex 586.9689477472984 36.26631003557665 -8.459899447643692e-15
  endloop
endfacet
facet normal 0.7933533402912516 0.6087614290086991 1.3877787807814457e-16
  outer loop
    vertex 587.676054528485 35.97341681676317 -3.000000000000031
    vertex 587.8349731510829 35.76631003557662 -3.101963130802687e-14
    vertex 587.8349731510829 35.766310035576616 -3.0000000000000253
  endloop
endfacet
facet normal 0.7933533402912516 0.6087614290086991 1.3877787807814457e-16
  outer loop
    vertex 587.8349731510829 35.76631003557662 -3.101963130802687e-14
    vertex 587.676054528485 35.97341681676317 -3.000000000000031
    vertex 587.676054528485 35.97341681676319 -1.6919798895287383e-14
  endloop
endfacet
facet normal 0.9238795325112642 0.3826834323651444 0.0
  outer loop
    vertex 587.9348735735875 35.525129080679164 -3.000000000000003
    vertex 587.8349731510829 35.76631003557662 -3.101963130802687e-14
    vertex 587.9348735735875 35.52512908067916 -1.973976537783528e-14
  endloop
endfacet
facet normal 0.9238795325112642 0.3826834323651444 0.0
  outer loop
    vertex 587.8349731510829 35.76631003557662 -3.101963130802687e-14
    vertex 587.9348735735875 35.525129080679164 -3.000000000000003
    vertex 587.8349731510829 35.766310035576616 -3.0000000000000253
  endloop
endfacet
facet normal 0.38268343236513175 -0.9238795325112694 1.1102230246251565e-16
  outer loop
    vertex 614.9689477472984 101.40028463179222 8.459899447643692e-15
    vertex 614.727766792401 101.30038420928754 -5.999999999999992
    vertex 614.9689477472984 101.40028463179219 -5.999999999999992
  endloop
endfacet
facet normal 0.38268343236513175 -0.9238795325112694 1.1102230246251565e-16
  outer loop
    vertex 614.727766792401 101.30038420928754 -5.999999999999992
    vertex 614.9689477472984 101.40028463179222 8.459899447643692e-15
    vertex 614.727766792401 101.30038420928757 2.8199664825478975e-15
  endloop
endfacet
facet normal -0.3826834323651317 -0.9238795325112694 1.1102230246251565e-16
  outer loop
    vertex 614.2101287021959 101.30038420928757 2.8199664825478975e-15
    vertex 613.9689477472984 101.40028463179219 -5.999999999999992
    vertex 614.2101287021959 101.30038420928754 -5.999999999999992
  endloop
endfacet
facet normal -0.3826834323651317 -0.9238795325112694 1.1102230246251565e-16
  outer loop
    vertex 613.9689477472984 101.40028463179219 -5.999999999999992
    vertex 614.2101287021959 101.30038420928757 2.8199664825478975e-15
    vertex 613.9689477472984 101.40028463179222 8.459899447643692e-15
  endloop
endfacet
facet normal -0.9914448613738182 0.1305261922199926 6.938893903907228e-18
  outer loop
    vertex 585.9689477472984 35.26631003557665 1.4099832412739488e-14
    vertex 586.0030219210093 35.52512908067915 -6.000000000000026
    vertex 585.9689477472984 35.26631003557664 -6.000000000000009
  endloop
endfacet
facet normal -0.9914448613738182 0.1305261922199926 6.938893903907228e-18
  outer loop
    vertex 586.0030219210093 35.52512908067915 -6.000000000000026
    vertex 585.9689477472984 35.26631003557665 1.4099832412739488e-14
    vertex 586.0030219210093 35.52512908067916 -1.973976537783528e-14
  endloop
endfacet
facet normal -0.6087614290087409 0.7933533402912196 -8.326672684688674e-17
  outer loop
    vertex 586.2618409661119 35.97341681676318 -5.999999999999986
    vertex 586.4689477472984 36.13233543936109 5.357936316841005e-14
    vertex 586.4689477472984 36.132335439361064 -6.000000000000009
  endloop
endfacet
facet normal -0.6087614290087409 0.7933533402912196 -8.326672684688674e-17
  outer loop
    vertex 586.4689477472984 36.13233543936109 5.357936316841005e-14
    vertex 586.2618409661119 35.97341681676318 -5.999999999999986
    vertex 586.2618409661119 35.97341681676319 -1.6919798895287383e-14
  endloop
endfacet
facet normal -0.13052619222006637 0.9914448613738086 3.0531133177191805e-16
  outer loop
    vertex 586.7101287021959 36.23223586186572 0.0
    vertex 586.9689477472984 36.26631003557665 -5.999999999999969
    vertex 586.7101287021959 36.23223586186574 -5.999999999999997
  endloop
endfacet
facet normal -0.13052619222006637 0.9914448613738086 3.0531133177191805e-16
  outer loop
    vertex 586.9689477472984 36.26631003557665 -5.999999999999969
    vertex 586.7101287021959 36.23223586186572 0.0
    vertex 586.9689477472984 36.26631003557665 -8.459899447643692e-15
  endloop
endfacet
facet normal 0.7933533402910847 -0.6087614290089167 -5.551115123125783e-17
  outer loop
    vertex 615.3349731510829 101.76631003557662 -6.000000000000014
    vertex 615.1760545284849 101.55920325439007 -1.4099832412739488e-14
    vertex 615.1760545284849 101.55920325439007 -6.000000000000014
  endloop
endfacet
facet normal 0.7933533402910847 -0.6087614290089167 -5.551115123125783e-17
  outer loop
    vertex 615.1760545284849 101.55920325439007 -1.4099832412739488e-14
    vertex 615.3349731510829 101.76631003557662 -6.000000000000014
    vertex 615.3349731510829 101.76631003557665 -2.8199664825478975e-15
  endloop
endfacet
facet normal -0.6087614290087409 -0.7933533402912196 8.326672684688674e-17
  outer loop
    vertex 613.9689477472984 101.40028463179219 -5.999999999999992
    vertex 613.7618409661119 101.55920325439007 -1.4099832412739488e-14
    vertex 613.7618409661119 101.55920325439007 -6.000000000000014
  endloop
endfacet
facet normal -0.6087614290087409 -0.7933533402912196 8.326672684688674e-17
  outer loop
    vertex 613.7618409661119 101.55920325439007 -1.4099832412739488e-14
    vertex 613.9689477472984 101.40028463179219 -5.999999999999992
    vertex 613.9689477472984 101.40028463179222 8.459899447643692e-15
  endloop
endfacet
facet normal -0.9238795325112642 -0.38268343236514446 0.0
  outer loop
    vertex 586.0030219210093 35.007490990474125 2.8199664825478975e-15
    vertex 586.102922343514 34.76631003557666 -5.999999999999975
    vertex 586.102922343514 34.76631003557664 -3.101963130802687e-14
  endloop
endfacet
facet normal -0.9238795325112642 -0.38268343236514446 0.0
  outer loop
    vertex 586.102922343514 34.76631003557666 -5.999999999999975
    vertex 586.0030219210093 35.007490990474125 2.8199664825478975e-15
    vertex 586.0030219210093 35.007490990474125 -6.000000000000009
  endloop
endfacet
facet normal -0.9238795325112937 0.38268343236507313 5.551115123125783e-17
  outer loop
    vertex 607.8234994801079 106.71631003557647 8.459899447643692e-15
    vertex 607.6336886773491 106.25806622127136 -6.000000000000003
    vertex 607.6336886773491 106.25806622127132 5.639932965095795e-15
  endloop
endfacet
facet normal -0.9238795325112937 0.38268343236507313 5.551115123125783e-17
  outer loop
    vertex 607.6336886773491 106.25806622127136 -6.000000000000003
    vertex 607.8234994801079 106.71631003557647 8.459899447643692e-15
    vertex 607.8234994801079 106.7163100355766 -6.000000000000009
  endloop
endfacet
facet normal 0.38268343236505725 0.9238795325113004 8.326672684688674e-17
  outer loop
    vertex 609.9607039329932 107.6015691055258 -5.999999999999992
    vertex 610.4189477472984 107.411758302767 -8.459899447643692e-15
    vertex 610.4189477472984 107.41175830276696 -6.000000000000003
  endloop
endfacet
facet normal 0.38268343236505725 0.9238795325113004 8.326672684688674e-17
  outer loop
    vertex 610.4189477472984 107.411758302767 -8.459899447643692e-15
    vertex 609.9607039329932 107.6015691055258 -5.999999999999992
    vertex 609.9607039329932 107.6015691055258 2.8199664825478975e-15
  endloop
endfacet
facet normal 0.9238795325112937 0.38268343236507313 5.551115123125783e-17
  outer loop
    vertex 611.3042068172476 106.25806622127136 -6.000000000000003
    vertex 611.1143960144888 106.71631003557647 8.459899447643692e-15
    vertex 611.3042068172476 106.25806622127132 5.639932965095795e-15
  endloop
endfacet
facet normal 0.9238795325112937 0.38268343236507313 5.551115123125783e-17
  outer loop
    vertex 611.1143960144888 106.71631003557647 8.459899447643692e-15
    vertex 611.3042068172476 106.25806622127136 -6.000000000000003
    vertex 611.1143960144888 106.7163100355766 -6.000000000000009
  endloop
endfacet
facet normal -0.7933533402912061 0.6087614290087587 5.551115123125783e-17
  outer loop
    vertex 608.1254448630439 107.10981291983103 5.639932965095795e-15
    vertex 607.8234994801079 106.7163100355766 -6.000000000000009
    vertex 607.8234994801079 106.71631003557647 8.459899447643692e-15
  endloop
endfacet
facet normal -0.7933533402912061 0.6087614290087587 5.551115123125783e-17
  outer loop
    vertex 607.8234994801079 106.7163100355766 -6.000000000000009
    vertex 608.1254448630439 107.10981291983103 5.639932965095795e-15
    vertex 608.1254448630439 107.10981291983097 -6.000000000000003
  endloop
endfacet
facet normal 0.9914448613738213 -0.13052619221996947 0.0
  outer loop
    vertex 611.3689477472983 105.76631003557655 -6.000000000000003
    vertex 611.3042068172476 105.27455384988178 5.639932965095795e-15
    vertex 611.3042068172476 105.27455384988178 -5.999999999999992
  endloop
endfacet
facet normal 0.9914448613738213 -0.13052619221996947 0.0
  outer loop
    vertex 611.3042068172476 105.27455384988178 5.639932965095795e-15
    vertex 611.3689477472983 105.76631003557655 -6.000000000000003
    vertex 611.3689477472983 105.76631003557655 8.459899447643692e-15
  endloop
endfacet
facet normal 0.6087614290087409 0.7933533402912196 -8.326672684688674e-17
  outer loop
    vertex 614.9689477472984 103.13233543936106 -5.639932965095795e-15
    vertex 615.1760545284849 102.97341681676318 -2.9999999999999916
    vertex 614.9689477472984 103.13233543936107 -3.0000000000000253
  endloop
endfacet
facet normal 0.6087614290087409 0.7933533402912196 -8.326672684688674e-17
  outer loop
    vertex 615.1760545284849 102.97341681676318 -2.9999999999999916
    vertex 614.9689477472984 103.13233543936106 -5.639932965095795e-15
    vertex 615.1760545284849 102.97341681676318 -2.8199664825478975e-15
  endloop
endfacet
facet normal 0.7933533402912939 0.6087614290086442 2.7755575615628914e-17
  outer loop
    vertex 611.1143960144888 106.7163100355766 -6.000000000000009
    vertex 610.8124506315529 107.10981291983103 5.639932965095795e-15
    vertex 611.1143960144888 106.71631003557647 8.459899447643692e-15
  endloop
endfacet
facet normal 0.7933533402912939 0.6087614290086442 2.7755575615628914e-17
  outer loop
    vertex 610.8124506315529 107.10981291983103 5.639932965095795e-15
    vertex 611.1143960144888 106.7163100355766 -6.000000000000009
    vertex 610.8124506315529 107.10981291983097 -6.000000000000003
  endloop
endfacet
facet normal 0.9914448613738213 0.13052619221996947 0.0
  outer loop
    vertex 611.3042068172476 106.25806622127136 -6.000000000000003
    vertex 611.3689477472983 105.76631003557655 8.459899447643692e-15
    vertex 611.3689477472983 105.76631003557655 -6.000000000000003
  endloop
endfacet
facet normal 0.9914448613738213 0.13052619221996947 0.0
  outer loop
    vertex 611.3689477472983 105.76631003557655 8.459899447643692e-15
    vertex 611.3042068172476 106.25806622127136 -6.000000000000003
    vertex 611.3042068172476 106.25806622127132 5.639932965095795e-15
  endloop
endfacet
facet normal 0.9238795325112937 -0.38268343236507313 -5.551115123125783e-17
  outer loop
    vertex 611.3042068172476 105.27455384988178 -5.999999999999992
    vertex 611.1143960144888 104.81631003557654 -8.459899447643692e-15
    vertex 611.1143960144888 104.81631003557649 -5.999999999999997
  endloop
endfacet
facet normal 0.9238795325112937 -0.38268343236507313 -5.551115123125783e-17
  outer loop
    vertex 611.1143960144888 104.81631003557654 -8.459899447643692e-15
    vertex 611.3042068172476 105.27455384988178 -5.999999999999992
    vertex 611.3042068172476 105.27455384988178 5.639932965095795e-15
  endloop
endfacet
facet normal -0.3826834323651317 0.9238795325112694 -1.1102230246251565e-16
  outer loop
    vertex 613.9689477472984 103.13233543936106 -5.639932965095795e-15
    vertex 614.2101287021959 103.2322358618657 -3.00000000000002
    vertex 613.9689477472984 103.13233543936107 -3.0000000000000253
  endloop
endfacet
facet normal -0.3826834323651317 0.9238795325112694 -1.1102230246251565e-16
  outer loop
    vertex 614.2101287021959 103.2322358618657 -3.00000000000002
    vertex 613.9689477472984 103.13233543936106 -5.639932965095795e-15
    vertex 614.2101287021959 103.23223586186569 5.639932965095795e-15
  endloop
endfacet
facet normal -0.608761429008752 -0.7933533402912112 5.551115123125783e-17
  outer loop
    vertex 608.5189477472983 104.12086176838612 -5.999999999999992
    vertex 608.1254448630439 104.42280715132208 1.6919798895287383e-14
    vertex 608.1254448630439 104.42280715132209 -6.00000000000002
  endloop
endfacet
facet normal -0.608761429008752 -0.7933533402912112 5.551115123125783e-17
  outer loop
    vertex 608.1254448630439 104.42280715132208 1.6919798895287383e-14
    vertex 608.5189477472983 104.12086176838612 -5.999999999999992
    vertex 608.5189477472983 104.12086176838612 -2.8199664825478975e-15
  endloop
endfacet
facet normal 0.7933533402912939 -0.6087614290086442 -2.7755575615628914e-17
  outer loop
    vertex 610.8124506315529 104.42280715132209 -6.00000000000002
    vertex 611.1143960144888 104.81631003557654 -8.459899447643692e-15
    vertex 610.8124506315529 104.42280715132208 1.6919798895287383e-14
  endloop
endfacet
facet normal 0.7933533402912939 -0.6087614290086442 -2.7755575615628914e-17
  outer loop
    vertex 611.1143960144888 104.81631003557654 -8.459899447643692e-15
    vertex 610.8124506315529 104.42280715132209 -6.00000000000002
    vertex 611.1143960144888 104.81631003557649 -5.999999999999997
  endloop
endfacet
facet normal -0.9914448613737978 0.1305261922201483 1.3877787807814457e-17
  outer loop
    vertex 607.6336886773491 106.25806622127132 5.639932965095795e-15
    vertex 607.5689477472982 105.76631003557655 -6.000000000000003
    vertex 607.5689477472982 105.76631003557655 8.459899447643692e-15
  endloop
endfacet
facet normal -0.9914448613737978 0.1305261922201483 1.3877787807814457e-17
  outer loop
    vertex 607.5689477472982 105.76631003557655 -6.000000000000003
    vertex 607.6336886773491 106.25806622127132 5.639932965095795e-15
    vertex 607.6336886773491 106.25806622127136 -6.000000000000003
  endloop
endfacet
facet normal -0.13052619222002945 0.9914448613738134 3.0531133177191805e-16
  outer loop
    vertex 608.9771915616035 107.6015691055258 -5.999999999999992
    vertex 609.4689477472984 107.66631003557657 0.0
    vertex 609.4689477472984 107.66631003557657 -6.000000000000009
  endloop
endfacet
facet normal -0.13052619222002945 0.9914448613738134 3.0531133177191805e-16
  outer loop
    vertex 609.4689477472984 107.66631003557657 0.0
    vertex 608.9771915616035 107.6015691055258 -5.999999999999992
    vertex 608.9771915616035 107.6015691055258 2.8199664825478975e-15
  endloop
endfacet
facet normal 0.38268343236520547 0.9238795325112388 -5.551115123125783e-17
  outer loop
    vertex 614.727766792401 103.23223586186573 -3.0000000000000084
    vertex 614.9689477472984 103.13233543936106 -5.639932965095795e-15
    vertex 614.9689477472984 103.13233543936107 -3.0000000000000253
  endloop
endfacet
facet normal 0.38268343236520547 0.9238795325112388 -5.551115123125783e-17
  outer loop
    vertex 614.9689477472984 103.13233543936106 -5.639932965095795e-15
    vertex 614.727766792401 103.23223586186573 -3.0000000000000084
    vertex 614.727766792401 103.23223586186569 1.6919798895287383e-14
  endloop
endfacet
facet normal -0.9238795325112937 -0.38268343236507313 -5.551115123125783e-17
  outer loop
    vertex 607.8234994801079 104.81631003557654 -8.459899447643692e-15
    vertex 607.6336886773491 105.27455384988178 -5.999999999999992
    vertex 607.8234994801079 104.81631003557649 -5.999999999999997
  endloop
endfacet
facet normal -0.9238795325112937 -0.38268343236507313 -5.551115123125783e-17
  outer loop
    vertex 607.6336886773491 105.27455384988178 -5.999999999999992
    vertex 607.8234994801079 104.81631003557654 -8.459899447643692e-15
    vertex 607.6336886773491 105.27455384988178 5.639932965095795e-15
  endloop
endfacet
facet normal -0.7933533402910847 0.6087614290089167 5.551115123125783e-17
  outer loop
    vertex 613.7618409661119 102.97341681676318 -2.8199664825478975e-15
    vertex 613.6029223435139 102.76631003557662 -3.0000000000000058
    vertex 613.6029223435139 102.7663100355766 -1.4099832412739488e-14
  endloop
endfacet
facet normal -0.7933533402910847 0.6087614290089167 5.551115123125783e-17
  outer loop
    vertex 613.6029223435139 102.76631003557662 -3.0000000000000058
    vertex 613.7618409661119 102.97341681676318 -2.8199664825478975e-15
    vertex 613.7618409661119 102.97341681676318 -2.9999999999999916
  endloop
endfacet
facet normal -0.6087614290087409 0.7933533402912196 -8.326672684688674e-17
  outer loop
    vertex 613.7618409661119 102.97341681676318 -2.9999999999999916
    vertex 613.9689477472984 103.13233543936106 -5.639932965095795e-15
    vertex 613.9689477472984 103.13233543936107 -3.0000000000000253
  endloop
endfacet
facet normal -0.6087614290087409 0.7933533402912196 -8.326672684688674e-17
  outer loop
    vertex 613.9689477472984 103.13233543936106 -5.639932965095795e-15
    vertex 613.7618409661119 102.97341681676318 -2.9999999999999916
    vertex 613.7618409661119 102.97341681676318 -2.8199664825478975e-15
  endloop
endfacet
facet normal -0.13052619222002945 -0.9914448613738134 -3.0531133177191805e-16
  outer loop
    vertex 609.4689477472984 103.86631003557653 -6.000000000000003
    vertex 608.9771915616035 103.9310509656273 2.8199664825478975e-15
    vertex 608.9771915616035 103.9310509656273 -6.000000000000026
  endloop
endfacet
facet normal -0.13052619222002945 -0.9914448613738134 -3.0531133177191805e-16
  outer loop
    vertex 608.9771915616035 103.9310509656273 2.8199664825478975e-15
    vertex 609.4689477472984 103.86631003557653 -6.000000000000003
    vertex 609.4689477472984 103.86631003557653 -5.639932965095795e-15
  endloop
endfacet
facet normal -0.3826834323651215 -0.9238795325112737 2.7755575615628914e-17
  outer loop
    vertex 608.9771915616035 103.9310509656273 2.8199664825478975e-15
    vertex 608.5189477472983 104.12086176838612 -5.999999999999992
    vertex 608.9771915616035 103.9310509656273 -6.000000000000026
  endloop
endfacet
facet normal -0.3826834323651215 -0.9238795325112737 2.7755575615628914e-17
  outer loop
    vertex 608.5189477472983 104.12086176838612 -5.999999999999992
    vertex 608.9771915616035 103.9310509656273 2.8199664825478975e-15
    vertex 608.5189477472983 104.12086176838612 -2.8199664825478975e-15
  endloop
endfacet
facet normal 0.1305261922199815 0.9914448613738198 -8.326672684688677e-17
  outer loop
    vertex 614.4689477472984 103.26631003557662 -3.000000000000003
    vertex 614.727766792401 103.23223586186569 1.6919798895287383e-14
    vertex 614.727766792401 103.23223586186573 -3.0000000000000084
  endloop
endfacet
facet normal 0.1305261922199815 0.9914448613738198 -8.326672684688677e-17
  outer loop
    vertex 614.727766792401 103.23223586186569 1.6919798895287383e-14
    vertex 614.4689477472984 103.26631003557662 -3.000000000000003
    vertex 614.4689477472984 103.26631003557662 -1.4099832412739488e-14
  endloop
endfacet
facet normal -0.7933533402912061 -0.6087614290087587 -5.551115123125783e-17
  outer loop
    vertex 607.8234994801079 104.81631003557654 -8.459899447643692e-15
    vertex 608.1254448630439 104.42280715132209 -6.00000000000002
    vertex 608.1254448630439 104.42280715132208 1.6919798895287383e-14
  endloop
endfacet
facet normal -0.7933533402912061 -0.6087614290087587 -5.551115123125783e-17
  outer loop
    vertex 608.1254448630439 104.42280715132209 -6.00000000000002
    vertex 607.8234994801079 104.81631003557654 -8.459899447643692e-15
    vertex 607.8234994801079 104.81631003557649 -5.999999999999997
  endloop
endfacet
facet normal -0.9914448613737978 -0.1305261922201483 -1.3877787807814457e-17
  outer loop
    vertex 607.5689477472982 105.76631003557655 8.459899447643692e-15
    vertex 607.6336886773491 105.27455384988178 -5.999999999999992
    vertex 607.6336886773491 105.27455384988178 5.639932965095795e-15
  endloop
endfacet
facet normal -0.9914448613737978 -0.1305261922201483 -1.3877787807814457e-17
  outer loop
    vertex 607.6336886773491 105.27455384988178 -5.999999999999992
    vertex 607.5689477472982 105.76631003557655 8.459899447643692e-15
    vertex 607.5689477472982 105.76631003557655 -6.000000000000003
  endloop
endfacet
facet normal -0.13052619222006637 0.9914448613738086 3.0531133177191805e-16
  outer loop
    vertex 614.2101287021959 103.23223586186569 5.639932965095795e-15
    vertex 614.4689477472984 103.26631003557662 -3.000000000000003
    vertex 614.2101287021959 103.2322358618657 -3.00000000000002
  endloop
endfacet
facet normal -0.13052619222006637 0.9914448613738086 3.0531133177191805e-16
  outer loop
    vertex 614.4689477472984 103.26631003557662 -3.000000000000003
    vertex 614.2101287021959 103.23223586186569 5.639932965095795e-15
    vertex 614.4689477472984 103.26631003557662 -1.4099832412739488e-14
  endloop
endfacet
facet normal 0.13052619222007655 0.9914448613738072 5.551115123125783e-17
  outer loop
    vertex 609.4689477472984 107.66631003557657 0.0
    vertex 609.9607039329932 107.6015691055258 -5.999999999999992
    vertex 609.4689477472984 107.66631003557657 -6.000000000000009
  endloop
endfacet
facet normal 0.13052619222007655 0.9914448613738072 5.551115123125783e-17
  outer loop
    vertex 609.9607039329932 107.6015691055258 -5.999999999999992
    vertex 609.4689477472984 107.66631003557657 0.0
    vertex 609.9607039329932 107.6015691055258 2.8199664825478975e-15
  endloop
endfacet
facet normal 0.608761429008664 0.7933533402912786 2.7755575615628907e-17
  outer loop
    vertex 610.4189477472984 107.411758302767 -8.459899447643692e-15
    vertex 610.8124506315529 107.10981291983097 -6.000000000000003
    vertex 610.4189477472984 107.41175830276696 -6.000000000000003
  endloop
endfacet
facet normal 0.608761429008664 0.7933533402912786 2.7755575615628907e-17
  outer loop
    vertex 610.8124506315529 107.10981291983097 -6.000000000000003
    vertex 610.4189477472984 107.411758302767 -8.459899447643692e-15
    vertex 610.8124506315529 107.10981291983103 5.639932965095795e-15
  endloop
endfacet
facet normal -0.6087614290087233 0.7933533402912332 2.498001805406602e-16
  outer loop
    vertex 608.1254448630439 107.10981291983103 5.639932965095795e-15
    vertex 608.5189477472983 107.41175830276691 -6.000000000000003
    vertex 608.1254448630439 107.10981291983097 -6.000000000000003
  endloop
endfacet
facet normal -0.6087614290087233 0.7933533402912332 2.498001805406602e-16
  outer loop
    vertex 608.5189477472983 107.41175830276691 -6.000000000000003
    vertex 608.1254448630439 107.10981291983103 5.639932965095795e-15
    vertex 608.5189477472983 107.411758302767 2.8199664825478975e-15
  endloop
endfacet
facet normal -0.9238795325113737 0.3826834323648799 5.551115123125783e-17
  outer loop
    vertex 613.6029223435139 102.7663100355766 -1.4099832412739488e-14
    vertex 613.5030219210093 102.52512908067918 -2.9999999999999862
    vertex 613.5030219210093 102.52512908067915 -1.973976537783528e-14
  endloop
endfacet
facet normal -0.9238795325113737 0.3826834323648799 5.551115123125783e-17
  outer loop
    vertex 613.5030219210093 102.52512908067918 -2.9999999999999862
    vertex 613.6029223435139 102.7663100355766 -1.4099832412739488e-14
    vertex 613.6029223435139 102.76631003557662 -3.0000000000000058
  endloop
endfacet
facet normal 0.9238795325113737 0.3826834323648799 5.551115123125783e-17
  outer loop
    vertex 615.4348735735874 102.52512908067918 -2.9999999999999862
    vertex 615.3349731510829 102.7663100355766 -1.4099832412739488e-14
    vertex 615.4348735735874 102.52512908067915 -1.973976537783528e-14
  endloop
endfacet
facet normal 0.9238795325113737 0.3826834323648799 5.551115123125783e-17
  outer loop
    vertex 615.3349731510829 102.7663100355766 -1.4099832412739488e-14
    vertex 615.4348735735874 102.52512908067918 -2.9999999999999862
    vertex 615.3349731510829 102.76631003557662 -3.0000000000000058
  endloop
endfacet
facet normal 0.13052619222007658 -0.9914448613738072 -5.551115123125783e-17
  outer loop
    vertex 609.9607039329932 103.9310509656273 2.8199664825478975e-15
    vertex 609.4689477472984 103.86631003557653 -6.000000000000003
    vertex 609.9607039329932 103.9310509656273 -6.000000000000026
  endloop
endfacet
facet normal 0.13052619222007658 -0.9914448613738072 -5.551115123125783e-17
  outer loop
    vertex 609.4689477472984 103.86631003557653 -6.000000000000003
    vertex 609.9607039329932 103.9310509656273 2.8199664825478975e-15
    vertex 609.4689477472984 103.86631003557653 -5.639932965095795e-15
  endloop
endfacet
facet normal 0.7933533402910847 0.6087614290089167 5.551115123125783e-17
  outer loop
    vertex 615.3349731510829 102.76631003557662 -3.0000000000000058
    vertex 615.1760545284849 102.97341681676318 -2.8199664825478975e-15
    vertex 615.3349731510829 102.7663100355766 -1.4099832412739488e-14
  endloop
endfacet
facet normal 0.7933533402910847 0.6087614290089167 5.551115123125783e-17
  outer loop
    vertex 615.1760545284849 102.97341681676318 -2.8199664825478975e-15
    vertex 615.3349731510829 102.76631003557662 -3.0000000000000058
    vertex 615.1760545284849 102.97341681676318 -2.9999999999999916
  endloop
endfacet
facet normal -0.38268343236516045 0.9238795325112577 -8.326672684688673e-17
  outer loop
    vertex 608.5189477472983 107.411758302767 2.8199664825478975e-15
    vertex 608.9771915616035 107.6015691055258 -5.999999999999992
    vertex 608.5189477472983 107.41175830276691 -6.000000000000003
  endloop
endfacet
facet normal -0.38268343236516045 0.9238795325112577 -8.326672684688673e-17
  outer loop
    vertex 608.9771915616035 107.6015691055258 -5.999999999999992
    vertex 608.5189477472983 107.411758302767 2.8199664825478975e-15
    vertex 608.9771915616035 107.6015691055258 2.8199664825478975e-15
  endloop
endfacet
facet normal -0.6087614290086846 -0.793353340291263 -1.6653345369377348e-16
  outer loop
    vertex 618.4689477472986 116.03425922800766 -8.459899447643692e-15
    vertex 618.0547341849253 116.35209647320343 -5.999999999999997
    vertex 618.4689477472986 116.03425922800761 -5.999999999999997
  endloop
endfacet
facet normal -0.6087614290086846 -0.793353340291263 -1.6653345369377348e-16
  outer loop
    vertex 618.0547341849253 116.35209647320343 -5.999999999999997
    vertex 618.4689477472986 116.03425922800766 -8.459899447643692e-15
    vertex 618.0547341849253 116.35209647320347 -8.459899447643692e-15
  endloop
endfacet
facet normal 0.6087614290086846 -0.793353340291263 -1.6653345369377348e-16
  outer loop
    vertex 620.8831613096716 116.35209647320347 -8.459899447643692e-15
    vertex 620.4689477472984 116.03425922800761 -5.999999999999997
    vertex 620.8831613096716 116.35209647320343 -5.999999999999997
  endloop
endfacet
facet normal 0.6087614290086846 -0.793353340291263 -1.6653345369377348e-16
  outer loop
    vertex 620.4689477472984 116.03425922800761 -5.999999999999997
    vertex 620.8831613096716 116.35209647320347 -8.459899447643692e-15
    vertex 620.4689477472984 116.03425922800766 -8.459899447643692e-15
  endloop
endfacet
facet normal -0.9914448613737965 -0.130526192220157 6.938893903907228e-18
  outer loop
    vertex 607.4689477472983 117.76631003557652 2.5379698342931078e-14
    vertex 607.5370960947203 117.2486719453715 -6.000000000000009
    vertex 607.5370960947203 117.2486719453715 -8.459899447643692e-15
  endloop
endfacet
facet normal -0.9914448613737965 -0.130526192220157 6.938893903907228e-18
  outer loop
    vertex 607.5370960947203 117.2486719453715 -6.000000000000009
    vertex 607.4689477472983 117.76631003557652 2.5379698342931078e-14
    vertex 607.4689477472983 117.76631003557652 -5.999999999999992
  endloop
endfacet
facet normal -0.9914448613737965 0.130526192220157 -6.938893903907228e-18
  outer loop
    vertex 607.5370960947203 118.28394812578159 -8.459899447643692e-15
    vertex 607.4689477472983 117.76631003557652 -5.999999999999992
    vertex 607.4689477472983 117.76631003557652 2.5379698342931078e-14
  endloop
endfacet
facet normal -0.9914448613737965 0.130526192220157 -6.938893903907228e-18
  outer loop
    vertex 607.4689477472983 117.76631003557652 -5.999999999999992
    vertex 607.5370960947203 118.28394812578159 -8.459899447643692e-15
    vertex 607.5370960947203 118.28394812578159 -6.000000000000009
  endloop
endfacet
facet normal 0.608761429008664 -0.7933533402912786 -2.7755575615628907e-17
  outer loop
    vertex 610.8124506315529 104.42280715132208 1.6919798895287383e-14
    vertex 610.4189477472984 104.12086176838612 -5.999999999999992
    vertex 610.8124506315529 104.42280715132209 -6.00000000000002
  endloop
endfacet
facet normal 0.608761429008664 -0.7933533402912786 -2.7755575615628907e-17
  outer loop
    vertex 610.4189477472984 104.12086176838612 -5.999999999999992
    vertex 610.8124506315529 104.42280715132208 1.6919798895287383e-14
    vertex 610.4189477472984 104.12086176838612 -2.8199664825478975e-15
  endloop
endfacet
facet normal 0.7933533402912479 0.6087614290087042 0.0
  outer loop
    vertex 620.8831613096716 119.18052359794963 -6.000000000000003
    vertex 621.2009985548673 118.76631003557657 2.8199664825478975e-15
    vertex 621.2009985548673 118.76631003557652 -5.999999999999997
  endloop
endfacet
facet normal 0.7933533402912479 0.6087614290087042 0.0
  outer loop
    vertex 621.2009985548673 118.76631003557657 2.8199664825478975e-15
    vertex 620.8831613096716 119.18052359794963 -6.000000000000003
    vertex 620.8831613096716 119.18052359794963 2.8199664825478976e-14
  endloop
endfacet
facet normal 0.7933533402912519 -0.608761429008699 -8.326672684688674e-17
  outer loop
    vertex 621.2009985548673 116.76631003557652 -5.999999999999992
    vertex 620.8831613096716 116.35209647320347 -8.459899447643692e-15
    vertex 620.8831613096716 116.35209647320343 -5.999999999999997
  endloop
endfacet
facet normal 0.7933533402912519 -0.608761429008699 -8.326672684688674e-17
  outer loop
    vertex 620.8831613096716 116.35209647320347 -8.459899447643692e-15
    vertex 621.2009985548673 116.76631003557652 -5.999999999999992
    vertex 621.2009985548673 116.76631003557657 8.459899447643692e-15
  endloop
endfacet
facet normal 0.3826834323651317 -0.9238795325112694 1.1102230246251565e-16
  outer loop
    vertex 620.4689477472984 116.03425922800766 -8.459899447643692e-15
    vertex 619.9865858375035 115.8344583829984 -5.999999999999986
    vertex 620.4689477472984 116.03425922800761 -5.999999999999997
  endloop
endfacet
facet normal 0.3826834323651317 -0.9238795325112694 1.1102230246251565e-16
  outer loop
    vertex 619.9865858375035 115.8344583829984 -5.999999999999986
    vertex 620.4689477472984 116.03425922800766 -8.459899447643692e-15
    vertex 619.9865858375035 115.8344583829984 -8.459899447643692e-15
  endloop
endfacet
facet normal 0.13052619222004516 0.9914448613738113 2.7755575615628914e-17
  outer loop
    vertex 619.4689477472984 119.76631003557652 -5.999999999999997
    vertex 619.9865858375035 119.6981616881547 8.459899447643692e-15
    vertex 619.9865858375035 119.6981616881547 -6.000000000000026
  endloop
endfacet
facet normal 0.13052619222004516 0.9914448613738113 2.7755575615628914e-17
  outer loop
    vertex 619.9865858375035 119.6981616881547 8.459899447643692e-15
    vertex 619.4689477472984 119.76631003557652 -5.999999999999997
    vertex 619.4689477472984 119.76631003557657 -2.8199664825478975e-15
  endloop
endfacet
facet normal -0.3826834323650708 -0.9238795325112947 -8.326672684688677e-17
  outer loop
    vertex 608.9513096570934 115.8344583829984 -5.999999999999986
    vertex 608.4689477472983 116.03425922800766 -8.459899447643692e-15
    vertex 608.4689477472983 116.03425922800761 -5.999999999999997
  endloop
endfacet
facet normal -0.3826834323650708 -0.9238795325112947 -8.326672684688677e-17
  outer loop
    vertex 608.4689477472983 116.03425922800766 -8.459899447643692e-15
    vertex 608.9513096570934 115.8344583829984 -5.999999999999986
    vertex 608.9513096570934 115.8344583829984 -8.459899447643692e-15
  endloop
endfacet
facet normal -0.7933533402912519 -0.608761429008699 -8.326672684688674e-17
  outer loop
    vertex 608.0547341849252 116.35209647320347 -8.459899447643692e-15
    vertex 607.7368969397295 116.76631003557652 -5.999999999999992
    vertex 608.0547341849252 116.35209647320343 -5.999999999999997
  endloop
endfacet
facet normal -0.7933533402912519 -0.608761429008699 -8.326672684688674e-17
  outer loop
    vertex 607.7368969397295 116.76631003557652 -5.999999999999992
    vertex 608.0547341849252 116.35209647320347 -8.459899447643692e-15
    vertex 607.7368969397295 116.76631003557657 8.459899447643692e-15
  endloop
endfacet
facet normal -0.9914448613737965 0.130526192220157 -6.938893903907228e-18
  outer loop
    vertex 617.5370960947204 118.28394812578159 -8.459899447643692e-15
    vertex 617.4689477472984 117.76631003557652 -5.999999999999992
    vertex 617.4689477472984 117.76631003557652 2.5379698342931078e-14
  endloop
endfacet
facet normal -0.9914448613737965 0.130526192220157 -6.938893903907228e-18
  outer loop
    vertex 617.4689477472984 117.76631003557652 -5.999999999999992
    vertex 617.5370960947204 118.28394812578159 -8.459899447643692e-15
    vertex 617.5370960947204 118.28394812578159 -6.000000000000009
  endloop
endfacet
facet normal -0.3826834323651317 -0.9238795325112694 1.1102230246251565e-16
  outer loop
    vertex 618.9513096570934 115.8344583829984 -5.999999999999986
    vertex 618.4689477472986 116.03425922800766 -8.459899447643692e-15
    vertex 618.4689477472986 116.03425922800761 -5.999999999999997
  endloop
endfacet
facet normal -0.3826834323651317 -0.9238795325112694 1.1102230246251565e-16
  outer loop
    vertex 618.4689477472986 116.03425922800766 -8.459899447643692e-15
    vertex 618.9513096570934 115.8344583829984 -5.999999999999986
    vertex 618.9513096570934 115.8344583829984 -8.459899447643692e-15
  endloop
endfacet
facet normal 0.38268343236514096 0.9238795325112658 -2.7755575615628914e-17
  outer loop
    vertex 619.9865858375035 119.6981616881547 8.459899447643692e-15
    vertex 620.4689477472984 119.49836084314539 -5.9999999999999805
    vertex 619.9865858375035 119.6981616881547 -6.000000000000026
  endloop
endfacet
facet normal 0.38268343236514096 0.9238795325112658 -2.7755575615628914e-17
  outer loop
    vertex 620.4689477472984 119.49836084314539 -5.9999999999999805
    vertex 619.9865858375035 119.6981616881547 8.459899447643692e-15
    vertex 620.4689477472984 119.49836084314539 -1.4099832412739488e-14
  endloop
endfacet
facet normal 0.13052619222002393 -0.991444861373814 -3.0531133177191805e-16
  outer loop
    vertex 619.9865858375035 115.8344583829984 -5.999999999999986
    vertex 619.4689477472984 115.76631003557652 0.0
    vertex 619.4689477472984 115.76631003557658 -6.000000000000003
  endloop
endfacet
facet normal 0.13052619222002393 -0.991444861373814 -3.0531133177191805e-16
  outer loop
    vertex 619.4689477472984 115.76631003557652 0.0
    vertex 619.9865858375035 115.8344583829984 -5.999999999999986
    vertex 619.9865858375035 115.8344583829984 -8.459899447643692e-15
  endloop
endfacet
facet normal -0.7933533402912519 -0.608761429008699 -8.326672684688674e-17
  outer loop
    vertex 618.0547341849253 116.35209647320347 -8.459899447643692e-15
    vertex 617.7368969397296 116.76631003557652 -5.999999999999992
    vertex 618.0547341849253 116.35209647320343 -5.999999999999997
  endloop
endfacet
facet normal -0.7933533402912519 -0.608761429008699 -8.326672684688674e-17
  outer loop
    vertex 617.7368969397296 116.76631003557652 -5.999999999999992
    vertex 618.0547341849253 116.35209647320347 -8.459899447643692e-15
    vertex 617.7368969397296 116.76631003557657 8.459899447643692e-15
  endloop
endfacet
facet normal -0.13052619222002393 -0.991444861373814 -3.0531133177191805e-16
  outer loop
    vertex 619.4689477472984 115.76631003557652 0.0
    vertex 618.9513096570934 115.8344583829984 -5.999999999999986
    vertex 619.4689477472984 115.76631003557658 -6.000000000000003
  endloop
endfacet
facet normal -0.13052619222002393 -0.991444861373814 -3.0531133177191805e-16
  outer loop
    vertex 618.9513096570934 115.8344583829984 -5.999999999999986
    vertex 619.4689477472984 115.76631003557652 0.0
    vertex 618.9513096570934 115.8344583829984 -8.459899447643692e-15
  endloop
endfacet
facet normal -0.9238795325113189 0.382683432365012 2.7755575615628907e-17
  outer loop
    vertex 617.7368969397296 118.76631003557657 2.8199664825478975e-15
    vertex 617.5370960947204 118.28394812578159 -6.000000000000009
    vertex 617.5370960947204 118.28394812578159 -8.459899447643692e-15
  endloop
endfacet
facet normal -0.9238795325113189 0.382683432365012 2.7755575615628907e-17
  outer loop
    vertex 617.5370960947204 118.28394812578159 -6.000000000000009
    vertex 617.7368969397296 118.76631003557657 2.8199664825478975e-15
    vertex 617.7368969397296 118.76631003557652 -5.999999999999997
  endloop
endfacet
facet normal -0.608761429008671 0.7933533402912734 0.0
  outer loop
    vertex 618.0547341849253 119.18052359794963 2.8199664825478976e-14
    vertex 618.4689477472986 119.49836084314539 -5.9999999999999805
    vertex 618.0547341849253 119.18052359794963 -6.000000000000003
  endloop
endfacet
facet normal -0.608761429008671 0.7933533402912734 0.0
  outer loop
    vertex 618.4689477472986 119.49836084314539 -5.9999999999999805
    vertex 618.0547341849253 119.18052359794963 2.8199664825478976e-14
    vertex 618.4689477472986 119.49836084314539 -1.4099832412739488e-14
  endloop
endfacet
facet normal -0.13052619222004516 0.9914448613738113 2.7755575615628914e-17
  outer loop
    vertex 618.9513096570934 119.6981616881547 8.459899447643692e-15
    vertex 619.4689477472984 119.76631003557652 -5.999999999999997
    vertex 618.9513096570934 119.6981616881547 -6.000000000000026
  endloop
endfacet
facet normal -0.13052619222004516 0.9914448613738113 2.7755575615628914e-17
  outer loop
    vertex 619.4689477472984 119.76631003557652 -5.999999999999997
    vertex 618.9513096570934 119.6981616881547 8.459899447643692e-15
    vertex 619.4689477472984 119.76631003557657 -2.8199664825478975e-15
  endloop
endfacet
facet normal 0.9238795325113189 0.382683432365012 2.7755575615628907e-17
  outer loop
    vertex 621.2009985548673 118.76631003557652 -5.999999999999997
    vertex 621.4007993998765 118.28394812578159 -8.459899447643692e-15
    vertex 621.4007993998765 118.28394812578159 -6.000000000000009
  endloop
endfacet
facet normal 0.9238795325113189 0.382683432365012 2.7755575615628907e-17
  outer loop
    vertex 621.4007993998765 118.28394812578159 -8.459899447643692e-15
    vertex 621.2009985548673 118.76631003557652 -5.999999999999997
    vertex 621.2009985548673 118.76631003557657 2.8199664825478975e-15
  endloop
endfacet
facet normal 0.9914448613737965 0.130526192220157 -6.938893903907228e-18
  outer loop
    vertex 621.4007993998765 118.28394812578159 -6.000000000000009
    vertex 621.4689477472984 117.76631003557652 2.5379698342931078e-14
    vertex 621.4689477472984 117.76631003557652 -5.999999999999992
  endloop
endfacet
facet normal 0.9914448613737965 0.130526192220157 -6.938893903907228e-18
  outer loop
    vertex 621.4689477472984 117.76631003557652 2.5379698342931078e-14
    vertex 621.4007993998765 118.28394812578159 -6.000000000000009
    vertex 621.4007993998765 118.28394812578159 -8.459899447643692e-15
  endloop
endfacet
facet normal 0.9914448613737965 -0.130526192220157 6.938893903907228e-18
  outer loop
    vertex 621.4689477472984 117.76631003557652 -5.999999999999992
    vertex 621.4007993998765 117.2486719453715 -8.459899447643692e-15
    vertex 621.4007993998765 117.2486719453715 -6.000000000000009
  endloop
endfacet
facet normal 0.9914448613737965 -0.130526192220157 6.938893903907228e-18
  outer loop
    vertex 621.4007993998765 117.2486719453715 -8.459899447643692e-15
    vertex 621.4689477472984 117.76631003557652 -5.999999999999992
    vertex 621.4689477472984 117.76631003557652 2.5379698342931078e-14
  endloop
endfacet
facet normal -0.38268343236514096 0.9238795325112658 2.7755575615628914e-17
  outer loop
    vertex 618.4689477472986 119.49836084314539 -5.9999999999999805
    vertex 618.9513096570934 119.6981616881547 8.459899447643692e-15
    vertex 618.9513096570934 119.6981616881547 -6.000000000000026
  endloop
endfacet
facet normal -0.38268343236514096 0.9238795325112658 2.7755575615628914e-17
  outer loop
    vertex 618.9513096570934 119.6981616881547 8.459899447643692e-15
    vertex 618.4689477472986 119.49836084314539 -5.9999999999999805
    vertex 618.4689477472986 119.49836084314539 -1.4099832412739488e-14
  endloop
endfacet
facet normal -0.6087614290086846 -0.793353340291263 -1.6653345369377348e-16
  outer loop
    vertex 608.4689477472983 116.03425922800766 -8.459899447643692e-15
    vertex 608.0547341849252 116.35209647320343 -5.999999999999997
    vertex 608.4689477472983 116.03425922800761 -5.999999999999997
  endloop
endfacet
facet normal -0.6087614290086846 -0.793353340291263 -1.6653345369377348e-16
  outer loop
    vertex 608.0547341849252 116.35209647320343 -5.999999999999997
    vertex 608.4689477472983 116.03425922800766 -8.459899447643692e-15
    vertex 608.0547341849252 116.35209647320347 -8.459899447643692e-15
  endloop
endfacet
facet normal -0.7933533402912479 0.6087614290087042 0.0
  outer loop
    vertex 617.7368969397296 118.76631003557657 2.8199664825478975e-15
    vertex 618.0547341849253 119.18052359794963 -6.000000000000003
    vertex 617.7368969397296 118.76631003557652 -5.999999999999997
  endloop
endfacet
facet normal -0.7933533402912479 0.6087614290087042 0.0
  outer loop
    vertex 618.0547341849253 119.18052359794963 -6.000000000000003
    vertex 617.7368969397296 118.76631003557657 2.8199664825478975e-15
    vertex 618.0547341849253 119.18052359794963 2.8199664825478976e-14
  endloop
endfacet
facet normal -0.9238795325113189 -0.382683432365012 -2.7755575615628907e-17
  outer loop
    vertex 617.7368969397296 116.76631003557657 8.459899447643692e-15
    vertex 617.5370960947204 117.2486719453715 -6.000000000000009
    vertex 617.7368969397296 116.76631003557652 -5.999999999999992
  endloop
endfacet
facet normal -0.9238795325113189 -0.382683432365012 -2.7755575615628907e-17
  outer loop
    vertex 617.5370960947204 117.2486719453715 -6.000000000000009
    vertex 617.7368969397296 116.76631003557657 8.459899447643692e-15
    vertex 617.5370960947204 117.2486719453715 -8.459899447643692e-15
  endloop
endfacet
facet normal -0.9914448613737965 -0.130526192220157 6.938893903907228e-18
  outer loop
    vertex 617.4689477472984 117.76631003557652 2.5379698342931078e-14
    vertex 617.5370960947204 117.2486719453715 -6.000000000000009
    vertex 617.5370960947204 117.2486719453715 -8.459899447643692e-15
  endloop
endfacet
facet normal -0.9914448613737965 -0.130526192220157 6.938893903907228e-18
  outer loop
    vertex 617.5370960947204 117.2486719453715 -6.000000000000009
    vertex 617.4689477472984 117.76631003557652 2.5379698342931078e-14
    vertex 617.4689477472984 117.76631003557652 -5.999999999999992
  endloop
endfacet
facet normal 0.9238795325113189 -0.382683432365012 -2.7755575615628907e-17
  outer loop
    vertex 621.4007993998765 117.2486719453715 -6.000000000000009
    vertex 621.2009985548673 116.76631003557657 8.459899447643692e-15
    vertex 621.2009985548673 116.76631003557652 -5.999999999999992
  endloop
endfacet
facet normal 0.9238795325113189 -0.382683432365012 -2.7755575615628907e-17
  outer loop
    vertex 621.2009985548673 116.76631003557657 8.459899447643692e-15
    vertex 621.4007993998765 117.2486719453715 -6.000000000000009
    vertex 621.4007993998765 117.2486719453715 -8.459899447643692e-15
  endloop
endfacet
facet normal 0.38268343236505725 -0.9238795325113004 -8.326672684688674e-17
  outer loop
    vertex 610.4189477472984 104.12086176838612 -5.999999999999992
    vertex 609.9607039329932 103.9310509656273 2.8199664825478975e-15
    vertex 609.9607039329932 103.9310509656273 -6.000000000000026
  endloop
endfacet
facet normal 0.38268343236505725 -0.9238795325113004 -8.326672684688674e-17
  outer loop
    vertex 609.9607039329932 103.9310509656273 2.8199664825478975e-15
    vertex 610.4189477472984 104.12086176838612 -5.999999999999992
    vertex 610.4189477472984 104.12086176838612 -2.8199664825478975e-15
  endloop
endfacet
facet normal -0.9238795325113189 -0.382683432365012 -2.7755575615628907e-17
  outer loop
    vertex 607.7368969397295 116.76631003557657 8.459899447643692e-15
    vertex 607.5370960947203 117.2486719453715 -6.000000000000009
    vertex 607.7368969397295 116.76631003557652 -5.999999999999992
  endloop
endfacet
facet normal -0.9238795325113189 -0.382683432365012 -2.7755575615628907e-17
  outer loop
    vertex 607.5370960947203 117.2486719453715 -6.000000000000009
    vertex 607.7368969397295 116.76631003557657 8.459899447643692e-15
    vertex 607.5370960947203 117.2486719453715 -8.459899447643692e-15
  endloop
endfacet
facet normal 0.608761429008671 0.7933533402912734 0.0
  outer loop
    vertex 620.4689477472984 119.49836084314539 -5.9999999999999805
    vertex 620.8831613096716 119.18052359794963 2.8199664825478976e-14
    vertex 620.8831613096716 119.18052359794963 -6.000000000000003
  endloop
endfacet
facet normal 0.608761429008671 0.7933533402912734 0.0
  outer loop
    vertex 620.8831613096716 119.18052359794963 2.8199664825478976e-14
    vertex 620.4689477472984 119.49836084314539 -5.9999999999999805
    vertex 620.4689477472984 119.49836084314539 -1.4099832412739488e-14
  endloop
endfacet
facet normal 0.13052619222006748 0.9914448613738085 1.3877787807814457e-16
  outer loop
    vertex 609.4689477472984 119.76631003557652 -6.000000000000003
    vertex 609.9865858375034 119.6981616881547 8.459899447643692e-15
    vertex 609.9865858375034 119.6981616881547 -6.000000000000037
  endloop
endfacet
facet normal 0.13052619222006748 0.9914448613738085 1.3877787807814457e-16
  outer loop
    vertex 609.9865858375034 119.6981616881547 8.459899447643692e-15
    vertex 609.4689477472984 119.76631003557652 -6.000000000000003
    vertex 609.4689477472984 119.76631003557657 -1.127986593019159e-14
  endloop
endfacet
facet normal 0.991444861373819 0.13052619221998701 0.0
  outer loop
    vertex 611.4007993998765 118.28394812578159 -6.000000000000009
    vertex 611.4689477472983 117.76631003557652 2.5379698342931078e-14
    vertex 611.4689477472983 117.76631003557652 -5.999999999999992
  endloop
endfacet
facet normal 0.991444861373819 0.13052619221998701 0.0
  outer loop
    vertex 611.4689477472983 117.76631003557652 2.5379698342931078e-14
    vertex 611.4007993998765 118.28394812578159 -6.000000000000009
    vertex 611.4007993998765 118.28394812578159 -8.459899447643692e-15
  endloop
endfacet
facet normal 0.9238795325112579 -0.3826834323651596 -5.551115123125783e-17
  outer loop
    vertex 611.4007993998765 117.2486719453715 -6.000000000000009
    vertex 611.2009985548672 116.76631003557657 8.459899447643692e-15
    vertex 611.2009985548672 116.76631003557652 -5.999999999999992
  endloop
endfacet
facet normal 0.9238795325112579 -0.3826834323651596 -5.551115123125783e-17
  outer loop
    vertex 611.2009985548672 116.76631003557657 8.459899447643692e-15
    vertex 611.4007993998765 117.2486719453715 -6.000000000000009
    vertex 611.4007993998765 117.2486719453715 -8.459899447643692e-15
  endloop
endfacet
facet normal 0.13052619222004633 -0.9914448613738113 -1.942890293094024e-16
  outer loop
    vertex 609.9865858375034 115.8344583829984 -5.999999999999986
    vertex 609.4689477472984 115.76631003557652 0.0
    vertex 609.4689477472984 115.76631003557658 -6.000000000000003
  endloop
endfacet
facet normal 0.13052619222004633 -0.9914448613738113 -1.942890293094024e-16
  outer loop
    vertex 609.4689477472984 115.76631003557652 0.0
    vertex 609.9865858375034 115.8344583829984 -5.999999999999986
    vertex 609.9865858375034 115.8344583829984 -8.459899447643692e-15
  endloop
endfacet
facet normal 0.38268343236507996 0.923879532511291 -5.551115123125783e-17
  outer loop
    vertex 609.9865858375034 119.6981616881547 8.459899447643692e-15
    vertex 610.4689477472983 119.49836084314539 -5.9999999999999805
    vertex 609.9865858375034 119.6981616881547 -6.000000000000037
  endloop
endfacet
facet normal 0.38268343236507996 0.923879532511291 -5.551115123125783e-17
  outer loop
    vertex 610.4689477472983 119.49836084314539 -5.9999999999999805
    vertex 609.9865858375034 119.6981616881547 8.459899447643692e-15
    vertex 610.4689477472983 119.49836084314539 -1.4099832412739488e-14
  endloop
endfacet
facet normal 0.3826834323650708 -0.9238795325112947 -8.326672684688677e-17
  outer loop
    vertex 610.4689477472983 116.03425922800766 -8.459899447643692e-15
    vertex 609.9865858375034 115.8344583829984 -5.999999999999986
    vertex 610.4689477472983 116.03425922800761 -5.999999999999997
  endloop
endfacet
facet normal 0.3826834323650708 -0.9238795325112947 -8.326672684688677e-17
  outer loop
    vertex 609.9865858375034 115.8344583829984 -5.999999999999986
    vertex 610.4689477472983 116.03425922800766 -8.459899447643692e-15
    vertex 609.9865858375034 115.8344583829984 -8.459899447643692e-15
  endloop
endfacet
facet normal 0.7933533402912438 0.6087614290087093 8.326672684688674e-17
  outer loop
    vertex 610.8831613096714 119.18052359794963 -6.000000000000009
    vertex 611.2009985548672 118.76631003557657 2.8199664825478975e-15
    vertex 611.2009985548672 118.76631003557652 -5.999999999999997
  endloop
endfacet
facet normal 0.7933533402912438 0.6087614290087093 8.326672684688674e-17
  outer loop
    vertex 611.2009985548672 118.76631003557657 2.8199664825478975e-15
    vertex 610.8831613096714 119.18052359794963 -6.000000000000009
    vertex 610.8831613096714 119.18052359794963 -2.8199664825478975e-15
  endloop
endfacet
facet normal 0.991444861373819 -0.13052619221998704 -6.93889390390723e-18
  outer loop
    vertex 611.4689477472983 117.76631003557652 -5.999999999999992
    vertex 611.4007993998765 117.2486719453715 -8.459899447643692e-15
    vertex 611.4007993998765 117.2486719453715 -6.000000000000009
  endloop
endfacet
facet normal 0.991444861373819 -0.13052619221998704 -6.93889390390723e-18
  outer loop
    vertex 611.4007993998765 117.2486719453715 -8.459899447643692e-15
    vertex 611.4689477472983 117.76631003557652 -5.999999999999992
    vertex 611.4689477472983 117.76631003557652 2.5379698342931078e-14
  endloop
endfacet
facet normal 0.9238795325112579 0.3826834323651596 5.551115123125783e-17
  outer loop
    vertex 611.2009985548672 118.76631003557652 -5.999999999999997
    vertex 611.4007993998765 118.28394812578159 -8.459899447643692e-15
    vertex 611.4007993998765 118.28394812578159 -6.000000000000009
  endloop
endfacet
facet normal 0.9238795325112579 0.3826834323651596 5.551115123125783e-17
  outer loop
    vertex 611.4007993998765 118.28394812578159 -8.459899447643692e-15
    vertex 611.2009985548672 118.76631003557652 -5.999999999999997
    vertex 611.2009985548672 118.76631003557657 2.8199664825478975e-15
  endloop
endfacet
facet normal 0.6087614290087544 0.7933533402912094 2.7755575615628914e-17
  outer loop
    vertex 610.4689477472983 119.49836084314539 -5.9999999999999805
    vertex 610.8831613096714 119.18052359794963 -2.8199664825478975e-15
    vertex 610.8831613096714 119.18052359794963 -6.000000000000009
  endloop
endfacet
facet normal 0.6087614290087544 0.7933533402912094 2.7755575615628914e-17
  outer loop
    vertex 610.8831613096714 119.18052359794963 -2.8199664825478975e-15
    vertex 610.4689477472983 119.49836084314539 -5.9999999999999805
    vertex 610.4689477472983 119.49836084314539 -1.4099832412739488e-14
  endloop
endfacet
facet normal -0.13052619222004516 0.9914448613738113 2.7755575615628914e-17
  outer loop
    vertex 608.9513096570934 119.6981616881547 8.459899447643692e-15
    vertex 609.4689477472984 119.76631003557652 -6.000000000000003
    vertex 608.9513096570934 119.6981616881547 -6.000000000000037
  endloop
endfacet
facet normal -0.13052619222004516 0.9914448613738113 2.7755575615628914e-17
  outer loop
    vertex 609.4689477472984 119.76631003557652 -6.000000000000003
    vertex 608.9513096570934 119.6981616881547 8.459899447643692e-15
    vertex 609.4689477472984 119.76631003557657 -1.127986593019159e-14
  endloop
endfacet
facet normal 0.7933533402912519 -0.608761429008699 -8.326672684688674e-17
  outer loop
    vertex 611.2009985548672 116.76631003557652 -5.999999999999992
    vertex 610.8831613096714 116.35209647320347 -8.459899447643692e-15
    vertex 610.8831613096714 116.35209647320343 -5.999999999999997
  endloop
endfacet
facet normal 0.7933533402912519 -0.608761429008699 -8.326672684688674e-17
  outer loop
    vertex 610.8831613096714 116.35209647320347 -8.459899447643692e-15
    vertex 611.2009985548672 116.76631003557652 -5.999999999999992
    vertex 611.2009985548672 116.76631003557657 8.459899447643692e-15
  endloop
endfacet
facet normal -0.13052619222002393 -0.991444861373814 -3.0531133177191805e-16
  outer loop
    vertex 609.4689477472984 115.76631003557652 0.0
    vertex 608.9513096570934 115.8344583829984 -5.999999999999986
    vertex 609.4689477472984 115.76631003557658 -6.000000000000003
  endloop
endfacet
facet normal -0.13052619222002393 -0.991444861373814 -3.0531133177191805e-16
  outer loop
    vertex 608.9513096570934 115.8344583829984 -5.999999999999986
    vertex 609.4689477472984 115.76631003557652 0.0
    vertex 608.9513096570934 115.8344583829984 -8.459899447643692e-15
  endloop
endfacet
facet normal 0.9914448613737955 0.13052619222016473 2.0816681711721685e-17
  outer loop
    vertex 621.4973919825055 106.30983003029186 -6.000000000000003
    vertex 621.5689477472986 105.76631003557655 8.459899447643692e-15
    vertex 621.5689477472986 105.76631003557655 -6.000000000000003
  endloop
endfacet
facet normal 0.9914448613737955 0.13052619222016473 2.0816681711721685e-17
  outer loop
    vertex 621.5689477472986 105.76631003557655 8.459899447643692e-15
    vertex 621.4973919825055 106.30983003029186 -6.000000000000003
    vertex 621.4973919825055 106.30983003029186 -1.4099832412739488e-14
  endloop
endfacet
facet normal 0.9238795325112897 -0.38268343236508284 2.7755575615628914e-17
  outer loop
    vertex 621.4973919825055 105.22279004086127 -6.000000000000009
    vertex 621.2876010952458 104.71631003557656 2.8199664825478975e-15
    vertex 621.2876010952458 104.71631003557651 -5.999999999999997
  endloop
endfacet
facet normal 0.9238795325112897 -0.38268343236508284 2.7755575615628914e-17
  outer loop
    vertex 621.2876010952458 104.71631003557656 2.8199664825478975e-15
    vertex 621.4973919825055 105.22279004086127 -6.000000000000009
    vertex 621.4973919825055 105.22279004086123 -2.8199664825478975e-15
  endloop
endfacet
facet normal -0.7933533402912438 0.6087614290087093 8.326672684688674e-17
  outer loop
    vertex 607.7368969397295 118.76631003557657 2.8199664825478975e-15
    vertex 608.0547341849252 119.18052359794963 -6.000000000000009
    vertex 607.7368969397295 118.76631003557652 -5.999999999999997
  endloop
endfacet
facet normal -0.7933533402912438 0.6087614290087093 8.326672684688674e-17
  outer loop
    vertex 608.0547341849252 119.18052359794963 -6.000000000000009
    vertex 607.7368969397295 118.76631003557657 2.8199664825478975e-15
    vertex 608.0547341849252 119.18052359794963 -2.8199664825478975e-15
  endloop
endfacet
facet normal 0.9238795325112897 0.38268343236508284 -2.7755575615628914e-17
  outer loop
    vertex 621.2876010952458 106.81631003557658 -6.000000000000014
    vertex 621.4973919825055 106.30983003029186 -1.4099832412739488e-14
    vertex 621.4973919825055 106.30983003029186 -6.000000000000003
  endloop
endfacet
facet normal 0.9238795325112897 0.38268343236508284 -2.7755575615628914e-17
  outer loop
    vertex 621.4973919825055 106.30983003029186 -1.4099832412739488e-14
    vertex 621.2876010952458 106.81631003557658 -6.000000000000014
    vertex 621.2876010952458 106.81631003557658 -8.459899447643692e-15
  endloop
endfacet
facet normal -0.13052619222005934 0.9914448613738094 0.0
  outer loop
    vertex 618.9254277525832 107.79475427078364 -2.8199664825478975e-15
    vertex 619.4689477472984 107.86631003557656 -5.999999999999992
    vertex 618.9254277525832 107.79475427078364 -6.000000000000009
  endloop
endfacet
facet normal -0.13052619222005934 0.9914448613738094 0.0
  outer loop
    vertex 619.4689477472984 107.86631003557656 -5.999999999999992
    vertex 618.9254277525832 107.79475427078364 -2.8199664825478975e-15
    vertex 619.4689477472984 107.86631003557656 1.4099832412739488e-14
  endloop
endfacet
facet normal 0.7933533402912134 -0.6087614290087491 -2.7755575615628914e-17
  outer loop
    vertex 621.2876010952458 104.71631003557651 -5.999999999999997
    vertex 620.9538719877902 104.28138579508479 -5.639932965095795e-15
    vertex 620.9538719877902 104.28138579508479 -6.000000000000009
  endloop
endfacet
facet normal 0.7933533402912134 -0.6087614290087491 -2.7755575615628914e-17
  outer loop
    vertex 620.9538719877902 104.28138579508479 -5.639932965095795e-15
    vertex 621.2876010952458 104.71631003557651 -5.999999999999997
    vertex 621.2876010952458 104.71631003557656 2.8199664825478975e-15
  endloop
endfacet
facet normal -0.9238795325113189 0.382683432365012 2.7755575615628907e-17
  outer loop
    vertex 607.7368969397295 118.76631003557657 2.8199664825478975e-15
    vertex 607.5370960947203 118.28394812578159 -6.000000000000009
    vertex 607.5370960947203 118.28394812578159 -8.459899447643692e-15
  endloop
endfacet
facet normal -0.9238795325113189 0.382683432365012 2.7755575615628907e-17
  outer loop
    vertex 607.5370960947203 118.28394812578159 -6.000000000000009
    vertex 607.7368969397295 118.76631003557657 2.8199664825478975e-15
    vertex 607.7368969397295 118.76631003557652 -5.999999999999997
  endloop
endfacet
facet normal 0.9914448613737955 -0.1305261922201647 -1.3877787807814454e-17
  outer loop
    vertex 621.4973919825055 105.22279004086127 -6.000000000000009
    vertex 621.5689477472986 105.76631003557655 8.459899447643692e-15
    vertex 621.4973919825055 105.22279004086123 -2.8199664825478975e-15
  endloop
endfacet
facet normal 0.9914448613737955 -0.1305261922201647 -1.3877787807814454e-17
  outer loop
    vertex 621.5689477472986 105.76631003557655 8.459899447643692e-15
    vertex 621.4973919825055 105.22279004086127 -6.000000000000009
    vertex 621.5689477472986 105.76631003557655 -6.000000000000003
  endloop
endfacet
facet normal 0.7933533402912134 0.6087614290087491 2.7755575615628914e-17
  outer loop
    vertex 620.9538719877902 107.25123427606832 -6.000000000000003
    vertex 621.2876010952458 106.81631003557658 -8.459899447643692e-15
    vertex 621.2876010952458 106.81631003557658 -6.000000000000014
  endloop
endfacet
facet normal 0.7933533402912134 0.6087614290087491 2.7755575615628914e-17
  outer loop
    vertex 621.2876010952458 106.81631003557658 -8.459899447643692e-15
    vertex 620.9538719877902 107.25123427606832 -6.000000000000003
    vertex 620.9538719877902 107.25123427606832 2.8199664825478975e-15
  endloop
endfacet
facet normal 0.38268343236508295 -0.9238795325112895 -2.7755575615628914e-17
  outer loop
    vertex 620.5189477472985 103.9476566876292 -5.999999999999992
    vertex 620.0124677420138 103.73786580036948 8.459899447643692e-15
    vertex 620.0124677420138 103.73786580036946 -6.000000000000009
  endloop
endfacet
facet normal 0.38268343236508295 -0.9238795325112895 -2.7755575615628914e-17
  outer loop
    vertex 620.0124677420138 103.73786580036948 8.459899447643692e-15
    vertex 620.5189477472985 103.9476566876292 -5.999999999999992
    vertex 620.5189477472985 103.9476566876292 2.8199664825478975e-15
  endloop
endfacet
facet normal -0.608761429008671 0.7933533402912734 0.0
  outer loop
    vertex 608.0547341849252 119.18052359794963 -2.8199664825478975e-15
    vertex 608.4689477472983 119.49836084314539 -5.9999999999999805
    vertex 608.0547341849252 119.18052359794963 -6.000000000000009
  endloop
endfacet
facet normal -0.608761429008671 0.7933533402912734 0.0
  outer loop
    vertex 608.4689477472983 119.49836084314539 -5.9999999999999805
    vertex 608.0547341849252 119.18052359794963 -2.8199664825478975e-15
    vertex 608.4689477472983 119.49836084314539 -1.4099832412739488e-14
  endloop
endfacet
facet normal 0.6087614290087682 -0.7933533402911989 -2.7755575615628914e-17
  outer loop
    vertex 610.8831613096714 116.35209647320347 -8.459899447643692e-15
    vertex 610.4689477472983 116.03425922800761 -5.999999999999997
    vertex 610.8831613096714 116.35209647320343 -5.999999999999997
  endloop
endfacet
facet normal 0.6087614290087682 -0.7933533402911989 -2.7755575615628914e-17
  outer loop
    vertex 610.4689477472983 116.03425922800761 -5.999999999999997
    vertex 610.8831613096714 116.35209647320347 -8.459899447643692e-15
    vertex 610.4689477472983 116.03425922800766 -8.459899447643692e-15
  endloop
endfacet
facet normal 0.6087614290086774 0.7933533402912685 -2.7755575615628914e-17
  outer loop
    vertex 620.5189477472984 107.58496338352387 -5.999999999999992
    vertex 620.9538719877902 107.25123427606832 2.8199664825478975e-15
    vertex 620.9538719877902 107.25123427606832 -6.000000000000003
  endloop
endfacet
facet normal 0.6087614290086774 0.7933533402912685 -2.7755575615628914e-17
  outer loop
    vertex 620.9538719877902 107.25123427606832 2.8199664825478975e-15
    vertex 620.5189477472984 107.58496338352387 -5.999999999999992
    vertex 620.5189477472984 107.58496338352387 -8.459899447643692e-15
  endloop
endfacet
facet normal 0.6087614290087826 -0.7933533402911876 0.0
  outer loop
    vertex 620.9538719877902 104.28138579508479 -5.639932965095795e-15
    vertex 620.5189477472985 103.9476566876292 -5.999999999999992
    vertex 620.9538719877902 104.28138579508479 -6.000000000000009
  endloop
endfacet
facet normal 0.6087614290087826 -0.7933533402911876 0.0
  outer loop
    vertex 620.5189477472985 103.9476566876292 -5.999999999999992
    vertex 620.9538719877902 104.28138579508479 -5.639932965095795e-15
    vertex 620.5189477472985 103.9476566876292 2.8199664825478975e-15
  endloop
endfacet
facet normal 0.1305261922200381 -0.9914448613738123 0.0
  outer loop
    vertex 620.0124677420138 103.73786580036946 -6.000000000000009
    vertex 619.4689477472984 103.66631003557653 1.4099832412739488e-14
    vertex 619.4689477472984 103.66631003557653 -6.00000000000002
  endloop
endfacet
facet normal 0.1305261922200381 -0.9914448613738123 0.0
  outer loop
    vertex 619.4689477472984 103.66631003557653 1.4099832412739488e-14
    vertex 620.0124677420138 103.73786580036946 -6.000000000000009
    vertex 620.0124677420138 103.73786580036948 8.459899447643692e-15
  endloop
endfacet
facet normal -0.38268343236507996 0.923879532511291 -5.551115123125783e-17
  outer loop
    vertex 608.4689477472983 119.49836084314539 -5.9999999999999805
    vertex 608.9513096570934 119.6981616881547 8.459899447643692e-15
    vertex 608.9513096570934 119.6981616881547 -6.000000000000037
  endloop
endfacet
facet normal -0.38268343236507996 0.923879532511291 -5.551115123125783e-17
  outer loop
    vertex 608.9513096570934 119.6981616881547 8.459899447643692e-15
    vertex 608.4689477472983 119.49836084314539 -5.9999999999999805
    vertex 608.4689477472983 119.49836084314539 -1.4099832412739488e-14
  endloop
endfacet
facet normal 0.13052619222005934 0.9914448613738094 0.0
  outer loop
    vertex 619.4689477472984 107.86631003557656 -5.999999999999992
    vertex 620.0124677420137 107.79475427078364 -2.8199664825478975e-15
    vertex 620.0124677420137 107.79475427078364 -6.000000000000009
  endloop
endfacet
facet normal 0.13052619222005934 0.9914448613738094 0.0
  outer loop
    vertex 620.0124677420137 107.79475427078364 -2.8199664825478975e-15
    vertex 619.4689477472984 107.86631003557656 -5.999999999999992
    vertex 619.4689477472984 107.86631003557656 1.4099832412739488e-14
  endloop
endfacet
facet normal 0.38268343236511804 0.9238795325112752 2.7755575615628914e-17
  outer loop
    vertex 620.0124677420137 107.79475427078364 -2.8199664825478975e-15
    vertex 620.5189477472984 107.58496338352387 -5.999999999999992
    vertex 620.0124677420137 107.79475427078364 -6.000000000000009
  endloop
endfacet
facet normal 0.38268343236511804 0.9238795325112752 2.7755575615628914e-17
  outer loop
    vertex 620.5189477472984 107.58496338352387 -5.999999999999992
    vertex 620.0124677420137 107.79475427078364 -2.8199664825478975e-15
    vertex 620.5189477472984 107.58496338352387 -8.459899447643692e-15
  endloop
endfacet
facet normal -0.13052619222005934 -0.9914448613738094 0.0
  outer loop
    vertex 619.4689477472984 103.66631003557653 1.4099832412739488e-14
    vertex 618.9254277525832 103.73786580036946 -6.000000000000009
    vertex 619.4689477472984 103.66631003557653 -6.00000000000002
  endloop
endfacet
facet normal -0.13052619222005934 -0.9914448613738094 0.0
  outer loop
    vertex 618.9254277525832 103.73786580036946 -6.000000000000009
    vertex 619.4689477472984 103.66631003557653 1.4099832412739488e-14
    vertex 618.9254277525832 103.73786580036948 8.459899447643692e-15
  endloop
endfacet
facet normal -0.608761429008757 0.7933533402912074 1.6653345369377348e-16
  outer loop
    vertex 617.9840235068067 107.25123427606832 2.8199664825478975e-15
    vertex 618.4189477472985 107.58496338352387 -5.999999999999992
    vertex 617.9840235068067 107.25123427606832 -6.000000000000003
  endloop
endfacet
facet normal -0.608761429008757 0.7933533402912074 1.6653345369377348e-16
  outer loop
    vertex 618.4189477472985 107.58496338352387 -5.999999999999992
    vertex 617.9840235068067 107.25123427606832 2.8199664825478975e-15
    vertex 618.4189477472985 107.58496338352387 -8.459899447643692e-15
  endloop
endfacet
facet normal -0.7933533402912438 -0.6087614290087093 -8.326672684688674e-17
  outer loop
    vertex 613.6029223435139 121.76631003557665 2.8199664825478975e-15
    vertex 613.7618409661119 121.55920325439008 -2.9999999999999916
    vertex 613.7618409661119 121.55920325439008 -2.8199664825478975e-15
  endloop
endfacet
facet normal -0.7933533402912438 -0.6087614290087093 -8.326672684688674e-17
  outer loop
    vertex 613.7618409661119 121.55920325439008 -2.9999999999999916
    vertex 613.6029223435139 121.76631003557665 2.8199664825478975e-15
    vertex 613.6029223435139 121.76631003557665 -3.0000000000000084
  endloop
endfacet
facet normal -0.9914448613737739 0.13052619222032957 -6.938893903907228e-18
  outer loop
    vertex 613.5030219210093 122.52512908067916 -1.4099832412739488e-14
    vertex 613.4689477472984 122.26631003557664 -3.0
    vertex 613.4689477472984 122.26631003557664 1.4099832412739488e-14
  endloop
endfacet
facet normal -0.9914448613737739 0.13052619222032957 -6.938893903907228e-18
  outer loop
    vertex 613.4689477472984 122.26631003557664 -3.0
    vertex 613.5030219210093 122.52512908067916 -1.4099832412739488e-14
    vertex 613.5030219210093 122.52512908067916 -2.9999999999999467
  endloop
endfacet
facet normal -0.7933533402912438 0.6087614290087096 8.326672684688674e-17
  outer loop
    vertex 613.6029223435139 122.76631003557665 3.3839597790574766e-14
    vertex 613.7618409661119 122.97341681676318 -3.000000000000003
    vertex 613.6029223435139 122.76631003557661 -2.9999999999999973
  endloop
endfacet
facet normal -0.7933533402912438 0.6087614290087096 8.326672684688674e-17
  outer loop
    vertex 613.7618409661119 122.97341681676318 -3.000000000000003
    vertex 613.6029223435139 122.76631003557665 3.3839597790574766e-14
    vertex 613.7618409661119 122.97341681676322 -2.8199664825478975e-15
  endloop
endfacet
facet normal -0.9238795325113801 -0.3826834323648645 1.3877787807814457e-17
  outer loop
    vertex 613.5030219210093 122.0074909904741 -8.459899447643692e-15
    vertex 613.6029223435139 121.76631003557665 -3.0000000000000084
    vertex 613.6029223435139 121.76631003557665 2.8199664825478975e-15
  endloop
endfacet
facet normal -0.9238795325113801 -0.3826834323648645 1.3877787807814457e-17
  outer loop
    vertex 613.6029223435139 121.76631003557665 -3.0000000000000084
    vertex 613.5030219210093 122.0074909904741 -8.459899447643692e-15
    vertex 613.5030219210093 122.0074909904741 -3.000000000000003
  endloop
endfacet
facet normal -0.7933533402912134 0.6087614290087491 2.7755575615628914e-17
  outer loop
    vertex 617.9840235068067 107.25123427606832 2.8199664825478975e-15
    vertex 617.6502943993512 106.81631003557658 -6.000000000000014
    vertex 617.6502943993512 106.81631003557658 -8.459899447643692e-15
  endloop
endfacet
facet normal -0.7933533402912134 0.6087614290087491 2.7755575615628914e-17
  outer loop
    vertex 617.6502943993512 106.81631003557658 -6.000000000000014
    vertex 617.9840235068067 107.25123427606832 2.8199664825478975e-15
    vertex 617.9840235068067 107.25123427606832 -6.000000000000003
  endloop
endfacet
facet normal -0.3826834323651317 0.9238795325112694 -1.1102230246251565e-16
  outer loop
    vertex 613.9689477472984 123.13233543936106 1.127986593019159e-14
    vertex 614.2101287021959 123.23223586186572 -3.000000000000003
    vertex 613.9689477472984 123.13233543936101 -3.000000000000003
  endloop
endfacet
facet normal -0.3826834323651317 0.9238795325112694 -1.1102230246251565e-16
  outer loop
    vertex 614.2101287021959 123.23223586186572 -3.000000000000003
    vertex 613.9689477472984 123.13233543936106 1.127986593019159e-14
    vertex 614.2101287021959 123.23223586186568 -2.8199664825478975e-15
  endloop
endfacet
facet normal -0.13052619222004516 -0.9914448613738113 -2.7755575615628914e-17
  outer loop
    vertex 614.4689477472984 121.26631003557664 -2.9999999999999973
    vertex 614.2101287021959 121.30038420928754 -2.8199664825478975e-15
    vertex 614.2101287021959 121.3003842092875 -3.000000000000003
  endloop
endfacet
facet normal -0.13052619222004516 -0.9914448613738113 -2.7755575615628914e-17
  outer loop
    vertex 614.2101287021959 121.30038420928754 -2.8199664825478975e-15
    vertex 614.4689477472984 121.26631003557664 -2.9999999999999973
    vertex 614.4689477472984 121.26631003557664 1.4099832412739488e-14
  endloop
endfacet
facet normal -0.13052619222004516 0.9914448613738113 2.7755575615628914e-17
  outer loop
    vertex 614.2101287021959 123.23223586186568 -2.8199664825478975e-15
    vertex 614.4689477472984 123.26631003557662 -2.9999999999999916
    vertex 614.2101287021959 123.23223586186572 -3.000000000000003
  endloop
endfacet
facet normal -0.13052619222004516 0.9914448613738113 2.7755575615628914e-17
  outer loop
    vertex 614.4689477472984 123.26631003557662 -2.9999999999999916
    vertex 614.2101287021959 123.23223586186568 -2.8199664825478975e-15
    vertex 614.4689477472984 123.26631003557662 1.4099832412739488e-14
  endloop
endfacet
facet normal 0.13052619222004516 0.9914448613738113 2.7755575615628914e-17
  outer loop
    vertex 614.4689477472984 123.26631003557662 -2.9999999999999916
    vertex 614.727766792401 123.23223586186568 -2.8199664825478975e-15
    vertex 614.727766792401 123.23223586186572 -3.000000000000003
  endloop
endfacet
facet normal 0.13052619222004516 0.9914448613738113 2.7755575615628914e-17
  outer loop
    vertex 614.727766792401 123.23223586186568 -2.8199664825478975e-15
    vertex 614.4689477472984 123.26631003557662 -2.9999999999999916
    vertex 614.4689477472984 123.26631003557662 1.4099832412739488e-14
  endloop
endfacet
facet normal -0.9914448613737955 -0.13052619222016473 -2.0816681711721685e-17
  outer loop
    vertex 617.3689477472984 105.76631003557655 8.459899447643692e-15
    vertex 617.4405035120914 105.22279004086127 -6.000000000000009
    vertex 617.4405035120914 105.22279004086123 -2.8199664825478975e-15
  endloop
endfacet
facet normal -0.9914448613737955 -0.13052619222016473 -2.0816681711721685e-17
  outer loop
    vertex 617.4405035120914 105.22279004086127 -6.000000000000009
    vertex 617.3689477472984 105.76631003557655 8.459899447643692e-15
    vertex 617.3689477472984 105.76631003557655 -6.000000000000003
  endloop
endfacet
facet normal -0.7933533402912134 -0.6087614290087491 -2.7755575615628914e-17
  outer loop
    vertex 617.6502943993512 104.71631003557656 2.8199664825478975e-15
    vertex 617.9840235068067 104.28138579508479 -6.000000000000009
    vertex 617.9840235068067 104.28138579508479 -5.639932965095795e-15
  endloop
endfacet
facet normal -0.7933533402912134 -0.6087614290087491 -2.7755575615628914e-17
  outer loop
    vertex 617.9840235068067 104.28138579508479 -6.000000000000009
    vertex 617.6502943993512 104.71631003557656 2.8199664825478975e-15
    vertex 617.6502943993512 104.71631003557651 -5.999999999999997
  endloop
endfacet
facet normal -0.38268343236508295 -0.9238795325112895 -2.7755575615628914e-17
  outer loop
    vertex 618.9254277525832 103.73786580036948 8.459899447643692e-15
    vertex 618.4189477472985 103.9476566876292 -5.999999999999992
    vertex 618.9254277525832 103.73786580036946 -6.000000000000009
  endloop
endfacet
facet normal -0.38268343236508295 -0.9238795325112895 -2.7755575615628914e-17
  outer loop
    vertex 618.4189477472985 103.9476566876292 -5.999999999999992
    vertex 618.9254277525832 103.73786580036948 8.459899447643692e-15
    vertex 618.4189477472985 103.9476566876292 2.8199664825478975e-15
  endloop
endfacet
facet normal 0.13052619222004516 -0.9914448613738113 -2.7755575615628914e-17
  outer loop
    vertex 614.727766792401 121.30038420928754 -2.8199664825478975e-15
    vertex 614.4689477472984 121.26631003557664 -2.9999999999999973
    vertex 614.727766792401 121.3003842092875 -3.000000000000003
  endloop
endfacet
facet normal 0.13052619222004516 -0.9914448613738113 -2.7755575615628914e-17
  outer loop
    vertex 614.4689477472984 121.26631003557664 -2.9999999999999973
    vertex 614.727766792401 121.30038420928754 -2.8199664825478975e-15
    vertex 614.4689477472984 121.26631003557664 1.4099832412739488e-14
  endloop
endfacet
facet normal -0.9238795325113832 0.3826834323648571 5.551115123125783e-17
  outer loop
    vertex 613.6029223435139 122.76631003557665 3.3839597790574766e-14
    vertex 613.5030219210093 122.52512908067916 -2.9999999999999467
    vertex 613.5030219210093 122.52512908067916 -1.4099832412739488e-14
  endloop
endfacet
facet normal -0.9238795325113832 0.3826834323648571 5.551115123125783e-17
  outer loop
    vertex 613.5030219210093 122.52512908067916 -2.9999999999999467
    vertex 613.6029223435139 122.76631003557665 3.3839597790574766e-14
    vertex 613.6029223435139 122.76631003557661 -2.9999999999999973
  endloop
endfacet
facet normal -0.6087614290086011 0.7933533402913271 0.0
  outer loop
    vertex 613.7618409661119 122.97341681676322 -2.8199664825478975e-15
    vertex 613.9689477472984 123.13233543936101 -3.000000000000003
    vertex 613.7618409661119 122.97341681676318 -3.000000000000003
  endloop
endfacet
facet normal -0.6087614290086011 0.7933533402913271 0.0
  outer loop
    vertex 613.9689477472984 123.13233543936101 -3.000000000000003
    vertex 613.7618409661119 122.97341681676322 -2.8199664825478975e-15
    vertex 613.9689477472984 123.13233543936106 1.127986593019159e-14
  endloop
endfacet
facet normal 0.3826834323651317 0.9238795325112694 -1.1102230246251565e-16
  outer loop
    vertex 614.727766792401 123.23223586186568 -2.8199664825478975e-15
    vertex 614.9689477472984 123.13233543936101 -3.000000000000003
    vertex 614.727766792401 123.23223586186572 -3.000000000000003
  endloop
endfacet
facet normal 0.3826834323651317 0.9238795325112694 -1.1102230246251565e-16
  outer loop
    vertex 614.9689477472984 123.13233543936101 -3.000000000000003
    vertex 614.727766792401 123.23223586186568 -2.8199664825478975e-15
    vertex 614.9689477472984 123.13233543936106 1.127986593019159e-14
  endloop
endfacet
facet normal -0.6087614290087033 -0.7933533402912484 5.551115123125783e-17
  outer loop
    vertex 618.4189477472985 103.9476566876292 -5.999999999999992
    vertex 617.9840235068067 104.28138579508479 -5.639932965095795e-15
    vertex 617.9840235068067 104.28138579508479 -6.000000000000009
  endloop
endfacet
facet normal -0.6087614290087033 -0.7933533402912484 5.551115123125783e-17
  outer loop
    vertex 617.9840235068067 104.28138579508479 -5.639932965095795e-15
    vertex 618.4189477472985 103.9476566876292 -5.999999999999992
    vertex 618.4189477472985 103.9476566876292 2.8199664825478975e-15
  endloop
endfacet
facet normal -0.9238795325112897 -0.38268343236508284 2.7755575615628914e-17
  outer loop
    vertex 617.6502943993512 104.71631003557656 2.8199664825478975e-15
    vertex 617.4405035120914 105.22279004086127 -6.000000000000009
    vertex 617.6502943993512 104.71631003557651 -5.999999999999997
  endloop
endfacet
facet normal -0.9238795325112897 -0.38268343236508284 2.7755575615628914e-17
  outer loop
    vertex 617.4405035120914 105.22279004086127 -6.000000000000009
    vertex 617.6502943993512 104.71631003557656 2.8199664825478975e-15
    vertex 617.4405035120914 105.22279004086123 -2.8199664825478975e-15
  endloop
endfacet
facet normal -0.3826834323651317 -0.9238795325112694 1.1102230246251565e-16
  outer loop
    vertex 614.2101287021959 121.3003842092875 -3.000000000000003
    vertex 613.9689477472984 121.40028463179215 1.4099832412739488e-14
    vertex 613.9689477472984 121.4002846317922 -3.0000000000000084
  endloop
endfacet
facet normal -0.3826834323651317 -0.9238795325112694 1.1102230246251565e-16
  outer loop
    vertex 613.9689477472984 121.40028463179215 1.4099832412739488e-14
    vertex 614.2101287021959 121.3003842092875 -3.000000000000003
    vertex 614.2101287021959 121.30038420928754 -2.8199664825478975e-15
  endloop
endfacet
facet normal -0.38268343236505986 0.9238795325112992 5.551115123125783e-17
  outer loop
    vertex 618.4189477472985 107.58496338352387 -5.999999999999992
    vertex 618.9254277525832 107.79475427078364 -2.8199664825478975e-15
    vertex 618.9254277525832 107.79475427078364 -6.000000000000009
  endloop
endfacet
facet normal -0.38268343236505986 0.9238795325112992 5.551115123125783e-17
  outer loop
    vertex 618.9254277525832 107.79475427078364 -2.8199664825478975e-15
    vertex 618.4189477472985 107.58496338352387 -5.999999999999992
    vertex 618.4189477472985 107.58496338352387 -8.459899447643692e-15
  endloop
endfacet
facet normal -0.6087614290086011 -0.7933533402913271 0.0
  outer loop
    vertex 613.9689477472984 121.40028463179215 1.4099832412739488e-14
    vertex 613.7618409661119 121.55920325439008 -2.9999999999999916
    vertex 613.9689477472984 121.4002846317922 -3.0000000000000084
  endloop
endfacet
facet normal -0.6087614290086011 -0.7933533402913271 0.0
  outer loop
    vertex 613.7618409661119 121.55920325439008 -2.9999999999999916
    vertex 613.9689477472984 121.40028463179215 1.4099832412739488e-14
    vertex 613.7618409661119 121.55920325439008 -2.8199664825478975e-15
  endloop
endfacet
facet normal -0.9914448613737743 -0.13052619222032688 -1.3877787807814457e-17
  outer loop
    vertex 613.4689477472984 122.26631003557664 1.4099832412739488e-14
    vertex 613.5030219210093 122.0074909904741 -3.000000000000003
    vertex 613.5030219210093 122.0074909904741 -8.459899447643692e-15
  endloop
endfacet
facet normal -0.9914448613737743 -0.13052619222032688 -1.3877787807814457e-17
  outer loop
    vertex 613.5030219210093 122.0074909904741 -3.000000000000003
    vertex 613.4689477472984 122.26631003557664 1.4099832412739488e-14
    vertex 613.4689477472984 122.26631003557664 -3.0
  endloop
endfacet
facet normal -0.9914448613737955 0.1305261922201647 1.3877787807814454e-17
  outer loop
    vertex 617.4405035120914 106.30983003029186 -1.4099832412739488e-14
    vertex 617.3689477472984 105.76631003557655 -6.000000000000003
    vertex 617.3689477472984 105.76631003557655 8.459899447643692e-15
  endloop
endfacet
facet normal -0.9914448613737955 0.1305261922201647 1.3877787807814454e-17
  outer loop
    vertex 617.3689477472984 105.76631003557655 -6.000000000000003
    vertex 617.4405035120914 106.30983003029186 -1.4099832412739488e-14
    vertex 617.4405035120914 106.30983003029186 -6.000000000000003
  endloop
endfacet
facet normal -0.9238795325112897 0.38268343236508284 -2.7755575615628914e-17
  outer loop
    vertex 617.6502943993512 106.81631003557658 -8.459899447643692e-15
    vertex 617.4405035120914 106.30983003029186 -6.000000000000003
    vertex 617.4405035120914 106.30983003029186 -1.4099832412739488e-14
  endloop
endfacet
facet normal -0.9238795325112897 0.38268343236508284 -2.7755575615628914e-17
  outer loop
    vertex 617.4405035120914 106.30983003029186 -6.000000000000003
    vertex 617.6502943993512 106.81631003557658 -8.459899447643692e-15
    vertex 617.6502943993512 106.81631003557658 -6.000000000000014
  endloop
endfacet
facet normal 0.0 5.5511151231257815e-17 -1.0
  outer loop
    vertex 607.7368969397295 116.76631003557657 8.459899447643692e-15
    vertex 607.5689477472982 105.76631003557655 8.459899447643692e-15
    vertex 607.5370960947203 117.2486719453715 -8.459899447643692e-15
  endloop
endfacet
facet normal 0.0 5.5511151231257815e-17 -1.0
  outer loop
    vertex 607.5689477472982 105.76631003557655 8.459899447643692e-15
    vertex 607.7368969397295 116.76631003557657 8.459899447643692e-15
    vertex 607.6336886773491 106.25806622127132 5.639932965095795e-15
  endloop
endfacet
facet normal 0.0 5.5511151231257815e-17 -1.0
  outer loop
    vertex 607.6336886773491 106.25806622127132 5.639932965095795e-15
    vertex 607.7368969397295 116.76631003557657 8.459899447643692e-15
    vertex 607.8234994801079 106.71631003557647 8.459899447643692e-15
  endloop
endfacet
facet normal 0.0 5.5511151231257815e-17 -1.0
  outer loop
    vertex 607.8234994801079 106.71631003557647 8.459899447643692e-15
    vertex 607.7368969397295 116.76631003557657 8.459899447643692e-15
    vertex 608.0547341849252 116.35209647320347 -8.459899447643692e-15
  endloop
endfacet
facet normal 0.0 5.5511151231257815e-17 -1.0
  outer loop
    vertex 607.8234994801079 106.71631003557647 8.459899447643692e-15
    vertex 608.0547341849252 116.35209647320347 -8.459899447643692e-15
    vertex 608.1254448630439 107.10981291983103 5.639932965095795e-15
  endloop
endfacet
facet normal 0.0 5.5511151231257815e-17 -1.0
  outer loop
    vertex 608.1254448630439 107.10981291983103 5.639932965095795e-15
    vertex 608.0547341849252 116.35209647320347 -8.459899447643692e-15
    vertex 608.4689477472983 116.03425922800766 -8.459899447643692e-15
  endloop
endfacet
facet normal 0.0 5.5511151231257815e-17 -1.0
  outer loop
    vertex 608.1254448630439 107.10981291983103 5.639932965095795e-15
    vertex 608.4689477472983 116.03425922800766 -8.459899447643692e-15
    vertex 608.5189477472983 107.411758302767 2.8199664825478975e-15
  endloop
endfacet
facet normal 0.0 5.5511151231257815e-17 -1.0
  outer loop
    vertex 608.5189477472983 107.411758302767 2.8199664825478975e-15
    vertex 608.4689477472983 116.03425922800766 -8.459899447643692e-15
    vertex 608.9513096570934 115.8344583829984 -8.459899447643692e-15
  endloop
endfacet
facet normal 0.0 5.5511151231257815e-17 -1.0
  outer loop
    vertex 608.5189477472983 107.411758302767 2.8199664825478975e-15
    vertex 608.9513096570934 115.8344583829984 -8.459899447643692e-15
    vertex 608.9771915616035 107.6015691055258 2.8199664825478975e-15
  endloop
endfacet
facet normal 0.0 5.5511151231257815e-17 -1.0
  outer loop
    vertex 608.9771915616035 107.6015691055258 2.8199664825478975e-15
    vertex 608.9513096570934 115.8344583829984 -8.459899447643692e-15
    vertex 609.4689477472984 115.76631003557652 0.0
  endloop
endfacet
facet normal 0.0 5.5511151231257815e-17 -1.0
  outer loop
    vertex 608.9771915616035 107.6015691055258 2.8199664825478975e-15
    vertex 609.4689477472984 115.76631003557652 0.0
    vertex 609.4689477472984 107.66631003557657 0.0
  endloop
endfacet
facet normal 0.0 5.5511151231257815e-17 -1.0
  outer loop
    vertex 609.4689477472984 107.66631003557657 0.0
    vertex 609.4689477472984 115.76631003557652 0.0
    vertex 609.9865858375034 115.8344583829984 -8.459899447643692e-15
  endloop
endfacet
facet normal 0.0 5.5511151231257815e-17 -1.0
  outer loop
    vertex 609.4689477472984 107.66631003557657 0.0
    vertex 609.9865858375034 115.8344583829984 -8.459899447643692e-15
    vertex 609.9607039329932 107.6015691055258 2.8199664825478975e-15
  endloop
endfacet
facet normal 0.0 5.5511151231257815e-17 -1.0
  outer loop
    vertex 609.9607039329932 107.6015691055258 2.8199664825478975e-15
    vertex 609.9865858375034 115.8344583829984 -8.459899447643692e-15
    vertex 610.4189477472984 107.411758302767 -8.459899447643692e-15
  endloop
endfacet
facet normal 0.0 5.5511151231257815e-17 -1.0
  outer loop
    vertex 610.4189477472984 107.411758302767 -8.459899447643692e-15
    vertex 609.9865858375034 115.8344583829984 -8.459899447643692e-15
    vertex 610.4689477472983 116.03425922800766 -8.459899447643692e-15
  endloop
endfacet
facet normal 0.0 5.5511151231257815e-17 -1.0
  outer loop
    vertex 610.4189477472984 107.411758302767 -8.459899447643692e-15
    vertex 610.4689477472983 116.03425922800766 -8.459899447643692e-15
    vertex 610.8124506315529 107.10981291983103 5.639932965095795e-15
  endloop
endfacet
facet normal 0.0 5.5511151231257815e-17 -1.0
  outer loop
    vertex 610.8124506315529 107.10981291983103 5.639932965095795e-15
    vertex 610.4689477472983 116.03425922800766 -8.459899447643692e-15
    vertex 610.8831613096714 116.35209647320347 -8.459899447643692e-15
  endloop
endfacet
facet normal 0.0 5.5511151231257815e-17 -1.0
  outer loop
    vertex 610.8124506315529 107.10981291983103 5.639932965095795e-15
    vertex 610.8831613096714 116.35209647320347 -8.459899447643692e-15
    vertex 611.1143960144888 106.71631003557647 8.459899447643692e-15
  endloop
endfacet
facet normal 0.0 5.5511151231257815e-17 -1.0
  outer loop
    vertex 611.1143960144888 106.71631003557647 8.459899447643692e-15
    vertex 610.8831613096714 116.35209647320347 -8.459899447643692e-15
    vertex 611.2009985548672 116.76631003557657 8.459899447643692e-15
  endloop
endfacet
facet normal 0.0 5.5511151231257815e-17 -1.0
  outer loop
    vertex 611.1143960144888 106.71631003557647 8.459899447643692e-15
    vertex 611.2009985548672 116.76631003557657 8.459899447643692e-15
    vertex 611.3042068172476 106.25806622127132 5.639932965095795e-15
  endloop
endfacet
facet normal 0.0 5.5511151231257815e-17 -1.0
  outer loop
    vertex 611.3042068172476 106.25806622127132 5.639932965095795e-15
    vertex 611.2009985548672 116.76631003557657 8.459899447643692e-15
    vertex 611.4007993998765 117.2486719453715 -8.459899447643692e-15
  endloop
endfacet
facet normal 0.0 5.5511151231257815e-17 -1.0
  outer loop
    vertex 611.3042068172476 106.25806622127132 5.639932965095795e-15
    vertex 611.4007993998765 117.2486719453715 -8.459899447643692e-15
    vertex 611.3689477472983 105.76631003557655 8.459899447643692e-15
  endloop
endfacet
facet normal 0.0 5.5511151231257815e-17 -1.0
  outer loop
    vertex 612.8689477472984 129.16631003557663 -5.64548408021892e-15
    vertex 613.5030219210093 122.52512908067916 -1.4099832412739488e-14
    vertex 613.4689477472984 122.26631003557664 1.4099832412739488e-14
  endloop
endfacet
facet normal 0.0 5.5511151231257815e-17 -1.0
  outer loop
    vertex 613.5030219210093 122.52512908067916 -1.4099832412739488e-14
    vertex 612.8689477472984 129.16631003557663 -5.64548408021892e-15
    vertex 616.0689477472984 129.16631003557663 -5.64548408021892e-15
  endloop
endfacet
facet normal 0.0 5.5511151231257815e-17 -1.0
  outer loop
    vertex 613.5030219210093 122.52512908067916 -1.4099832412739488e-14
    vertex 616.0689477472984 129.16631003557663 -5.64548408021892e-15
    vertex 613.6029223435139 122.76631003557665 3.3839597790574766e-14
  endloop
endfacet
facet normal 0.0 5.5511151231257815e-17 -1.0
  outer loop
    vertex 613.6029223435139 122.76631003557665 3.3839597790574766e-14
    vertex 616.0689477472984 129.16631003557663 -5.64548408021892e-15
    vertex 613.7618409661119 122.97341681676322 -2.8199664825478975e-15
  endloop
endfacet
facet normal 0.0 5.5511151231257815e-17 -1.0
  outer loop
    vertex 613.7618409661119 122.97341681676322 -2.8199664825478975e-15
    vertex 616.0689477472984 129.16631003557663 -5.64548408021892e-15
    vertex 613.9689477472984 123.13233543936106 1.127986593019159e-14
  endloop
endfacet
facet normal 0.0 5.5511151231257815e-17 -1.0
  outer loop
    vertex 613.9689477472984 123.13233543936106 1.127986593019159e-14
    vertex 616.0689477472984 129.16631003557663 -5.64548408021892e-15
    vertex 614.2101287021959 123.23223586186568 -2.8199664825478975e-15
  endloop
endfacet
facet normal 0.0 5.5511151231257815e-17 -1.0
  outer loop
    vertex 614.2101287021959 123.23223586186568 -2.8199664825478975e-15
    vertex 616.0689477472984 129.16631003557663 -5.64548408021892e-15
    vertex 614.4689477472984 123.26631003557662 1.4099832412739488e-14
  endloop
endfacet
facet normal 0.0 5.5511151231257815e-17 -1.0
  outer loop
    vertex 614.4689477472984 123.26631003557662 1.4099832412739488e-14
    vertex 616.0689477472984 129.16631003557663 -5.64548408021892e-15
    vertex 614.727766792401 123.23223586186568 -2.8199664825478975e-15
  endloop
endfacet
facet normal 0.0 5.5511151231257815e-17 -1.0
  outer loop
    vertex 614.727766792401 123.23223586186568 -2.8199664825478975e-15
    vertex 616.0689477472984 129.16631003557663 -5.64548408021892e-15
    vertex 614.9689477472984 123.13233543936106 1.127986593019159e-14
  endloop
endfacet
facet normal 0.0 5.5511151231257815e-17 -1.0
  outer loop
    vertex 614.9689477472984 123.13233543936106 1.127986593019159e-14
    vertex 616.0689477472984 129.16631003557663 -5.64548408021892e-15
    vertex 615.1760545284849 122.97341681676322 -2.8199664825478975e-15
  endloop
endfacet
facet normal 0.0 5.5511151231257815e-17 -1.0
  outer loop
    vertex 615.1760545284849 122.97341681676322 -2.8199664825478975e-15
    vertex 616.0689477472984 129.16631003557663 -5.64548408021892e-15
    vertex 615.3349731510829 122.76631003557665 3.3839597790574766e-14
  endloop
endfacet
facet normal 0.0 5.5511151231257815e-17 -1.0
  outer loop
    vertex 615.3349731510829 122.76631003557665 3.3839597790574766e-14
    vertex 616.0689477472984 129.16631003557663 -5.64548408021892e-15
    vertex 615.4348735735874 122.52512908067916 2.8199664825478975e-15
  endloop
endfacet
facet normal 0.0 5.5511151231257815e-17 -1.0
  outer loop
    vertex 615.4348735735874 122.52512908067916 2.8199664825478975e-15
    vertex 616.0689477472984 129.16631003557663 -5.64548408021892e-15
    vertex 615.4689477472983 122.26631003557664 1.4099832412739488e-14
  endloop
endfacet
facet normal 0.0 5.5511151231257815e-17 -1.0
  outer loop
    vertex 615.4689477472983 122.26631003557664 1.4099832412739488e-14
    vertex 616.0689477472984 129.16631003557663 -5.64548408021892e-15
    vertex 615.4689477472984 102.26631003557662 5.639932965095795e-15
  endloop
endfacet
facet normal 0.0 5.5511151231257815e-17 -1.0
  outer loop
    vertex 613.5030219210093 122.0074909904741 -8.459899447643692e-15
    vertex 613.4689477472984 102.26631003557662 5.639932965095795e-15
    vertex 613.4689477472984 122.26631003557664 1.4099832412739488e-14
  endloop
endfacet
facet normal 0.0 5.5511151231257815e-17 -1.0
  outer loop
    vertex 613.4689477472984 102.26631003557662 5.639932965095795e-15
    vertex 613.5030219210093 122.0074909904741 -8.459899447643692e-15
    vertex 613.5030219210093 102.52512908067915 -1.973976537783528e-14
  endloop
endfacet
facet normal 0.0 5.5511151231257815e-17 -1.0
  outer loop
    vertex 613.5030219210093 102.52512908067915 -1.973976537783528e-14
    vertex 613.5030219210093 122.0074909904741 -8.459899447643692e-15
    vertex 613.6029223435139 121.76631003557665 2.8199664825478975e-15
  endloop
endfacet
facet normal 0.0 5.5511151231257815e-17 -1.0
  outer loop
    vertex 613.5030219210093 102.52512908067915 -1.973976537783528e-14
    vertex 613.6029223435139 121.76631003557665 2.8199664825478975e-15
    vertex 613.6029223435139 102.7663100355766 -1.4099832412739488e-14
  endloop
endfacet
facet normal 0.0 5.5511151231257815e-17 -1.0
  outer loop
    vertex 613.6029223435139 102.7663100355766 -1.4099832412739488e-14
    vertex 613.6029223435139 121.76631003557665 2.8199664825478975e-15
    vertex 613.7618409661119 121.55920325439008 -2.8199664825478975e-15
  endloop
endfacet
facet normal 0.0 5.5511151231257815e-17 -1.0
  outer loop
    vertex 613.6029223435139 102.7663100355766 -1.4099832412739488e-14
    vertex 613.7618409661119 121.55920325439008 -2.8199664825478975e-15
    vertex 613.7618409661119 102.97341681676318 -2.8199664825478975e-15
  endloop
endfacet
facet normal 0.0 5.5511151231257815e-17 -1.0
  outer loop
    vertex 613.7618409661119 102.97341681676318 -2.8199664825478975e-15
    vertex 613.7618409661119 121.55920325439008 -2.8199664825478975e-15
    vertex 613.9689477472984 121.40028463179215 1.4099832412739488e-14
  endloop
endfacet
facet normal 0.0 5.5511151231257815e-17 -1.0
  outer loop
    vertex 613.7618409661119 102.97341681676318 -2.8199664825478975e-15
    vertex 613.9689477472984 121.40028463179215 1.4099832412739488e-14
    vertex 613.9689477472984 103.13233543936106 -5.639932965095795e-15
  endloop
endfacet
facet normal 0.0 5.5511151231257815e-17 -1.0
  outer loop
    vertex 613.9689477472984 103.13233543936106 -5.639932965095795e-15
    vertex 613.9689477472984 121.40028463179215 1.4099832412739488e-14
    vertex 614.2101287021959 121.30038420928754 -2.8199664825478975e-15
  endloop
endfacet
facet normal 0.0 5.5511151231257815e-17 -1.0
  outer loop
    vertex 613.9689477472984 103.13233543936106 -5.639932965095795e-15
    vertex 614.2101287021959 121.30038420928754 -2.8199664825478975e-15
    vertex 614.2101287021959 103.23223586186569 5.639932965095795e-15
  endloop
endfacet
facet normal 0.0 5.5511151231257815e-17 -1.0
  outer loop
    vertex 614.2101287021959 103.23223586186569 5.639932965095795e-15
    vertex 614.2101287021959 121.30038420928754 -2.8199664825478975e-15
    vertex 614.4689477472984 121.26631003557664 1.4099832412739488e-14
  endloop
endfacet
facet normal 0.0 5.5511151231257815e-17 -1.0
  outer loop
    vertex 614.2101287021959 103.23223586186569 5.639932965095795e-15
    vertex 614.4689477472984 121.26631003557664 1.4099832412739488e-14
    vertex 614.4689477472984 103.26631003557662 -1.4099832412739488e-14
  endloop
endfacet
facet normal 0.0 5.5511151231257815e-17 -1.0
  outer loop
    vertex 614.4689477472984 103.26631003557662 -1.4099832412739488e-14
    vertex 614.4689477472984 121.26631003557664 1.4099832412739488e-14
    vertex 614.727766792401 121.30038420928754 -2.8199664825478975e-15
  endloop
endfacet
facet normal 0.0 5.5511151231257815e-17 -1.0
  outer loop
    vertex 614.4689477472984 103.26631003557662 -1.4099832412739488e-14
    vertex 614.727766792401 121.30038420928754 -2.8199664825478975e-15
    vertex 614.727766792401 103.23223586186569 1.6919798895287383e-14
  endloop
endfacet
facet normal 0.0 5.5511151231257815e-17 -1.0
  outer loop
    vertex 614.727766792401 103.23223586186569 1.6919798895287383e-14
    vertex 614.727766792401 121.30038420928754 -2.8199664825478975e-15
    vertex 614.9689477472984 121.40028463179215 1.4099832412739488e-14
  endloop
endfacet
facet normal 0.0 5.5511151231257815e-17 -1.0
  outer loop
    vertex 614.727766792401 103.23223586186569 1.6919798895287383e-14
    vertex 614.9689477472984 121.40028463179215 1.4099832412739488e-14
    vertex 614.9689477472984 103.13233543936106 -5.639932965095795e-15
  endloop
endfacet
facet normal 0.0 5.5511151231257815e-17 -1.0
  outer loop
    vertex 614.9689477472984 103.13233543936106 -5.639932965095795e-15
    vertex 614.9689477472984 121.40028463179215 1.4099832412739488e-14
    vertex 615.1760545284849 121.55920325439008 -2.8199664825478975e-15
  endloop
endfacet
facet normal 0.0 5.5511151231257815e-17 -1.0
  outer loop
    vertex 614.9689477472984 103.13233543936106 -5.639932965095795e-15
    vertex 615.1760545284849 121.55920325439008 -2.8199664825478975e-15
    vertex 615.1760545284849 102.97341681676318 -2.8199664825478975e-15
  endloop
endfacet
facet normal 0.0 5.5511151231257815e-17 -1.0
  outer loop
    vertex 615.1760545284849 102.97341681676318 -2.8199664825478975e-15
    vertex 615.1760545284849 121.55920325439008 -2.8199664825478975e-15
    vertex 615.3349731510829 121.76631003557665 2.8199664825478975e-15
  endloop
endfacet
facet normal 0.0 5.5511151231257815e-17 -1.0
  outer loop
    vertex 615.1760545284849 102.97341681676318 -2.8199664825478975e-15
    vertex 615.3349731510829 121.76631003557665 2.8199664825478975e-15
    vertex 615.3349731510829 102.7663100355766 -1.4099832412739488e-14
  endloop
endfacet
facet normal 0.0 5.5511151231257815e-17 -1.0
  outer loop
    vertex 615.3349731510829 102.7663100355766 -1.4099832412739488e-14
    vertex 615.3349731510829 121.76631003557665 2.8199664825478975e-15
    vertex 615.4348735735874 122.0074909904741 -8.459899447643692e-15
  endloop
endfacet
facet normal 0.0 5.5511151231257815e-17 -1.0
  outer loop
    vertex 615.3349731510829 102.7663100355766 -1.4099832412739488e-14
    vertex 615.4348735735874 122.0074909904741 -8.459899447643692e-15
    vertex 615.4348735735874 102.52512908067915 -1.973976537783528e-14
  endloop
endfacet
facet normal 0.0 5.5511151231257815e-17 -1.0
  outer loop
    vertex 615.4348735735874 102.52512908067915 -1.973976537783528e-14
    vertex 615.4348735735874 122.0074909904741 -8.459899447643692e-15
    vertex 615.4689477472983 122.26631003557664 1.4099832412739488e-14
  endloop
endfacet
facet normal 0.0 5.5511151231257815e-17 -1.0
  outer loop
    vertex 615.4348735735874 102.52512908067915 -1.973976537783528e-14
    vertex 615.4689477472983 122.26631003557664 1.4099832412739488e-14
    vertex 615.4689477472984 102.26631003557662 5.639932965095795e-15
  endloop
endfacet
facet normal 0.0 5.5511151231257815e-17 -1.0
  outer loop
    vertex 606.9689477472984 94.76631003557665 1.127986593019159e-14
    vertex 607.6336886773491 105.27455384988178 5.639932965095795e-15
    vertex 609.9689477472984 94.76631003557665 1.127986593019159e-14
  endloop
endfacet
facet normal 0.0 5.5511151231257815e-17 -1.0
  outer loop
    vertex 607.6336886773491 105.27455384988178 5.639932965095795e-15
    vertex 606.9689477472984 94.76631003557665 1.127986593019159e-14
    vertex 607.5689477472982 105.76631003557655 8.459899447643692e-15
  endloop
endfacet
facet normal 0.0 5.5511151231257815e-17 -1.0
  outer loop
    vertex 607.5689477472982 105.76631003557655 8.459899447643692e-15
    vertex 606.9689477472984 94.76631003557665 1.127986593019159e-14
    vertex 607.4689477472983 117.76631003557652 2.5379698342931078e-14
  endloop
endfacet
facet normal 0.0 5.5511151231257815e-17 -1.0
  outer loop
    vertex 607.5689477472982 105.76631003557655 8.459899447643692e-15
    vertex 607.4689477472983 117.76631003557652 2.5379698342931078e-14
    vertex 607.5370960947203 117.2486719453715 -8.459899447643692e-15
  endloop
endfacet
facet normal 0.0 5.5511151231257815e-17 -1.0
  outer loop
    vertex 609.9689477472984 94.76631003557665 1.127986593019159e-14
    vertex 607.6336886773491 105.27455384988178 5.639932965095795e-15
    vertex 607.8234994801079 104.81631003557654 -8.459899447643692e-15
  endloop
endfacet
facet normal 0.0 5.5511151231257815e-17 -1.0
  outer loop
    vertex 609.9689477472984 94.76631003557665 1.127986593019159e-14
    vertex 607.8234994801079 104.81631003557654 -8.459899447643692e-15
    vertex 608.1254448630439 104.42280715132208 1.6919798895287383e-14
  endloop
endfacet
facet normal 0.0 5.5511151231257815e-17 -1.0
  outer loop
    vertex 609.9689477472984 94.76631003557665 1.127986593019159e-14
    vertex 608.1254448630439 104.42280715132208 1.6919798895287383e-14
    vertex 608.5189477472983 104.12086176838612 -2.8199664825478975e-15
  endloop
endfacet
facet normal 0.0 5.5511151231257815e-17 -1.0
  outer loop
    vertex 609.9689477472984 94.76631003557665 1.127986593019159e-14
    vertex 608.5189477472983 104.12086176838612 -2.8199664825478975e-15
    vertex 608.9771915616035 103.9310509656273 2.8199664825478975e-15
  endloop
endfacet
facet normal 0.0 5.5511151231257815e-17 -1.0
  outer loop
    vertex 609.9689477472984 94.76631003557665 1.127986593019159e-14
    vertex 608.9771915616035 103.9310509656273 2.8199664825478975e-15
    vertex 609.4689477472984 103.86631003557653 -5.639932965095795e-15
  endloop
endfacet
facet normal 0.0 5.5511151231257815e-17 -1.0
  outer loop
    vertex 609.9689477472984 94.76631003557665 1.127986593019159e-14
    vertex 609.4689477472984 103.86631003557653 -5.639932965095795e-15
    vertex 609.9607039329932 103.9310509656273 2.8199664825478975e-15
  endloop
endfacet
facet normal 0.0 5.5511151231257815e-17 -1.0
  outer loop
    vertex 609.9689477472984 94.76631003557665 1.127986593019159e-14
    vertex 609.9607039329932 103.9310509656273 2.8199664825478975e-15
    vertex 609.9689477472984 96.76631003557664 -5.639932965095795e-15
  endloop
endfacet
facet normal 0.0 5.5511151231257815e-17 -1.0
  outer loop
    vertex 610.4189477472984 104.12086176838612 -2.8199664825478975e-15
    vertex 609.9689477472984 96.76631003557664 -5.639932965095795e-15
    vertex 609.9607039329932 103.9310509656273 2.8199664825478975e-15
  endloop
endfacet
facet normal 0.0 5.5511151231257815e-17 -1.0
  outer loop
    vertex 609.9689477472984 96.76631003557664 -5.639932965095795e-15
    vertex 610.4189477472984 104.12086176838612 -2.8199664825478975e-15
    vertex 618.9689477472984 96.76631003557664 -5.639932965095795e-15
  endloop
endfacet
facet normal 0.0 5.5511151231257815e-17 -1.0
  outer loop
    vertex 618.9689477472984 96.76631003557664 -5.639932965095795e-15
    vertex 610.4189477472984 104.12086176838612 -2.8199664825478975e-15
    vertex 613.7618409661119 101.55920325439007 -1.4099832412739488e-14
  endloop
endfacet
facet normal 0.0 5.5511151231257815e-17 -1.0
  outer loop
    vertex 613.7618409661119 101.55920325439007 -1.4099832412739488e-14
    vertex 610.4189477472984 104.12086176838612 -2.8199664825478975e-15
    vertex 610.8124506315529 104.42280715132208 1.6919798895287383e-14
  endloop
endfacet
facet normal 0.0 5.5511151231257815e-17 -1.0
  outer loop
    vertex 613.7618409661119 101.55920325439007 -1.4099832412739488e-14
    vertex 610.8124506315529 104.42280715132208 1.6919798895287383e-14
    vertex 611.1143960144888 104.81631003557654 -8.459899447643692e-15
  endloop
endfacet
facet normal 0.0 5.5511151231257815e-17 -1.0
  outer loop
    vertex 613.7618409661119 101.55920325439007 -1.4099832412739488e-14
    vertex 611.1143960144888 104.81631003557654 -8.459899447643692e-15
    vertex 613.6029223435139 101.76631003557665 -2.8199664825478975e-15
  endloop
endfacet
facet normal 0.0 5.5511151231257815e-17 -1.0
  outer loop
    vertex 613.6029223435139 101.76631003557665 -2.8199664825478975e-15
    vertex 611.1143960144888 104.81631003557654 -8.459899447643692e-15
    vertex 611.3042068172476 105.27455384988178 5.639932965095795e-15
  endloop
endfacet
facet normal 0.0 5.5511151231257815e-17 -1.0
  outer loop
    vertex 613.6029223435139 101.76631003557665 -2.8199664825478975e-15
    vertex 611.3042068172476 105.27455384988178 5.639932965095795e-15
    vertex 611.3689477472983 105.76631003557655 8.459899447643692e-15
  endloop
endfacet
facet normal 0.0 5.5511151231257815e-17 -1.0
  outer loop
    vertex 613.6029223435139 101.76631003557665 -2.8199664825478975e-15
    vertex 611.3689477472983 105.76631003557655 8.459899447643692e-15
    vertex 613.5030219210093 102.00749099047411 1.127986593019159e-14
  endloop
endfacet
facet normal 0.0 5.5511151231257815e-17 -1.0
  outer loop
    vertex 613.5030219210093 102.00749099047411 1.127986593019159e-14
    vertex 611.3689477472983 105.76631003557655 8.459899447643692e-15
    vertex 611.4007993998765 117.2486719453715 -8.459899447643692e-15
  endloop
endfacet
facet normal 0.0 5.5511151231257815e-17 -1.0
  outer loop
    vertex 613.5030219210093 102.00749099047411 1.127986593019159e-14
    vertex 611.4007993998765 117.2486719453715 -8.459899447643692e-15
    vertex 613.4689477472984 102.26631003557662 5.639932965095795e-15
  endloop
endfacet
facet normal 0.0 5.5511151231257815e-17 -1.0
  outer loop
    vertex 613.4689477472984 102.26631003557662 5.639932965095795e-15
    vertex 611.4007993998765 117.2486719453715 -8.459899447643692e-15
    vertex 611.4689477472983 117.76631003557652 2.5379698342931078e-14
  endloop
endfacet
facet normal 0.0 5.5511151231257815e-17 -1.0
  outer loop
    vertex 613.4689477472984 102.26631003557662 5.639932965095795e-15
    vertex 611.4689477472983 117.76631003557652 2.5379698342931078e-14
    vertex 612.8689477472984 129.16631003557663 -5.64548408021892e-15
  endloop
endfacet
facet normal 0.0 5.5511151231257815e-17 -1.0
  outer loop
    vertex 612.8689477472984 129.16631003557663 -5.64548408021892e-15
    vertex 611.4689477472983 117.76631003557652 2.5379698342931078e-14
    vertex 612.8689477472984 139.3663100355766 3.666511538824579e-14
  endloop
endfacet
facet normal 0.0 5.5511151231257815e-17 -1.0
  outer loop
    vertex 613.4689477472984 102.26631003557662 5.639932965095795e-15
    vertex 612.8689477472984 129.16631003557663 -5.64548408021892e-15
    vertex 613.4689477472984 122.26631003557664 1.4099832412739488e-14
  endloop
endfacet
facet normal 0.0 5.5511151231257815e-17 -1.0
  outer loop
    vertex 618.9689477472984 96.76631003557664 -5.639932965095795e-15
    vertex 613.7618409661119 101.55920325439007 -1.4099832412739488e-14
    vertex 613.9689477472984 101.40028463179222 8.459899447643692e-15
  endloop
endfacet
facet normal 0.0 5.5511151231257815e-17 -1.0
  outer loop
    vertex 618.9689477472984 96.76631003557664 -5.639932965095795e-15
    vertex 613.9689477472984 101.40028463179222 8.459899447643692e-15
    vertex 614.2101287021959 101.30038420928757 2.8199664825478975e-15
  endloop
endfacet
facet normal 0.0 5.5511151231257815e-17 -1.0
  outer loop
    vertex 618.9689477472984 96.76631003557664 -5.639932965095795e-15
    vertex 614.2101287021959 101.30038420928757 2.8199664825478975e-15
    vertex 614.4689477472984 101.26631003557661 -2.8199664825478975e-15
  endloop
endfacet
facet normal 0.0 5.5511151231257815e-17 -1.0
  outer loop
    vertex 618.9689477472984 96.76631003557664 -5.639932965095795e-15
    vertex 614.4689477472984 101.26631003557661 -2.8199664825478975e-15
    vertex 614.727766792401 101.30038420928757 2.8199664825478975e-15
  endloop
endfacet
facet normal 0.0 5.5511151231257815e-17 -1.0
  outer loop
    vertex 618.9689477472984 96.76631003557664 -5.639932965095795e-15
    vertex 614.727766792401 101.30038420928757 2.8199664825478975e-15
    vertex 614.9689477472984 101.40028463179222 8.459899447643692e-15
  endloop
endfacet
facet normal 0.0 5.5511151231257815e-17 -1.0
  outer loop
    vertex 618.9689477472984 96.76631003557664 -5.639932965095795e-15
    vertex 614.9689477472984 101.40028463179222 8.459899447643692e-15
    vertex 615.1760545284849 101.55920325439007 -1.4099832412739488e-14
  endloop
endfacet
facet normal 0.0 5.5511151231257815e-17 -1.0
  outer loop
    vertex 618.9689477472984 96.76631003557664 -5.639932965095795e-15
    vertex 615.1760545284849 101.55920325439007 -1.4099832412739488e-14
    vertex 615.3349731510829 101.76631003557665 -2.8199664825478975e-15
  endloop
endfacet
facet normal 0.0 5.5511151231257815e-17 -1.0
  outer loop
    vertex 618.9689477472984 96.76631003557664 -5.639932965095795e-15
    vertex 615.3349731510829 101.76631003557665 -2.8199664825478975e-15
    vertex 615.4348735735874 102.00749099047411 1.127986593019159e-14
  endloop
endfacet
facet normal 0.0 5.5511151231257815e-17 -1.0
  outer loop
    vertex 618.9689477472984 96.76631003557664 -5.639932965095795e-15
    vertex 615.4348735735874 102.00749099047411 1.127986593019159e-14
    vertex 615.4689477472984 102.26631003557662 5.639932965095795e-15
  endloop
endfacet
facet normal 0.0 5.5511151231257815e-17 -1.0
  outer loop
    vertex 618.9689477472984 96.76631003557664 -5.639932965095795e-15
    vertex 615.4689477472984 102.26631003557662 5.639932965095795e-15
    vertex 617.4405035120914 105.22279004086123 -2.8199664825478975e-15
  endloop
endfacet
facet normal 0.0 5.5511151231257815e-17 -1.0
  outer loop
    vertex 617.4405035120914 105.22279004086123 -2.8199664825478975e-15
    vertex 615.4689477472984 102.26631003557662 5.639932965095795e-15
    vertex 617.3689477472984 105.76631003557655 8.459899447643692e-15
  endloop
endfacet
facet normal 0.0 5.5511151231257815e-17 -1.0
  outer loop
    vertex 617.3689477472984 105.76631003557655 8.459899447643692e-15
    vertex 615.4689477472984 102.26631003557662 5.639932965095795e-15
    vertex 616.0689477472984 129.16631003557663 -5.64548408021892e-15
  endloop
endfacet
facet normal 0.0 5.5511151231257815e-17 -1.0
  outer loop
    vertex 618.9689477472984 96.76631003557664 -5.639932965095795e-15
    vertex 617.4405035120914 105.22279004086123 -2.8199664825478975e-15
    vertex 617.6502943993512 104.71631003557656 2.8199664825478975e-15
  endloop
endfacet
facet normal 0.0 5.5511151231257815e-17 -1.0
  outer loop
    vertex 618.9689477472984 96.76631003557664 -5.639932965095795e-15
    vertex 617.6502943993512 104.71631003557656 2.8199664825478975e-15
    vertex 617.9840235068067 104.28138579508479 -5.639932965095795e-15
  endloop
endfacet
facet normal 0.0 5.5511151231257815e-17 -1.0
  outer loop
    vertex 618.9689477472984 96.76631003557664 -5.639932965095795e-15
    vertex 617.9840235068067 104.28138579508479 -5.639932965095795e-15
    vertex 618.4189477472985 103.9476566876292 2.8199664825478975e-15
  endloop
endfacet
facet normal 0.0 5.5511151231257815e-17 -1.0
  outer loop
    vertex 618.9689477472984 96.76631003557664 -5.639932965095795e-15
    vertex 618.4189477472985 103.9476566876292 2.8199664825478975e-15
    vertex 618.9254277525832 103.73786580036948 8.459899447643692e-15
  endloop
endfacet
facet normal 0.0 5.5511151231257815e-17 -1.0
  outer loop
    vertex 618.9689477472984 96.76631003557664 -5.639932965095795e-15
    vertex 618.9254277525832 103.73786580036948 8.459899447643692e-15
    vertex 619.4689477472984 103.66631003557653 1.4099832412739488e-14
  endloop
endfacet
facet normal 0.0 5.5511151231257815e-17 -1.0
  outer loop
    vertex 618.9689477472984 96.76631003557664 -5.639932965095795e-15
    vertex 619.4689477472984 103.66631003557653 1.4099832412739488e-14
    vertex 618.9689477472984 94.76631003557665 1.127986593019159e-14
  endloop
endfacet
facet normal 0.0 5.5511151231257815e-17 -1.0
  outer loop
    vertex 618.9689477472984 94.76631003557665 1.127986593019159e-14
    vertex 619.4689477472984 103.66631003557653 1.4099832412739488e-14
    vertex 621.9689477472984 94.76631003557665 1.127986593019159e-14
  endloop
endfacet
facet normal 0.0 5.5511151231257815e-17 -1.0
  outer loop
    vertex 621.9689477472984 94.76631003557665 1.127986593019159e-14
    vertex 619.4689477472984 103.66631003557653 1.4099832412739488e-14
    vertex 620.0124677420138 103.73786580036948 8.459899447643692e-15
  endloop
endfacet
facet normal 0.0 5.5511151231257815e-17 -1.0
  outer loop
    vertex 621.9689477472984 94.76631003557665 1.127986593019159e-14
    vertex 620.0124677420138 103.73786580036948 8.459899447643692e-15
    vertex 620.5189477472985 103.9476566876292 2.8199664825478975e-15
  endloop
endfacet
facet normal 0.0 5.5511151231257815e-17 -1.0
  outer loop
    vertex 621.9689477472984 94.76631003557665 1.127986593019159e-14
    vertex 620.5189477472985 103.9476566876292 2.8199664825478975e-15
    vertex 620.9538719877902 104.28138579508479 -5.639932965095795e-15
  endloop
endfacet
facet normal 0.0 5.5511151231257815e-17 -1.0
  outer loop
    vertex 621.9689477472984 94.76631003557665 1.127986593019159e-14
    vertex 620.9538719877902 104.28138579508479 -5.639932965095795e-15
    vertex 621.2876010952458 104.71631003557656 2.8199664825478975e-15
  endloop
endfacet
facet normal 0.0 5.5511151231257815e-17 -1.0
  outer loop
    vertex 621.9689477472984 94.76631003557665 1.127986593019159e-14
    vertex 621.2876010952458 104.71631003557656 2.8199664825478975e-15
    vertex 621.4973919825055 105.22279004086123 -2.8199664825478975e-15
  endloop
endfacet
facet normal 0.0 5.5511151231257815e-17 -1.0
  outer loop
    vertex 621.9689477472984 94.76631003557665 1.127986593019159e-14
    vertex 621.4973919825055 105.22279004086123 -2.8199664825478975e-15
    vertex 621.5689477472986 105.76631003557655 8.459899447643692e-15
  endloop
endfacet
facet normal 0.0 5.5511151231257815e-17 -1.0
  outer loop
    vertex 617.4689477472984 117.76631003557652 2.5379698342931078e-14
    vertex 617.6502943993512 106.81631003557658 -8.459899447643692e-15
    vertex 617.4405035120914 106.30983003029186 -1.4099832412739488e-14
  endloop
endfacet
facet normal 0.0 5.5511151231257815e-17 -1.0
  outer loop
    vertex 617.6502943993512 106.81631003557658 -8.459899447643692e-15
    vertex 617.4689477472984 117.76631003557652 2.5379698342931078e-14
    vertex 617.5370960947204 117.2486719453715 -8.459899447643692e-15
  endloop
endfacet
facet normal 0.0 5.5511151231257815e-17 -1.0
  outer loop
    vertex 617.6502943993512 106.81631003557658 -8.459899447643692e-15
    vertex 617.5370960947204 117.2486719453715 -8.459899447643692e-15
    vertex 617.7368969397296 116.76631003557657 8.459899447643692e-15
  endloop
endfacet
facet normal 0.0 5.5511151231257815e-17 -1.0
  outer loop
    vertex 617.6502943993512 106.81631003557658 -8.459899447643692e-15
    vertex 617.7368969397296 116.76631003557657 8.459899447643692e-15
    vertex 617.9840235068067 107.25123427606832 2.8199664825478975e-15
  endloop
endfacet
facet normal 0.0 5.5511151231257815e-17 -1.0
  outer loop
    vertex 617.9840235068067 107.25123427606832 2.8199664825478975e-15
    vertex 617.7368969397296 116.76631003557657 8.459899447643692e-15
    vertex 618.0547341849253 116.35209647320347 -8.459899447643692e-15
  endloop
endfacet
facet normal 0.0 5.5511151231257815e-17 -1.0
  outer loop
    vertex 617.9840235068067 107.25123427606832 2.8199664825478975e-15
    vertex 618.0547341849253 116.35209647320347 -8.459899447643692e-15
    vertex 618.4189477472985 107.58496338352387 -8.459899447643692e-15
  endloop
endfacet
facet normal 0.0 5.5511151231257815e-17 -1.0
  outer loop
    vertex 618.4189477472985 107.58496338352387 -8.459899447643692e-15
    vertex 618.0547341849253 116.35209647320347 -8.459899447643692e-15
    vertex 618.4689477472986 116.03425922800766 -8.459899447643692e-15
  endloop
endfacet
facet normal 0.0 5.5511151231257815e-17 -1.0
  outer loop
    vertex 618.4189477472985 107.58496338352387 -8.459899447643692e-15
    vertex 618.4689477472986 116.03425922800766 -8.459899447643692e-15
    vertex 618.9254277525832 107.79475427078364 -2.8199664825478975e-15
  endloop
endfacet
facet normal 0.0 5.5511151231257815e-17 -1.0
  outer loop
    vertex 618.9254277525832 107.79475427078364 -2.8199664825478975e-15
    vertex 618.4689477472986 116.03425922800766 -8.459899447643692e-15
    vertex 618.9513096570934 115.8344583829984 -8.459899447643692e-15
  endloop
endfacet
facet normal 0.0 5.5511151231257815e-17 -1.0
  outer loop
    vertex 618.9254277525832 107.79475427078364 -2.8199664825478975e-15
    vertex 618.9513096570934 115.8344583829984 -8.459899447643692e-15
    vertex 619.4689477472984 107.86631003557656 1.4099832412739488e-14
  endloop
endfacet
facet normal 0.0 5.5511151231257815e-17 -1.0
  outer loop
    vertex 619.4689477472984 107.86631003557656 1.4099832412739488e-14
    vertex 618.9513096570934 115.8344583829984 -8.459899447643692e-15
    vertex 619.4689477472984 115.76631003557652 0.0
  endloop
endfacet
facet normal 0.0 5.5511151231257815e-17 -1.0
  outer loop
    vertex 619.4689477472984 107.86631003557656 1.4099832412739488e-14
    vertex 619.4689477472984 115.76631003557652 0.0
    vertex 619.9865858375035 115.8344583829984 -8.459899447643692e-15
  endloop
endfacet
facet normal 0.0 5.5511151231257815e-17 -1.0
  outer loop
    vertex 619.4689477472984 107.86631003557656 1.4099832412739488e-14
    vertex 619.9865858375035 115.8344583829984 -8.459899447643692e-15
    vertex 620.0124677420137 107.79475427078364 -2.8199664825478975e-15
  endloop
endfacet
facet normal 0.0 5.5511151231257815e-17 -1.0
  outer loop
    vertex 620.0124677420137 107.79475427078364 -2.8199664825478975e-15
    vertex 619.9865858375035 115.8344583829984 -8.459899447643692e-15
    vertex 620.4689477472984 116.03425922800766 -8.459899447643692e-15
  endloop
endfacet
facet normal 0.0 5.5511151231257815e-17 -1.0
  outer loop
    vertex 620.0124677420137 107.79475427078364 -2.8199664825478975e-15
    vertex 620.4689477472984 116.03425922800766 -8.459899447643692e-15
    vertex 620.5189477472984 107.58496338352387 -8.459899447643692e-15
  endloop
endfacet
facet normal 0.0 5.5511151231257815e-17 -1.0
  outer loop
    vertex 620.5189477472984 107.58496338352387 -8.459899447643692e-15
    vertex 620.4689477472984 116.03425922800766 -8.459899447643692e-15
    vertex 620.8831613096716 116.35209647320347 -8.459899447643692e-15
  endloop
endfacet
facet normal 0.0 5.5511151231257815e-17 -1.0
  outer loop
    vertex 620.5189477472984 107.58496338352387 -8.459899447643692e-15
    vertex 620.8831613096716 116.35209647320347 -8.459899447643692e-15
    vertex 620.9538719877902 107.25123427606832 2.8199664825478975e-15
  endloop
endfacet
facet normal 0.0 5.5511151231257815e-17 -1.0
  outer loop
    vertex 620.9538719877902 107.25123427606832 2.8199664825478975e-15
    vertex 620.8831613096716 116.35209647320347 -8.459899447643692e-15
    vertex 621.2009985548673 116.76631003557657 8.459899447643692e-15
  endloop
endfacet
facet normal 0.0 5.5511151231257815e-17 -1.0
  outer loop
    vertex 620.9538719877902 107.25123427606832 2.8199664825478975e-15
    vertex 621.2009985548673 116.76631003557657 8.459899447643692e-15
    vertex 621.2876010952458 106.81631003557658 -8.459899447643692e-15
  endloop
endfacet
facet normal 0.0 5.5511151231257815e-17 -1.0
  outer loop
    vertex 621.2876010952458 106.81631003557658 -8.459899447643692e-15
    vertex 621.2009985548673 116.76631003557657 8.459899447643692e-15
    vertex 621.4007993998765 117.2486719453715 -8.459899447643692e-15
  endloop
endfacet
facet normal 0.0 5.5511151231257815e-17 -1.0
  outer loop
    vertex 621.2876010952458 106.81631003557658 -8.459899447643692e-15
    vertex 621.4007993998765 117.2486719453715 -8.459899447643692e-15
    vertex 621.4973919825055 106.30983003029186 -1.4099832412739488e-14
  endloop
endfacet
facet normal 0.0 5.5511151231257815e-17 -1.0
  outer loop
    vertex 621.4973919825055 106.30983003029186 -1.4099832412739488e-14
    vertex 621.4007993998765 117.2486719453715 -8.459899447643692e-15
    vertex 621.4689477472984 117.76631003557652 2.5379698342931078e-14
  endloop
endfacet
facet normal 0.0 5.5511151231257815e-17 -1.0
  outer loop
    vertex 641.4689477472984 83.26631003557665 1.4099832412739488e-14
    vertex 641.6924906119908 80.36853255670944 2.8199664825478975e-15
    vertex 640.9689477472984 80.66823382422331 -8.459899447643692e-15
  endloop
endfacet
facet normal 0.0 5.5511151231257815e-17 -1.0
  outer loop
    vertex 641.6924906119908 80.36853255670944 2.8199664825478975e-15
    vertex 641.4689477472984 83.26631003557665 1.4099832412739488e-14
    vertex 641.5030219210093 83.0074909904741 -8.459899447643692e-15
  endloop
endfacet
facet normal 0.0 5.5511151231257815e-17 -1.0
  outer loop
    vertex 641.6924906119908 80.36853255670944 2.8199664825478975e-15
    vertex 641.5030219210093 83.0074909904741 -8.459899447643692e-15
    vertex 641.602922343514 82.76631003557665 5.639932965095795e-15
  endloop
endfacet
facet normal 0.0 5.5511151231257815e-17 -1.0
  outer loop
    vertex 641.6924906119908 80.36853255670944 2.8199664825478975e-15
    vertex 641.602922343514 82.76631003557665 5.639932965095795e-15
    vertex 641.7618409661119 82.5592032543901 0.0
  endloop
endfacet
facet normal 0.0 5.5511151231257815e-17 -1.0
  outer loop
    vertex 641.6924906119908 80.36853255670944 2.8199664825478975e-15
    vertex 641.7618409661119 82.5592032543901 0.0
    vertex 642.4689477472983 80.26631003557665 5.639932965095795e-15
  endloop
endfacet
facet normal 0.0 5.5511151231257815e-17 -1.0
  outer loop
    vertex 642.4689477472983 80.26631003557665 5.639932965095795e-15
    vertex 641.7618409661119 82.5592032543901 0.0
    vertex 641.9689477472984 82.4002846317922 5.639932965095795e-15
  endloop
endfacet
facet normal 0.0 5.5511151231257815e-17 -1.0
  outer loop
    vertex 642.4689477472983 80.26631003557665 5.639932965095795e-15
    vertex 641.9689477472984 82.4002846317922 5.639932965095795e-15
    vertex 642.2101287021959 82.30038420928756 1.973976537783528e-14
  endloop
endfacet
facet normal 0.0 5.5511151231257815e-17 -1.0
  outer loop
    vertex 642.4689477472983 80.26631003557665 5.639932965095795e-15
    vertex 642.2101287021959 82.30038420928756 1.973976537783528e-14
    vertex 642.4689477472983 82.26631003557667 -5.639932965095795e-15
  endloop
endfacet
facet normal 0.0 5.5511151231257815e-17 -1.0
  outer loop
    vertex 642.4689477472983 80.26631003557665 5.639932965095795e-15
    vertex 642.4689477472983 82.26631003557667 -5.639932965095795e-15
    vertex 642.7277667924009 82.30038420928757 5.639932965095795e-15
  endloop
endfacet
facet normal 0.0 5.5511151231257815e-17 -1.0
  outer loop
    vertex 642.4689477472983 80.26631003557665 5.639932965095795e-15
    vertex 642.7277667924009 82.30038420928757 5.639932965095795e-15
    vertex 642.4689477472983 62.13233543936107 -1.4099832412739488e-14
  endloop
endfacet
facet normal 0.0 5.5511151231257815e-17 -1.0
  outer loop
    vertex 642.4689477472983 62.13233543936107 -1.4099832412739488e-14
    vertex 642.7277667924009 82.30038420928757 5.639932965095795e-15
    vertex 642.676054528485 61.97341681676317 2.8199664825478975e-15
  endloop
endfacet
facet normal 0.0 5.5511151231257815e-17 -1.0
  outer loop
    vertex 642.676054528485 61.97341681676317 2.8199664825478975e-15
    vertex 642.7277667924009 82.30038420928757 5.639932965095795e-15
    vertex 642.8349731510829 61.76631003557664 1.127986593019159e-14
  endloop
endfacet
facet normal 0.0 5.5511151231257815e-17 -1.0
  outer loop
    vertex 642.8349731510829 61.76631003557664 1.127986593019159e-14
    vertex 642.7277667924009 82.30038420928757 5.639932965095795e-15
    vertex 642.9689477472984 82.4002846317922 5.639932965095795e-15
  endloop
endfacet
facet normal 0.0 5.5511151231257815e-17 -1.0
  outer loop
    vertex 642.8349731510829 61.76631003557664 1.127986593019159e-14
    vertex 642.9689477472984 82.4002846317922 5.639932965095795e-15
    vertex 642.9348735735874 61.52512908067915 2.8199664825478975e-15
  endloop
endfacet
facet normal 0.0 5.5511151231257815e-17 -1.0
  outer loop
    vertex 642.9348735735874 61.52512908067915 2.8199664825478975e-15
    vertex 642.9689477472984 82.4002846317922 5.639932965095795e-15
    vertex 642.9689477472984 61.26631003557664 2.8199664825478975e-15
  endloop
endfacet
facet normal 0.0 5.5511151231257815e-17 -1.0
  outer loop
    vertex 642.9689477472984 61.26631003557664 2.8199664825478975e-15
    vertex 642.9689477472984 82.4002846317922 5.639932965095795e-15
    vertex 643.176054528485 82.5592032543901 0.0
  endloop
endfacet
facet normal 0.0 5.5511151231257815e-17 -1.0
  outer loop
    vertex 642.9689477472984 61.26631003557664 2.8199664825478975e-15
    vertex 643.176054528485 82.5592032543901 0.0
    vertex 642.9689477472984 35.26631003557665 1.4099832412739488e-14
  endloop
endfacet
facet normal 0.0 5.5511151231257815e-17 -1.0
  outer loop
    vertex 639.5711702684312 84.04276717088419 1.6919798895287383e-14
    vertex 639.5711702684312 82.48985290026907 -1.127986593019159e-14
    vertex 639.4689477472984 83.26631003557665 1.4099832412739488e-14
  endloop
endfacet
facet normal 0.0 5.5511151231257815e-17 -1.0
  outer loop
    vertex 639.5711702684312 82.48985290026907 -1.127986593019159e-14
    vertex 639.5711702684312 84.04276717088419 1.6919798895287383e-14
    vertex 639.8708715359451 84.76631003557664 -1.6919798895287383e-14
  endloop
endfacet
facet normal 0.0 5.5511151231257815e-17 -1.0
  outer loop
    vertex 639.5711702684312 82.48985290026907 -1.127986593019159e-14
    vertex 639.8708715359451 84.76631003557664 -1.6919798895287383e-14
    vertex 639.8708715359451 81.76631003557667 -1.4099832412739488e-14
  endloop
endfacet
facet normal 0.0 5.5511151231257815e-17 -1.0
  outer loop
    vertex 639.8708715359451 81.76631003557667 -1.4099832412739488e-14
    vertex 639.8708715359451 84.76631003557664 -1.6919798895287383e-14
    vertex 640.3476274037388 85.38763037913625 5.639932965095795e-15
  endloop
endfacet
facet normal 0.0 5.5511151231257815e-17 -1.0
  outer loop
    vertex 639.8708715359451 81.76631003557667 -1.4099832412739488e-14
    vertex 640.3476274037388 85.38763037913625 5.639932965095795e-15
    vertex 640.3476274037388 81.14498969201699 2.8199664825478975e-15
  endloop
endfacet
facet normal 0.0 5.5511151231257815e-17 -1.0
  outer loop
    vertex 640.3476274037388 81.14498969201699 2.8199664825478975e-15
    vertex 640.3476274037388 85.38763037913625 5.639932965095795e-15
    vertex 640.9689477472984 85.86438624692995 -2.5379698342931078e-14
  endloop
endfacet
facet normal 0.0 5.5511151231257815e-17 -1.0
  outer loop
    vertex 640.3476274037388 81.14498969201699 2.8199664825478975e-15
    vertex 640.9689477472984 85.86438624692995 -2.5379698342931078e-14
    vertex 640.9689477472984 80.66823382422331 -8.459899447643692e-15
  endloop
endfacet
facet normal 0.0 5.5511151231257815e-17 -1.0
  outer loop
    vertex 640.9689477472984 80.66823382422331 -8.459899447643692e-15
    vertex 640.9689477472984 85.86438624692995 -2.5379698342931078e-14
    vertex 641.6924906119908 86.16408751444386 1.6919798895287383e-14
  endloop
endfacet
facet normal 0.0 5.5511151231257815e-17 -1.0
  outer loop
    vertex 640.9689477472984 80.66823382422331 -8.459899447643692e-15
    vertex 641.6924906119908 86.16408751444386 1.6919798895287383e-14
    vertex 641.4689477472984 83.26631003557665 1.4099832412739488e-14
  endloop
endfacet
facet normal 0.0 5.5511151231257815e-17 -1.0
  outer loop
    vertex 641.4689477472984 83.26631003557665 1.4099832412739488e-14
    vertex 641.6924906119908 86.16408751444386 1.6919798895287383e-14
    vertex 641.5030219210093 83.52512908067918 -5.639932965095795e-15
  endloop
endfacet
facet normal 0.0 5.5511151231257815e-17 -1.0
  outer loop
    vertex 641.5030219210093 83.52512908067918 -5.639932965095795e-15
    vertex 641.6924906119908 86.16408751444386 1.6919798895287383e-14
    vertex 641.602922343514 83.76631003557665 5.639932965095795e-15
  endloop
endfacet
facet normal 0.0 5.5511151231257815e-17 -1.0
  outer loop
    vertex 641.602922343514 83.76631003557665 5.639932965095795e-15
    vertex 641.6924906119908 86.16408751444386 1.6919798895287383e-14
    vertex 641.7618409661119 83.97341681676319 -2.8199664825478975e-15
  endloop
endfacet
facet normal 0.0 5.5511151231257815e-17 -1.0
  outer loop
    vertex 641.7618409661119 83.97341681676319 -2.8199664825478975e-15
    vertex 641.6924906119908 86.16408751444386 1.6919798895287383e-14
    vertex 642.4689477472983 86.26631003557664 -5.639932965095795e-15
  endloop
endfacet
facet normal 0.0 5.5511151231257815e-17 -1.0
  outer loop
    vertex 641.7618409661119 83.97341681676319 -2.8199664825478975e-15
    vertex 642.4689477472983 86.26631003557664 -5.639932965095795e-15
    vertex 641.9689477472984 84.13233543936109 -5.639932965095795e-15
  endloop
endfacet
facet normal 0.0 5.5511151231257815e-17 -1.0
  outer loop
    vertex 641.9689477472984 84.13233543936109 -5.639932965095795e-15
    vertex 642.4689477472983 86.26631003557664 -5.639932965095795e-15
    vertex 642.2101287021959 84.23223586186572 0.0
  endloop
endfacet
facet normal 0.0 5.5511151231257815e-17 -1.0
  outer loop
    vertex 642.2101287021959 84.23223586186572 0.0
    vertex 642.4689477472983 86.26631003557664 -5.639932965095795e-15
    vertex 642.4689477472983 84.26631003557664 -1.127986593019159e-14
  endloop
endfacet
facet normal 0.0 5.5511151231257815e-17 -1.0
  outer loop
    vertex 642.4689477472983 84.26631003557664 -1.127986593019159e-14
    vertex 642.4689477472983 86.26631003557664 -5.639932965095795e-15
    vertex 643.9689477472984 119.2663100355766 8.459899447643692e-15
  endloop
endfacet
facet normal 0.0 5.5511151231257815e-17 -1.0
  outer loop
    vertex 642.4689477472983 84.26631003557664 -1.127986593019159e-14
    vertex 643.9689477472984 119.2663100355766 8.459899447643692e-15
    vertex 642.7277667924009 84.23223586186572 0.0
  endloop
endfacet
facet normal 0.0 5.5511151231257815e-17 -1.0
  outer loop
    vertex 642.7277667924009 84.23223586186572 0.0
    vertex 643.9689477472984 119.2663100355766 8.459899447643692e-15
    vertex 642.9689477472984 84.13233543936109 -5.639932965095795e-15
  endloop
endfacet
facet normal 0.0 5.5511151231257815e-17 -1.0
  outer loop
    vertex 642.9689477472984 84.13233543936109 -5.639932965095795e-15
    vertex 643.9689477472984 119.2663100355766 8.459899447643692e-15
    vertex 643.176054528485 83.97341681676319 -2.8199664825478975e-15
  endloop
endfacet
facet normal 0.0 5.5511151231257815e-17 -1.0
  outer loop
    vertex 643.176054528485 83.97341681676319 -2.8199664825478975e-15
    vertex 643.9689477472984 119.2663100355766 8.459899447643692e-15
    vertex 643.3349731510829 83.76631003557665 5.639932965095795e-15
  endloop
endfacet
facet normal 0.0 5.5511151231257815e-17 -1.0
  outer loop
    vertex 643.3349731510829 83.76631003557665 5.639932965095795e-15
    vertex 643.9689477472984 119.2663100355766 8.459899447643692e-15
    vertex 643.4348735735875 83.52512908067918 -5.639932965095795e-15
  endloop
endfacet
facet normal 0.0 5.5511151231257815e-17 -1.0
  outer loop
    vertex 643.4348735735875 83.52512908067918 -5.639932965095795e-15
    vertex 643.9689477472984 119.2663100355766 8.459899447643692e-15
    vertex 643.4689477472984 83.26631003557665 1.4099832412739488e-14
  endloop
endfacet
facet normal 0.0 5.5511151231257815e-17 -1.0
  outer loop
    vertex 624.4689477472984 127.26631003557662 2.8199664825478975e-15
    vertex 639.5541331815757 134.61926242282027 2.8199664825478975e-15
    vertex 640.9689477472984 130.26631003557665 -2.5379698342931078e-14
  endloop
endfacet
facet normal 0.0 5.5511151231257815e-17 -1.0
  outer loop
    vertex 639.5541331815757 134.61926242282027 2.8199664825478975e-15
    vertex 624.4689477472984 127.26631003557662 2.8199664825478975e-15
    vertex 639.4689477472984 135.26631003557665 -2.8199664825478975e-15
  endloop
endfacet
facet normal 0.0 5.5511151231257815e-17 -1.0
  outer loop
    vertex 640.9689477472984 130.26631003557665 -2.5379698342931078e-14
    vertex 639.5541331815757 134.61926242282027 2.8199664825478975e-15
    vertex 639.8038842378373 134.01631003557657 2.8199664825478976e-14
  endloop
endfacet
facet normal 0.0 5.5511151231257815e-17 -1.0
  outer loop
    vertex 640.9689477472984 130.26631003557665 -2.5379698342931078e-14
    vertex 639.8038842378373 134.01631003557657 2.8199664825478976e-14
    vertex 640.201180794332 133.49854308261027 0.0
  endloop
endfacet
facet normal 0.0 5.5511151231257815e-17 -1.0
  outer loop
    vertex 640.9689477472984 130.26631003557665 -2.5379698342931078e-14
    vertex 640.201180794332 133.49854308261027 0.0
    vertex 640.7189477472984 133.10124652611555 -3.101963130802687e-14
  endloop
endfacet
facet normal 0.0 5.5511151231257815e-17 -1.0
  outer loop
    vertex 640.9689477472984 130.26631003557665 -2.5379698342931078e-14
    vertex 640.7189477472984 133.10124652611555 -3.101963130802687e-14
    vertex 641.321900134542 132.85149546985392 -2.8199664825478975e-15
  endloop
endfacet
facet normal 0.0 5.5511151231257815e-17 -1.0
  outer loop
    vertex 640.9689477472984 130.26631003557665 -2.5379698342931078e-14
    vertex 641.321900134542 132.85149546985392 -2.8199664825478975e-15
    vertex 640.9689477472984 122.26631003557664 1.4099832412739488e-14
  endloop
endfacet
facet normal 0.0 5.5511151231257815e-17 -1.0
  outer loop
    vertex 640.9689477472984 122.26631003557664 1.4099832412739488e-14
    vertex 641.321900134542 132.85149546985392 -2.8199664825478975e-15
    vertex 641.0711702684312 121.48985290026907 8.459899447643692e-15
  endloop
endfacet
facet normal 0.0 5.5511151231257815e-17 -1.0
  outer loop
    vertex 641.0711702684312 121.48985290026907 8.459899447643692e-15
    vertex 641.321900134542 132.85149546985392 -2.8199664825478975e-15
    vertex 641.3708715359452 120.76631003557665 -8.459899447643692e-15
  endloop
endfacet
facet normal 0.0 5.5511151231257815e-17 -1.0
  outer loop
    vertex 641.3708715359452 120.76631003557665 -8.459899447643692e-15
    vertex 641.321900134542 132.85149546985392 -2.8199664825478975e-15
    vertex 641.9689477472984 132.7663100355766 -2.8199664825478975e-15
  endloop
endfacet
facet normal 0.0 5.5511151231257815e-17 -1.0
  outer loop
    vertex 641.3708715359452 120.76631003557665 -8.459899447643692e-15
    vertex 641.9689477472984 132.7663100355766 -2.8199664825478975e-15
    vertex 641.8476274037388 120.14498969201703 5.639932965095795e-15
  endloop
endfacet
facet normal 0.0 5.5511151231257815e-17 -1.0
  outer loop
    vertex 641.8476274037388 120.14498969201703 5.639932965095795e-15
    vertex 641.9689477472984 132.7663100355766 -2.8199664825478975e-15
    vertex 642.4689477472983 119.66823382422338 8.459899447643692e-15
  endloop
endfacet
facet normal 0.0 5.5511151231257815e-17 -1.0
  outer loop
    vertex 642.4689477472983 119.66823382422338 8.459899447643692e-15
    vertex 641.9689477472984 132.7663100355766 -2.8199664825478975e-15
    vertex 642.6159953600547 132.85149546985392 2.8199664825478975e-15
  endloop
endfacet
facet normal 0.0 5.5511151231257815e-17 -1.0
  outer loop
    vertex 642.4689477472983 119.66823382422338 8.459899447643692e-15
    vertex 642.6159953600547 132.85149546985392 2.8199664825478975e-15
    vertex 642.9689477472984 122.26631003557664 1.4099832412739488e-14
  endloop
endfacet
facet normal 0.0 5.5511151231257815e-17 -1.0
  outer loop
    vertex 642.4689477472983 119.66823382422338 8.459899447643692e-15
    vertex 642.9689477472984 122.26631003557664 1.4099832412739488e-14
    vertex 643.1924906119909 119.36853255670943 -1.973976537783528e-14
  endloop
endfacet
facet normal 0.0 5.5511151231257815e-17 -1.0
  outer loop
    vertex 643.1924906119909 119.36853255670943 -1.973976537783528e-14
    vertex 642.9689477472984 122.26631003557664 1.4099832412739488e-14
    vertex 643.0030219210093 122.0074909904741 -8.459899447643692e-15
  endloop
endfacet
facet normal 0.0 5.5511151231257815e-17 -1.0
  outer loop
    vertex 643.1924906119909 119.36853255670943 -1.973976537783528e-14
    vertex 643.0030219210093 122.0074909904741 -8.459899447643692e-15
    vertex 643.102922343514 121.76631003557665 2.8199664825478975e-15
  endloop
endfacet
facet normal 0.0 5.5511151231257815e-17 -1.0
  outer loop
    vertex 643.1924906119909 119.36853255670943 -1.973976537783528e-14
    vertex 643.102922343514 121.76631003557665 2.8199664825478975e-15
    vertex 643.2618409661119 121.55920325439008 -2.8199664825478975e-15
  endloop
endfacet
facet normal 0.0 5.5511151231257815e-17 -1.0
  outer loop
    vertex 643.1924906119909 119.36853255670943 -1.973976537783528e-14
    vertex 643.2618409661119 121.55920325439008 -2.8199664825478975e-15
    vertex 643.9689477472984 119.2663100355766 8.459899447643692e-15
  endloop
endfacet
facet normal 0.0 5.5511151231257815e-17 -1.0
  outer loop
    vertex 643.9689477472984 119.2663100355766 8.459899447643692e-15
    vertex 643.2618409661119 121.55920325439008 -2.8199664825478975e-15
    vertex 643.4689477472984 121.40028463179215 1.4099832412739488e-14
  endloop
endfacet
facet normal 0.0 5.5511151231257815e-17 -1.0
  outer loop
    vertex 643.9689477472984 119.2663100355766 8.459899447643692e-15
    vertex 643.4689477472984 121.40028463179215 1.4099832412739488e-14
    vertex 643.7101287021959 121.30038420928754 -2.8199664825478975e-15
  endloop
endfacet
facet normal 0.0 5.5511151231257815e-17 -1.0
  outer loop
    vertex 643.9689477472984 119.2663100355766 8.459899447643692e-15
    vertex 643.7101287021959 121.30038420928754 -2.8199664825478975e-15
    vertex 643.9689477472984 121.26631003557664 1.4099832412739488e-14
  endloop
endfacet
facet normal 0.0 5.5511151231257815e-17 -1.0
  outer loop
    vertex 643.9689477472984 119.2663100355766 8.459899447643692e-15
    vertex 643.9689477472984 121.26631003557664 1.4099832412739488e-14
    vertex 644.227766792401 121.30038420928754 -2.8199664825478975e-15
  endloop
endfacet
facet normal 0.0 5.5511151231257815e-17 -1.0
  outer loop
    vertex 581.9689477472984 140.2663100355766 0.0
    vertex 583.9689477472984 122.26631003557664 1.4099832412739488e-14
    vertex 581.9689477472984 30.266310035576634 -2.8199664825478975e-15
  endloop
endfacet
facet normal 0.0 5.5511151231257815e-17 -1.0
  outer loop
    vertex 583.9689477472984 122.26631003557664 1.4099832412739488e-14
    vertex 581.9689477472984 140.2663100355766 0.0
    vertex 584.4689477472984 135.26631003557665 -2.8199664825478975e-15
  endloop
endfacet
facet normal 0.0 5.5511151231257815e-17 -1.0
  outer loop
    vertex 584.4689477472984 135.26631003557665 -2.8199664825478975e-15
    vertex 581.9689477472984 140.2663100355766 0.0
    vertex 584.5541331815757 135.91335764833295 0.0
  endloop
endfacet
facet normal 0.0 5.5511151231257815e-17 -1.0
  outer loop
    vertex 584.5541331815757 135.91335764833295 0.0
    vertex 581.9689477472984 140.2663100355766 0.0
    vertex 584.8038842378373 136.51631003557665 -3.665956427312267e-14
  endloop
endfacet
facet normal 0.0 5.5511151231257815e-17 -1.0
  outer loop
    vertex 584.8038842378373 136.51631003557665 -3.665956427312267e-14
    vertex 581.9689477472984 140.2663100355766 0.0
    vertex 585.2011807943321 137.034076988543 -8.459899447643692e-15
  endloop
endfacet
facet normal 0.0 5.5511151231257815e-17 -1.0
  outer loop
    vertex 585.2011807943321 137.034076988543 -8.459899447643692e-15
    vertex 581.9689477472984 140.2663100355766 0.0
    vertex 585.7189477472983 137.4313735450377 1.127986593019159e-14
  endloop
endfacet
facet normal 0.0 5.5511151231257815e-17 -1.0
  outer loop
    vertex 585.7189477472983 137.4313735450377 1.127986593019159e-14
    vertex 581.9689477472984 140.2663100355766 0.0
    vertex 586.3219001345421 137.6811246012993 1.127986593019159e-14
  endloop
endfacet
facet normal 0.0 5.5511151231257815e-17 -1.0
  outer loop
    vertex 586.3219001345421 137.6811246012993 1.127986593019159e-14
    vertex 581.9689477472984 140.2663100355766 0.0
    vertex 586.9689477472984 137.76631003557662 5.639932965095795e-15
  endloop
endfacet
facet normal 0.0 5.5511151231257815e-17 -1.0
  outer loop
    vertex 586.9689477472984 137.76631003557662 5.639932965095795e-15
    vertex 581.9689477472984 140.2663100355766 0.0
    vertex 612.8689477472984 139.3663100355766 3.666511538824579e-14
  endloop
endfacet
facet normal 0.0 5.5511151231257815e-17 -1.0
  outer loop
    vertex 612.8689477472984 139.3663100355766 3.666511538824579e-14
    vertex 581.9689477472984 140.2663100355766 0.0
    vertex 646.9689477472984 140.2663100355766 0.0
  endloop
endfacet
facet normal 0.0 5.5511151231257815e-17 -1.0
  outer loop
    vertex 583.9689477472984 122.26631003557664 1.4099832412739488e-14
    vertex 584.4689477472984 135.26631003557665 -2.8199664825478975e-15
    vertex 584.0030219210093 122.52512908067916 2.8199664825478975e-15
  endloop
endfacet
facet normal 0.0 5.5511151231257815e-17 -1.0
  outer loop
    vertex 584.0030219210093 122.52512908067916 2.8199664825478975e-15
    vertex 584.4689477472984 135.26631003557665 -2.8199664825478975e-15
    vertex 584.102922343514 122.76631003557665 3.3839597790574766e-14
  endloop
endfacet
facet normal 0.0 5.5511151231257815e-17 -1.0
  outer loop
    vertex 584.102922343514 122.76631003557665 3.3839597790574766e-14
    vertex 584.4689477472984 135.26631003557665 -2.8199664825478975e-15
    vertex 584.2618409661119 122.97341681676322 -2.8199664825478975e-15
  endloop
endfacet
facet normal 0.0 5.5511151231257815e-17 -1.0
  outer loop
    vertex 586.9689477472984 137.76631003557662 5.639932965095795e-15
    vertex 612.8689477472984 139.3663100355766 3.666511538824579e-14
    vertex 587.6159953600547 137.6811246012993 1.127986593019159e-14
  endloop
endfacet
facet normal 0.0 5.5511151231257815e-17 -1.0
  outer loop
    vertex 587.6159953600547 137.6811246012993 1.127986593019159e-14
    vertex 612.8689477472984 139.3663100355766 3.666511538824579e-14
    vertex 588.2189477472983 137.4313735450377 1.127986593019159e-14
  endloop
endfacet
facet normal 0.0 5.5511151231257815e-17 -1.0
  outer loop
    vertex 588.2189477472983 137.4313735450377 1.127986593019159e-14
    vertex 612.8689477472984 139.3663100355766 3.666511538824579e-14
    vertex 588.7367147002648 137.034076988543 -8.459899447643692e-15
  endloop
endfacet
facet normal 0.0 5.5511151231257815e-17 -1.0
  outer loop
    vertex 588.7367147002648 137.034076988543 -8.459899447643692e-15
    vertex 612.8689477472984 139.3663100355766 3.666511538824579e-14
    vertex 589.1340112567595 136.51631003557665 -8.459899447643692e-15
  endloop
endfacet
facet normal 0.0 5.5511151231257815e-17 -1.0
  outer loop
    vertex 589.1340112567595 136.51631003557665 -8.459899447643692e-15
    vertex 612.8689477472984 139.3663100355766 3.666511538824579e-14
    vertex 589.3837623130211 135.91335764833295 0.0
  endloop
endfacet
facet normal 0.0 5.5511151231257815e-17 -1.0
  outer loop
    vertex 589.3837623130211 135.91335764833295 0.0
    vertex 612.8689477472984 139.3663100355766 3.666511538824579e-14
    vertex 589.4689477472984 135.26631003557665 -2.8199664825478975e-15
  endloop
endfacet
facet normal 0.0 5.5511151231257815e-17 -1.0
  outer loop
    vertex 589.4689477472984 135.26631003557665 -2.8199664825478975e-15
    vertex 612.8689477472984 139.3663100355766 3.666511538824579e-14
    vertex 604.4689477472984 127.26631003557662 2.8199664825478975e-15
  endloop
endfacet
facet normal 0.0 5.5511151231257815e-17 -1.0
  outer loop
    vertex 604.4689477472984 127.26631003557662 2.8199664825478975e-15
    vertex 612.8689477472984 139.3663100355766 3.666511538824579e-14
    vertex 604.4689477472984 122.26631003557664 1.4099832412739488e-14
  endloop
endfacet
facet normal 0.0 5.5511151231257815e-17 -1.0
  outer loop
    vertex 604.4689477472984 122.26631003557664 1.4099832412739488e-14
    vertex 612.8689477472984 139.3663100355766 3.666511538824579e-14
    vertex 607.5370960947203 118.28394812578159 -8.459899447643692e-15
  endloop
endfacet
facet normal 0.0 5.5511151231257815e-17 -1.0
  outer loop
    vertex 604.4689477472984 122.26631003557664 1.4099832412739488e-14
    vertex 607.5370960947203 118.28394812578159 -8.459899447643692e-15
    vertex 607.4689477472983 117.76631003557652 2.5379698342931078e-14
  endloop
endfacet
facet normal 0.0 5.5511151231257815e-17 -1.0
  outer loop
    vertex 604.4689477472984 122.26631003557664 1.4099832412739488e-14
    vertex 607.4689477472983 117.76631003557652 2.5379698342931078e-14
    vertex 606.9689477472984 94.76631003557665 1.127986593019159e-14
  endloop
endfacet
facet normal 0.0 5.5511151231257815e-17 -1.0
  outer loop
    vertex 607.5370960947203 118.28394812578159 -8.459899447643692e-15
    vertex 612.8689477472984 139.3663100355766 3.666511538824579e-14
    vertex 607.7368969397295 118.76631003557657 2.8199664825478975e-15
  endloop
endfacet
facet normal 0.0 5.5511151231257815e-17 -1.0
  outer loop
    vertex 607.7368969397295 118.76631003557657 2.8199664825478975e-15
    vertex 612.8689477472984 139.3663100355766 3.666511538824579e-14
    vertex 608.0547341849252 119.18052359794963 -2.8199664825478975e-15
  endloop
endfacet
facet normal 0.0 5.5511151231257815e-17 -1.0
  outer loop
    vertex 608.0547341849252 119.18052359794963 -2.8199664825478975e-15
    vertex 612.8689477472984 139.3663100355766 3.666511538824579e-14
    vertex 608.4689477472983 119.49836084314539 -1.4099832412739488e-14
  endloop
endfacet
facet normal 0.0 5.5511151231257815e-17 -1.0
  outer loop
    vertex 608.4689477472983 119.49836084314539 -1.4099832412739488e-14
    vertex 612.8689477472984 139.3663100355766 3.666511538824579e-14
    vertex 608.9513096570934 119.6981616881547 8.459899447643692e-15
  endloop
endfacet
facet normal 0.0 5.5511151231257815e-17 -1.0
  outer loop
    vertex 608.9513096570934 119.6981616881547 8.459899447643692e-15
    vertex 612.8689477472984 139.3663100355766 3.666511538824579e-14
    vertex 609.4689477472984 119.76631003557657 -1.127986593019159e-14
  endloop
endfacet
facet normal 0.0 5.5511151231257815e-17 -1.0
  outer loop
    vertex 609.4689477472984 119.76631003557657 -1.127986593019159e-14
    vertex 612.8689477472984 139.3663100355766 3.666511538824579e-14
    vertex 609.9865858375034 119.6981616881547 8.459899447643692e-15
  endloop
endfacet
facet normal 0.0 5.5511151231257815e-17 -1.0
  outer loop
    vertex 609.9865858375034 119.6981616881547 8.459899447643692e-15
    vertex 612.8689477472984 139.3663100355766 3.666511538824579e-14
    vertex 610.4689477472983 119.49836084314539 -1.4099832412739488e-14
  endloop
endfacet
facet normal 0.0 5.5511151231257815e-17 -1.0
  outer loop
    vertex 610.4689477472983 119.49836084314539 -1.4099832412739488e-14
    vertex 612.8689477472984 139.3663100355766 3.666511538824579e-14
    vertex 610.8831613096714 119.18052359794963 -2.8199664825478975e-15
  endloop
endfacet
facet normal 0.0 5.5511151231257815e-17 -1.0
  outer loop
    vertex 610.8831613096714 119.18052359794963 -2.8199664825478975e-15
    vertex 612.8689477472984 139.3663100355766 3.666511538824579e-14
    vertex 611.2009985548672 118.76631003557657 2.8199664825478975e-15
  endloop
endfacet
facet normal 0.0 5.5511151231257815e-17 -1.0
  outer loop
    vertex 611.2009985548672 118.76631003557657 2.8199664825478975e-15
    vertex 612.8689477472984 139.3663100355766 3.666511538824579e-14
    vertex 611.4007993998765 118.28394812578159 -8.459899447643692e-15
  endloop
endfacet
facet normal 0.0 5.5511151231257815e-17 -1.0
  outer loop
    vertex 611.4007993998765 118.28394812578159 -8.459899447643692e-15
    vertex 612.8689477472984 139.3663100355766 3.666511538824579e-14
    vertex 611.4689477472983 117.76631003557652 2.5379698342931078e-14
  endloop
endfacet
facet normal 0.0 5.5511151231257815e-17 -1.0
  outer loop
    vertex 612.8689477472984 139.3663100355766 3.666511538824579e-14
    vertex 646.9689477472984 140.2663100355766 0.0
    vertex 616.0689477472984 139.3663100355766 3.666511538824579e-14
  endloop
endfacet
facet normal 0.0 5.5511151231257815e-17 -1.0
  outer loop
    vertex 616.0689477472984 139.3663100355766 3.666511538824579e-14
    vertex 646.9689477472984 140.2663100355766 0.0
    vertex 616.0689477472984 129.16631003557663 -5.64548408021892e-15
  endloop
endfacet
facet normal 0.0 5.5511151231257815e-17 -1.0
  outer loop
    vertex 616.0689477472984 129.16631003557663 -5.64548408021892e-15
    vertex 646.9689477472984 140.2663100355766 0.0
    vertex 640.7189477472984 137.4313735450377 1.127986593019159e-14
  endloop
endfacet
facet normal 0.0 5.5511151231257815e-17 -1.0
  outer loop
    vertex 616.0689477472984 129.16631003557663 -5.64548408021892e-15
    vertex 640.7189477472984 137.4313735450377 1.127986593019159e-14
    vertex 624.4689477472984 127.26631003557662 2.8199664825478975e-15
  endloop
endfacet
facet normal 0.0 5.5511151231257815e-17 -1.0
  outer loop
    vertex 616.0689477472984 129.16631003557663 -5.64548408021892e-15
    vertex 624.4689477472984 127.26631003557662 2.8199664825478975e-15
    vertex 618.0547341849253 119.18052359794963 2.8199664825478976e-14
  endloop
endfacet
facet normal 0.0 5.5511151231257815e-17 -1.0
  outer loop
    vertex 616.0689477472984 129.16631003557663 -5.64548408021892e-15
    vertex 618.0547341849253 119.18052359794963 2.8199664825478976e-14
    vertex 617.7368969397296 118.76631003557657 2.8199664825478975e-15
  endloop
endfacet
facet normal 0.0 5.5511151231257815e-17 -1.0
  outer loop
    vertex 616.0689477472984 129.16631003557663 -5.64548408021892e-15
    vertex 617.7368969397296 118.76631003557657 2.8199664825478975e-15
    vertex 617.5370960947204 118.28394812578159 -8.459899447643692e-15
  endloop
endfacet
facet normal 0.0 5.5511151231257815e-17 -1.0
  outer loop
    vertex 616.0689477472984 129.16631003557663 -5.64548408021892e-15
    vertex 617.5370960947204 118.28394812578159 -8.459899447643692e-15
    vertex 617.4689477472984 117.76631003557652 2.5379698342931078e-14
  endloop
endfacet
facet normal 0.0 5.5511151231257815e-17 -1.0
  outer loop
    vertex 616.0689477472984 129.16631003557663 -5.64548408021892e-15
    vertex 617.4689477472984 117.76631003557652 2.5379698342931078e-14
    vertex 617.3689477472984 105.76631003557655 8.459899447643692e-15
  endloop
endfacet
facet normal 0.0 5.5511151231257815e-17 -1.0
  outer loop
    vertex 617.3689477472984 105.76631003557655 8.459899447643692e-15
    vertex 617.4689477472984 117.76631003557652 2.5379698342931078e-14
    vertex 617.4405035120914 106.30983003029186 -1.4099832412739488e-14
  endloop
endfacet
facet normal 0.0 5.5511151231257815e-17 -1.0
  outer loop
    vertex 618.0547341849253 119.18052359794963 2.8199664825478976e-14
    vertex 624.4689477472984 127.26631003557662 2.8199664825478975e-15
    vertex 618.4689477472986 119.49836084314539 -1.4099832412739488e-14
  endloop
endfacet
facet normal 0.0 5.5511151231257815e-17 -1.0
  outer loop
    vertex 618.4689477472986 119.49836084314539 -1.4099832412739488e-14
    vertex 624.4689477472984 127.26631003557662 2.8199664825478975e-15
    vertex 618.9513096570934 119.6981616881547 8.459899447643692e-15
  endloop
endfacet
facet normal 0.0 5.5511151231257815e-17 -1.0
  outer loop
    vertex 618.9513096570934 119.6981616881547 8.459899447643692e-15
    vertex 624.4689477472984 127.26631003557662 2.8199664825478975e-15
    vertex 619.4689477472984 119.76631003557657 -2.8199664825478975e-15
  endloop
endfacet
facet normal 0.0 5.5511151231257815e-17 -1.0
  outer loop
    vertex 619.4689477472984 119.76631003557657 -2.8199664825478975e-15
    vertex 624.4689477472984 127.26631003557662 2.8199664825478975e-15
    vertex 619.9865858375035 119.6981616881547 8.459899447643692e-15
  endloop
endfacet
facet normal 0.0 5.5511151231257815e-17 -1.0
  outer loop
    vertex 619.9865858375035 119.6981616881547 8.459899447643692e-15
    vertex 624.4689477472984 127.26631003557662 2.8199664825478975e-15
    vertex 620.4689477472984 119.49836084314539 -1.4099832412739488e-14
  endloop
endfacet
facet normal 0.0 5.5511151231257815e-17 -1.0
  outer loop
    vertex 620.4689477472984 119.49836084314539 -1.4099832412739488e-14
    vertex 624.4689477472984 127.26631003557662 2.8199664825478975e-15
    vertex 620.8831613096716 119.18052359794963 2.8199664825478976e-14
  endloop
endfacet
facet normal 0.0 5.5511151231257815e-17 -1.0
  outer loop
    vertex 620.8831613096716 119.18052359794963 2.8199664825478976e-14
    vertex 624.4689477472984 127.26631003557662 2.8199664825478975e-15
    vertex 621.2009985548673 118.76631003557657 2.8199664825478975e-15
  endloop
endfacet
facet normal 0.0 5.5511151231257815e-17 -1.0
  outer loop
    vertex 621.2009985548673 118.76631003557657 2.8199664825478975e-15
    vertex 624.4689477472984 127.26631003557662 2.8199664825478975e-15
    vertex 621.4007993998765 118.28394812578159 -8.459899447643692e-15
  endloop
endfacet
facet normal 0.0 5.5511151231257815e-17 -1.0
  outer loop
    vertex 621.4007993998765 118.28394812578159 -8.459899447643692e-15
    vertex 624.4689477472984 127.26631003557662 2.8199664825478975e-15
    vertex 621.4689477472984 117.76631003557652 2.5379698342931078e-14
  endloop
endfacet
facet normal 0.0 5.5511151231257815e-17 -1.0
  outer loop
    vertex 621.4689477472984 117.76631003557652 2.5379698342931078e-14
    vertex 624.4689477472984 127.26631003557662 2.8199664825478975e-15
    vertex 621.4973919825055 106.30983003029186 -1.4099832412739488e-14
  endloop
endfacet
facet normal 0.0 5.5511151231257815e-17 -1.0
  outer loop
    vertex 621.4973919825055 106.30983003029186 -1.4099832412739488e-14
    vertex 624.4689477472984 127.26631003557662 2.8199664825478975e-15
    vertex 621.5689477472986 105.76631003557655 8.459899447643692e-15
  endloop
endfacet
facet normal 0.0 5.5511151231257815e-17 -1.0
  outer loop
    vertex 621.5689477472986 105.76631003557655 8.459899447643692e-15
    vertex 624.4689477472984 127.26631003557662 2.8199664825478975e-15
    vertex 621.9689477472984 94.76631003557665 1.127986593019159e-14
  endloop
endfacet
facet normal 0.0 5.5511151231257815e-17 -1.0
  outer loop
    vertex 624.4689477472984 127.26631003557662 2.8199664825478975e-15
    vertex 640.7189477472984 137.4313735450377 1.127986593019159e-14
    vertex 640.201180794332 137.034076988543 -8.459899447643692e-15
  endloop
endfacet
facet normal 0.0 5.5511151231257815e-17 -1.0
  outer loop
    vertex 624.4689477472984 127.26631003557662 2.8199664825478975e-15
    vertex 640.201180794332 137.034076988543 -8.459899447643692e-15
    vertex 639.8038842378373 136.51631003557665 -3.665956427312267e-14
  endloop
endfacet
facet normal 0.0 5.5511151231257815e-17 -1.0
  outer loop
    vertex 624.4689477472984 127.26631003557662 2.8199664825478975e-15
    vertex 639.8038842378373 136.51631003557665 -3.665956427312267e-14
    vertex 639.5541331815757 135.91335764833295 0.0
  endloop
endfacet
facet normal 0.0 5.5511151231257815e-17 -1.0
  outer loop
    vertex 624.4689477472984 127.26631003557662 2.8199664825478975e-15
    vertex 639.5541331815757 135.91335764833295 0.0
    vertex 639.4689477472984 135.26631003557665 -2.8199664825478975e-15
  endloop
endfacet
facet normal 0.0 5.5511151231257815e-17 -1.0
  outer loop
    vertex 640.7189477472984 137.4313735450377 1.127986593019159e-14
    vertex 646.9689477472984 140.2663100355766 0.0
    vertex 641.321900134542 137.6811246012993 1.127986593019159e-14
  endloop
endfacet
facet normal 0.0 5.5511151231257815e-17 -1.0
  outer loop
    vertex 641.321900134542 137.6811246012993 1.127986593019159e-14
    vertex 646.9689477472984 140.2663100355766 0.0
    vertex 641.9689477472984 137.76631003557662 5.639932965095795e-15
  endloop
endfacet
facet normal 0.0 5.5511151231257815e-17 -1.0
  outer loop
    vertex 641.9689477472984 137.76631003557662 5.639932965095795e-15
    vertex 646.9689477472984 140.2663100355766 0.0
    vertex 642.6159953600547 137.6811246012993 1.127986593019159e-14
  endloop
endfacet
facet normal 0.0 5.5511151231257815e-17 -1.0
  outer loop
    vertex 642.6159953600547 137.6811246012993 1.127986593019159e-14
    vertex 646.9689477472984 140.2663100355766 0.0
    vertex 643.2189477472984 137.4313735450377 1.127986593019159e-14
  endloop
endfacet
facet normal 0.0 5.5511151231257815e-17 -1.0
  outer loop
    vertex 643.2189477472984 137.4313735450377 1.127986593019159e-14
    vertex 646.9689477472984 140.2663100355766 0.0
    vertex 643.7367147002648 137.034076988543 -8.459899447643692e-15
  endloop
endfacet
facet normal 0.0 5.5511151231257815e-17 -1.0
  outer loop
    vertex 643.7367147002648 137.034076988543 -8.459899447643692e-15
    vertex 646.9689477472984 140.2663100355766 0.0
    vertex 644.1340112567594 136.51631003557665 -8.459899447643692e-15
  endloop
endfacet
facet normal 0.0 5.5511151231257815e-17 -1.0
  outer loop
    vertex 644.1340112567594 136.51631003557665 -8.459899447643692e-15
    vertex 646.9689477472984 140.2663100355766 0.0
    vertex 644.3837623130211 135.91335764833295 0.0
  endloop
endfacet
facet normal 0.0 5.5511151231257815e-17 -1.0
  outer loop
    vertex 644.3837623130211 135.91335764833295 0.0
    vertex 646.9689477472984 140.2663100355766 0.0
    vertex 644.4689477472983 135.26631003557665 -2.8199664825478975e-15
  endloop
endfacet
facet normal 0.0 5.5511151231257815e-17 -1.0
  outer loop
    vertex 644.4689477472983 135.26631003557665 -2.8199664825478975e-15
    vertex 646.9689477472984 140.2663100355766 0.0
    vertex 644.4689477472983 123.13233543936106 1.127986593019159e-14
  endloop
endfacet
facet normal 0.0 5.5511151231257815e-17 -1.0
  outer loop
    vertex 644.4689477472983 123.13233543936106 1.127986593019159e-14
    vertex 646.9689477472984 140.2663100355766 0.0
    vertex 644.676054528485 122.97341681676322 -2.8199664825478975e-15
  endloop
endfacet
facet normal 0.0 5.5511151231257815e-17 -1.0
  outer loop
    vertex 644.676054528485 122.97341681676322 -2.8199664825478975e-15
    vertex 646.9689477472984 140.2663100355766 0.0
    vertex 644.8349731510829 122.76631003557665 3.3839597790574766e-14
  endloop
endfacet
facet normal 0.0 5.5511151231257815e-17 -1.0
  outer loop
    vertex 644.8349731510829 122.76631003557665 3.3839597790574766e-14
    vertex 646.9689477472984 140.2663100355766 0.0
    vertex 644.9348735735874 122.52512908067916 2.8199664825478975e-15
  endloop
endfacet
facet normal 0.0 5.5511151231257815e-17 -1.0
  outer loop
    vertex 644.9348735735874 122.52512908067916 2.8199664825478975e-15
    vertex 646.9689477472984 140.2663100355766 0.0
    vertex 644.9689477472984 122.26631003557664 1.4099832412739488e-14
  endloop
endfacet
facet normal 0.0 5.5511151231257815e-17 -1.0
  outer loop
    vertex 640.9689477472984 35.26631003557665 1.4099832412739488e-14
    vertex 641.1924906119909 32.36853255670943 -3.3839597790574766e-14
    vertex 640.4689477472983 32.66823382422333 -2.8199664825478975e-15
  endloop
endfacet
facet normal 0.0 5.5511151231257815e-17 -1.0
  outer loop
    vertex 641.1924906119909 32.36853255670943 -3.3839597790574766e-14
    vertex 640.9689477472984 35.26631003557665 1.4099832412739488e-14
    vertex 641.0030219210093 35.007490990474125 2.8199664825478975e-15
  endloop
endfacet
facet normal 0.0 5.5511151231257815e-17 -1.0
  outer loop
    vertex 641.1924906119909 32.36853255670943 -3.3839597790574766e-14
    vertex 641.0030219210093 35.007490990474125 2.8199664825478975e-15
    vertex 641.102922343514 34.76631003557664 -3.101963130802687e-14
  endloop
endfacet
facet normal 0.0 5.5511151231257815e-17 -1.0
  outer loop
    vertex 641.1924906119909 32.36853255670943 -3.3839597790574766e-14
    vertex 641.102922343514 34.76631003557664 -3.101963130802687e-14
    vertex 641.2618409661119 34.559203254390084 -8.459899447643692e-15
  endloop
endfacet
facet normal 0.0 5.5511151231257815e-17 -1.0
  outer loop
    vertex 641.1924906119909 32.36853255670943 -3.3839597790574766e-14
    vertex 641.2618409661119 34.559203254390084 -8.459899447643692e-15
    vertex 641.9689477472984 32.26631003557665 -1.973976537783528e-14
  endloop
endfacet
facet normal 0.0 5.5511151231257815e-17 -1.0
  outer loop
    vertex 641.9689477472984 32.26631003557665 -1.973976537783528e-14
    vertex 641.2618409661119 34.559203254390084 -8.459899447643692e-15
    vertex 641.4689477472984 34.40028463179222 2.8199664825478975e-15
  endloop
endfacet
facet normal 0.0 5.5511151231257815e-17 -1.0
  outer loop
    vertex 641.9689477472984 32.26631003557665 -1.973976537783528e-14
    vertex 641.4689477472984 34.40028463179222 2.8199664825478975e-15
    vertex 641.7101287021959 34.300384209287586 2.8199664825478975e-15
  endloop
endfacet
facet normal 0.0 5.5511151231257815e-17 -1.0
  outer loop
    vertex 641.9689477472984 32.26631003557665 -1.973976537783528e-14
    vertex 641.7101287021959 34.300384209287586 2.8199664825478975e-15
    vertex 641.9689477472984 34.266310035576645 -1.973976537783528e-14
  endloop
endfacet
facet normal 0.0 5.5511151231257815e-17 -1.0
  outer loop
    vertex 641.9689477472984 32.26631003557665 -1.973976537783528e-14
    vertex 641.9689477472984 34.266310035576645 -1.973976537783528e-14
    vertex 642.227766792401 34.300384209287586 2.8199664825478975e-15
  endloop
endfacet
facet normal 0.0 5.5511151231257815e-17 -1.0
  outer loop
    vertex 641.9689477472984 32.26631003557665 -1.973976537783528e-14
    vertex 642.227766792401 34.300384209287586 2.8199664825478975e-15
    vertex 641.9689477472984 30.266310035576634 -2.8199664825478975e-15
  endloop
endfacet
facet normal 0.0 5.5511151231257815e-17 -1.0
  outer loop
    vertex 641.9689477472984 30.266310035576634 -2.8199664825478975e-15
    vertex 642.227766792401 34.300384209287586 2.8199664825478975e-15
    vertex 646.9689477472984 30.266310035576634 -2.8199664825478975e-15
  endloop
endfacet
facet normal 0.0 5.5511151231257815e-17 -1.0
  outer loop
    vertex 646.9689477472984 30.266310035576634 -2.8199664825478975e-15
    vertex 642.227766792401 34.300384209287586 2.8199664825478975e-15
    vertex 642.4689477472983 34.40028463179222 2.8199664825478975e-15
  endloop
endfacet
facet normal 0.0 5.5511151231257815e-17 -1.0
  outer loop
    vertex 646.9689477472984 30.266310035576634 -2.8199664825478975e-15
    vertex 642.4689477472983 34.40028463179222 2.8199664825478975e-15
    vertex 642.676054528485 34.559203254390084 -8.459899447643692e-15
  endloop
endfacet
facet normal 0.0 5.5511151231257815e-17 -1.0
  outer loop
    vertex 646.9689477472984 30.266310035576634 -2.8199664825478975e-15
    vertex 642.676054528485 34.559203254390084 -8.459899447643692e-15
    vertex 642.8349731510829 34.76631003557664 -3.101963130802687e-14
  endloop
endfacet
facet normal 0.0 5.5511151231257815e-17 -1.0
  outer loop
    vertex 646.9689477472984 30.266310035576634 -2.8199664825478975e-15
    vertex 642.8349731510829 34.76631003557664 -3.101963130802687e-14
    vertex 642.9348735735874 35.007490990474125 2.8199664825478975e-15
  endloop
endfacet
facet normal 0.0 5.5511151231257815e-17 -1.0
  outer loop
    vertex 646.9689477472984 30.266310035576634 -2.8199664825478975e-15
    vertex 642.9348735735874 35.007490990474125 2.8199664825478975e-15
    vertex 642.9689477472984 35.26631003557665 1.4099832412739488e-14
  endloop
endfacet
facet normal 0.0 5.5511151231257815e-17 -1.0
  outer loop
    vertex 646.9689477472984 30.266310035576634 -2.8199664825478975e-15
    vertex 642.9689477472984 35.26631003557665 1.4099832412739488e-14
    vertex 643.176054528485 82.5592032543901 0.0
  endloop
endfacet
facet normal 0.0 5.5511151231257815e-17 -1.0
  outer loop
    vertex 646.9689477472984 30.266310035576634 -2.8199664825478975e-15
    vertex 643.176054528485 82.5592032543901 0.0
    vertex 643.3349731510829 82.76631003557665 5.639932965095795e-15
  endloop
endfacet
facet normal 0.0 5.5511151231257815e-17 -1.0
  outer loop
    vertex 646.9689477472984 30.266310035576634 -2.8199664825478975e-15
    vertex 643.3349731510829 82.76631003557665 5.639932965095795e-15
    vertex 643.4348735735875 83.0074909904741 -8.459899447643692e-15
  endloop
endfacet
facet normal 0.0 5.5511151231257815e-17 -1.0
  outer loop
    vertex 646.9689477472984 30.266310035576634 -2.8199664825478975e-15
    vertex 643.4348735735875 83.0074909904741 -8.459899447643692e-15
    vertex 643.4689477472984 83.26631003557665 1.4099832412739488e-14
  endloop
endfacet
facet normal 0.0 5.5511151231257815e-17 -1.0
  outer loop
    vertex 646.9689477472984 30.266310035576634 -2.8199664825478975e-15
    vertex 643.4689477472984 83.26631003557665 1.4099832412739488e-14
    vertex 643.9689477472984 119.2663100355766 8.459899447643692e-15
  endloop
endfacet
facet normal 0.0 5.5511151231257815e-17 -1.0
  outer loop
    vertex 646.9689477472984 30.266310035576634 -2.8199664825478975e-15
    vertex 643.9689477472984 119.2663100355766 8.459899447643692e-15
    vertex 644.227766792401 121.30038420928754 -2.8199664825478975e-15
  endloop
endfacet
facet normal 0.0 5.5511151231257815e-17 -1.0
  outer loop
    vertex 646.9689477472984 30.266310035576634 -2.8199664825478975e-15
    vertex 644.227766792401 121.30038420928754 -2.8199664825478975e-15
    vertex 644.4689477472983 121.40028463179215 1.4099832412739488e-14
  endloop
endfacet
facet normal 0.0 5.5511151231257815e-17 -1.0
  outer loop
    vertex 646.9689477472984 30.266310035576634 -2.8199664825478975e-15
    vertex 644.4689477472983 121.40028463179215 1.4099832412739488e-14
    vertex 644.676054528485 121.55920325439008 -2.8199664825478975e-15
  endloop
endfacet
facet normal 0.0 5.5511151231257815e-17 -1.0
  outer loop
    vertex 646.9689477472984 30.266310035576634 -2.8199664825478975e-15
    vertex 644.676054528485 121.55920325439008 -2.8199664825478975e-15
    vertex 644.8349731510829 121.76631003557665 2.8199664825478975e-15
  endloop
endfacet
facet normal 0.0 5.5511151231257815e-17 -1.0
  outer loop
    vertex 646.9689477472984 30.266310035576634 -2.8199664825478975e-15
    vertex 644.8349731510829 121.76631003557665 2.8199664825478975e-15
    vertex 644.9348735735874 122.0074909904741 -8.459899447643692e-15
  endloop
endfacet
facet normal 0.0 5.5511151231257815e-17 -1.0
  outer loop
    vertex 646.9689477472984 30.266310035576634 -2.8199664825478975e-15
    vertex 644.9348735735874 122.0074909904741 -8.459899447643692e-15
    vertex 644.9689477472984 122.26631003557664 1.4099832412739488e-14
  endloop
endfacet
facet normal 0.0 5.5511151231257815e-17 -1.0
  outer loop
    vertex 646.9689477472984 30.266310035576634 -2.8199664825478975e-15
    vertex 644.9689477472984 122.26631003557664 1.4099832412739488e-14
    vertex 646.9689477472984 140.2663100355766 0.0
  endloop
endfacet
facet normal 0.0 5.5511151231257815e-17 -1.0
  outer loop
    vertex 643.2189477472984 133.10124652611555 -3.101963130802687e-14
    vertex 642.9689477472984 122.26631003557664 1.4099832412739488e-14
    vertex 642.6159953600547 132.85149546985392 2.8199664825478975e-15
  endloop
endfacet
facet normal 0.0 5.5511151231257815e-17 -1.0
  outer loop
    vertex 642.9689477472984 122.26631003557664 1.4099832412739488e-14
    vertex 643.2189477472984 133.10124652611555 -3.101963130802687e-14
    vertex 643.0030219210093 122.52512908067916 -1.4099832412739488e-14
  endloop
endfacet
facet normal 0.0 5.5511151231257815e-17 -1.0
  outer loop
    vertex 643.0030219210093 122.52512908067916 -1.4099832412739488e-14
    vertex 643.2189477472984 133.10124652611555 -3.101963130802687e-14
    vertex 643.102922343514 122.76631003557665 3.3839597790574766e-14
  endloop
endfacet
facet normal 0.0 5.5511151231257815e-17 -1.0
  outer loop
    vertex 643.102922343514 122.76631003557665 3.3839597790574766e-14
    vertex 643.2189477472984 133.10124652611555 -3.101963130802687e-14
    vertex 643.2618409661119 122.97341681676322 -2.8199664825478975e-15
  endloop
endfacet
facet normal 0.0 5.5511151231257815e-17 -1.0
  outer loop
    vertex 643.2618409661119 122.97341681676322 -2.8199664825478975e-15
    vertex 643.2189477472984 133.10124652611555 -3.101963130802687e-14
    vertex 643.7367147002648 133.49854308261027 0.0
  endloop
endfacet
facet normal 0.0 5.5511151231257815e-17 -1.0
  outer loop
    vertex 643.2618409661119 122.97341681676322 -2.8199664825478975e-15
    vertex 643.7367147002648 133.49854308261027 0.0
    vertex 643.4689477472984 123.13233543936106 1.127986593019159e-14
  endloop
endfacet
facet normal 0.0 5.5511151231257815e-17 -1.0
  outer loop
    vertex 643.4689477472984 123.13233543936106 1.127986593019159e-14
    vertex 643.7367147002648 133.49854308261027 0.0
    vertex 643.7101287021959 123.23223586186568 -2.8199664825478975e-15
  endloop
endfacet
facet normal 0.0 5.5511151231257815e-17 -1.0
  outer loop
    vertex 643.7101287021959 123.23223586186568 -2.8199664825478975e-15
    vertex 643.7367147002648 133.49854308261027 0.0
    vertex 643.9689477472984 123.26631003557662 1.4099832412739488e-14
  endloop
endfacet
facet normal 0.0 5.5511151231257815e-17 -1.0
  outer loop
    vertex 643.9689477472984 123.26631003557662 1.4099832412739488e-14
    vertex 643.7367147002648 133.49854308261027 0.0
    vertex 644.1340112567594 134.01631003557657 2.8199664825478976e-14
  endloop
endfacet
facet normal 0.0 5.5511151231257815e-17 -1.0
  outer loop
    vertex 643.9689477472984 123.26631003557662 1.4099832412739488e-14
    vertex 644.1340112567594 134.01631003557657 2.8199664825478976e-14
    vertex 644.227766792401 123.23223586186568 -2.8199664825478975e-15
  endloop
endfacet
facet normal 0.0 5.5511151231257815e-17 -1.0
  outer loop
    vertex 644.227766792401 123.23223586186568 -2.8199664825478975e-15
    vertex 644.1340112567594 134.01631003557657 2.8199664825478976e-14
    vertex 644.3837623130211 134.61926242282027 2.8199664825478975e-15
  endloop
endfacet
facet normal 0.0 5.5511151231257815e-17 -1.0
  outer loop
    vertex 644.227766792401 123.23223586186568 -2.8199664825478975e-15
    vertex 644.3837623130211 134.61926242282027 2.8199664825478975e-15
    vertex 644.4689477472983 123.13233543936106 1.127986593019159e-14
  endloop
endfacet
facet normal 0.0 5.5511151231257815e-17 -1.0
  outer loop
    vertex 644.4689477472983 123.13233543936106 1.127986593019159e-14
    vertex 644.3837623130211 134.61926242282027 2.8199664825478975e-15
    vertex 644.4689477472983 135.26631003557665 -2.8199664825478975e-15
  endloop
endfacet
facet normal 0.0 5.5511151231257815e-17 -1.0
  outer loop
    vertex 640.9689477472984 61.26631003557664 2.8199664825478975e-15
    vertex 641.1924906119909 58.368532556709404 -2.8199664825478975e-15
    vertex 640.4689477472983 58.66823382422331 -2.8199664825478975e-15
  endloop
endfacet
facet normal 0.0 5.5511151231257815e-17 -1.0
  outer loop
    vertex 641.1924906119909 58.368532556709404 -2.8199664825478975e-15
    vertex 640.9689477472984 61.26631003557664 2.8199664825478975e-15
    vertex 641.0030219210093 61.00749099047413 1.6919798895287383e-14
  endloop
endfacet
facet normal 0.0 5.5511151231257815e-17 -1.0
  outer loop
    vertex 641.1924906119909 58.368532556709404 -2.8199664825478975e-15
    vertex 641.0030219210093 61.00749099047413 1.6919798895287383e-14
    vertex 641.102922343514 60.76631003557665 0.0
  endloop
endfacet
facet normal 0.0 5.5511151231257815e-17 -1.0
  outer loop
    vertex 641.1924906119909 58.368532556709404 -2.8199664825478975e-15
    vertex 641.102922343514 60.76631003557665 0.0
    vertex 641.2618409661119 60.55920325439008 -2.8199664825478975e-15
  endloop
endfacet
facet normal 0.0 5.5511151231257815e-17 -1.0
  outer loop
    vertex 641.1924906119909 58.368532556709404 -2.8199664825478975e-15
    vertex 641.2618409661119 60.55920325439008 -2.8199664825478975e-15
    vertex 641.9689477472984 58.26631003557664 2.8199664825478975e-15
  endloop
endfacet
facet normal 0.0 5.5511151231257815e-17 -1.0
  outer loop
    vertex 641.9689477472984 58.26631003557664 2.8199664825478975e-15
    vertex 641.2618409661119 60.55920325439008 -2.8199664825478975e-15
    vertex 641.4689477472984 60.40028463179222 -1.127986593019159e-14
  endloop
endfacet
facet normal 0.0 5.5511151231257815e-17 -1.0
  outer loop
    vertex 641.9689477472984 58.26631003557664 2.8199664825478975e-15
    vertex 641.4689477472984 60.40028463179222 -1.127986593019159e-14
    vertex 641.7101287021959 60.30038420928759 0.0
  endloop
endfacet
facet normal 0.0 5.5511151231257815e-17 -1.0
  outer loop
    vertex 641.9689477472984 58.26631003557664 2.8199664825478975e-15
    vertex 641.7101287021959 60.30038420928759 0.0
    vertex 641.9689477472984 60.266310035576666 1.4099832412739488e-14
  endloop
endfacet
facet normal 0.0 5.5511151231257815e-17 -1.0
  outer loop
    vertex 641.9689477472984 58.26631003557664 2.8199664825478975e-15
    vertex 641.9689477472984 60.266310035576666 1.4099832412739488e-14
    vertex 642.227766792401 60.30038420928759 0.0
  endloop
endfacet
facet normal 0.0 5.5511151231257815e-17 -1.0
  outer loop
    vertex 641.9689477472984 58.26631003557664 2.8199664825478975e-15
    vertex 642.227766792401 60.30038420928759 0.0
    vertex 641.9689477472984 38.26631003557663 -1.973976537783528e-14
  endloop
endfacet
facet normal 0.0 5.5511151231257815e-17 -1.0
  outer loop
    vertex 641.9689477472984 38.26631003557663 -1.973976537783528e-14
    vertex 642.227766792401 60.30038420928759 0.0
    vertex 641.9689477472984 36.26631003557665 -8.459899447643692e-15
  endloop
endfacet
facet normal 0.0 5.5511151231257815e-17 -1.0
  outer loop
    vertex 641.9689477472984 36.26631003557665 -8.459899447643692e-15
    vertex 642.227766792401 60.30038420928759 0.0
    vertex 642.227766792401 36.23223586186572 0.0
  endloop
endfacet
facet normal 0.0 5.5511151231257815e-17 -1.0
  outer loop
    vertex 642.227766792401 36.23223586186572 0.0
    vertex 642.227766792401 60.30038420928759 0.0
    vertex 642.4689477472983 60.40028463179222 -1.127986593019159e-14
  endloop
endfacet
facet normal 0.0 5.5511151231257815e-17 -1.0
  outer loop
    vertex 642.227766792401 36.23223586186572 0.0
    vertex 642.4689477472983 60.40028463179222 -1.127986593019159e-14
    vertex 642.4689477472983 36.13233543936109 5.357936316841005e-14
  endloop
endfacet
facet normal 0.0 5.5511151231257815e-17 -1.0
  outer loop
    vertex 642.4689477472983 36.13233543936109 5.357936316841005e-14
    vertex 642.4689477472983 60.40028463179222 -1.127986593019159e-14
    vertex 642.676054528485 60.55920325439008 -2.8199664825478975e-15
  endloop
endfacet
facet normal 0.0 5.5511151231257815e-17 -1.0
  outer loop
    vertex 642.4689477472983 36.13233543936109 5.357936316841005e-14
    vertex 642.676054528485 60.55920325439008 -2.8199664825478975e-15
    vertex 642.676054528485 35.97341681676319 -1.6919798895287383e-14
  endloop
endfacet
facet normal 0.0 5.5511151231257815e-17 -1.0
  outer loop
    vertex 642.676054528485 35.97341681676319 -1.6919798895287383e-14
    vertex 642.676054528485 60.55920325439008 -2.8199664825478975e-15
    vertex 642.8349731510829 60.76631003557665 0.0
  endloop
endfacet
facet normal 0.0 5.5511151231257815e-17 -1.0
  outer loop
    vertex 642.676054528485 35.97341681676319 -1.6919798895287383e-14
    vertex 642.8349731510829 60.76631003557665 0.0
    vertex 642.8349731510829 35.76631003557662 -3.101963130802687e-14
  endloop
endfacet
facet normal 0.0 5.5511151231257815e-17 -1.0
  outer loop
    vertex 642.8349731510829 35.76631003557662 -3.101963130802687e-14
    vertex 642.8349731510829 60.76631003557665 0.0
    vertex 642.9348735735874 61.00749099047413 1.6919798895287383e-14
  endloop
endfacet
facet normal 0.0 5.5511151231257815e-17 -1.0
  outer loop
    vertex 642.8349731510829 35.76631003557662 -3.101963130802687e-14
    vertex 642.9348735735874 61.00749099047413 1.6919798895287383e-14
    vertex 642.9348735735874 35.52512908067916 -1.973976537783528e-14
  endloop
endfacet
facet normal 0.0 5.5511151231257815e-17 -1.0
  outer loop
    vertex 642.9348735735874 35.52512908067916 -1.973976537783528e-14
    vertex 642.9348735735874 61.00749099047413 1.6919798895287383e-14
    vertex 642.9689477472984 61.26631003557664 2.8199664825478975e-15
  endloop
endfacet
facet normal 0.0 5.5511151231257815e-17 -1.0
  outer loop
    vertex 642.9348735735874 35.52512908067916 -1.973976537783528e-14
    vertex 642.9689477472984 61.26631003557664 2.8199664825478975e-15
    vertex 642.9689477472984 35.26631003557665 1.4099832412739488e-14
  endloop
endfacet
facet normal 0.0 5.5511151231257815e-17 -1.0
  outer loop
    vertex 639.0711702684312 62.04276717088419 -2.5379698342931078e-14
    vertex 639.0711702684312 60.48985290026907 2.8199664825478975e-15
    vertex 638.9689477472984 61.26631003557664 2.8199664825478975e-15
  endloop
endfacet
facet normal 0.0 5.5511151231257815e-17 -1.0
  outer loop
    vertex 639.0711702684312 60.48985290026907 2.8199664825478975e-15
    vertex 639.0711702684312 62.04276717088419 -2.5379698342931078e-14
    vertex 639.3708715359452 62.76631003557664 -1.127986593019159e-14
  endloop
endfacet
facet normal 0.0 5.5511151231257815e-17 -1.0
  outer loop
    vertex 639.0711702684312 60.48985290026907 2.8199664825478975e-15
    vertex 639.3708715359452 62.76631003557664 -1.127986593019159e-14
    vertex 639.3708715359452 59.766310035576645 0.0
  endloop
endfacet
facet normal 0.0 5.5511151231257815e-17 -1.0
  outer loop
    vertex 639.3708715359452 59.766310035576645 0.0
    vertex 639.3708715359452 62.76631003557664 -1.127986593019159e-14
    vertex 639.8476274037388 63.38763037913629 -5.639932965095795e-15
  endloop
endfacet
facet normal 0.0 5.5511151231257815e-17 -1.0
  outer loop
    vertex 639.3708715359452 59.766310035576645 0.0
    vertex 639.8476274037388 63.38763037913629 -5.639932965095795e-15
    vertex 639.8476274037388 59.14498969201699 -5.639932965095795e-15
  endloop
endfacet
facet normal 0.0 5.5511151231257815e-17 -1.0
  outer loop
    vertex 639.8476274037388 59.14498969201699 -5.639932965095795e-15
    vertex 639.8476274037388 63.38763037913629 -5.639932965095795e-15
    vertex 640.4689477472983 63.86438624692993 2.8199664825478975e-15
  endloop
endfacet
facet normal 0.0 5.5511151231257815e-17 -1.0
  outer loop
    vertex 639.8476274037388 59.14498969201699 -5.639932965095795e-15
    vertex 640.4689477472983 63.86438624692993 2.8199664825478975e-15
    vertex 640.4689477472983 58.66823382422331 -2.8199664825478975e-15
  endloop
endfacet
facet normal 0.0 5.5511151231257815e-17 -1.0
  outer loop
    vertex 640.4689477472983 58.66823382422331 -2.8199664825478975e-15
    vertex 640.4689477472983 63.86438624692993 2.8199664825478975e-15
    vertex 641.1924906119909 64.16408751444384 2.8199664825478975e-15
  endloop
endfacet
facet normal 0.0 5.5511151231257815e-17 -1.0
  outer loop
    vertex 640.4689477472983 58.66823382422331 -2.8199664825478975e-15
    vertex 641.1924906119909 64.16408751444384 2.8199664825478975e-15
    vertex 640.9689477472984 61.26631003557664 2.8199664825478975e-15
  endloop
endfacet
facet normal 0.0 5.5511151231257815e-17 -1.0
  outer loop
    vertex 640.9689477472984 61.26631003557664 2.8199664825478975e-15
    vertex 641.1924906119909 64.16408751444384 2.8199664825478975e-15
    vertex 641.0030219210093 61.52512908067915 2.8199664825478975e-15
  endloop
endfacet
facet normal 0.0 5.5511151231257815e-17 -1.0
  outer loop
    vertex 641.0030219210093 61.52512908067915 2.8199664825478975e-15
    vertex 641.1924906119909 64.16408751444384 2.8199664825478975e-15
    vertex 641.102922343514 61.76631003557664 1.127986593019159e-14
  endloop
endfacet
facet normal 0.0 5.5511151231257815e-17 -1.0
  outer loop
    vertex 641.102922343514 61.76631003557664 1.127986593019159e-14
    vertex 641.1924906119909 64.16408751444384 2.8199664825478975e-15
    vertex 641.2618409661119 61.97341681676317 2.8199664825478975e-15
  endloop
endfacet
facet normal 0.0 5.5511151231257815e-17 -1.0
  outer loop
    vertex 641.2618409661119 61.97341681676317 2.8199664825478975e-15
    vertex 641.1924906119909 64.16408751444384 2.8199664825478975e-15
    vertex 641.9689477472984 64.26631003557662 1.127986593019159e-14
  endloop
endfacet
facet normal 0.0 5.5511151231257815e-17 -1.0
  outer loop
    vertex 641.2618409661119 61.97341681676317 2.8199664825478975e-15
    vertex 641.9689477472984 64.26631003557662 1.127986593019159e-14
    vertex 641.4689477472984 62.13233543936107 -1.4099832412739488e-14
  endloop
endfacet
facet normal 0.0 5.5511151231257815e-17 -1.0
  outer loop
    vertex 641.4689477472984 62.13233543936107 -1.4099832412739488e-14
    vertex 641.9689477472984 64.26631003557662 1.127986593019159e-14
    vertex 641.7101287021959 62.23223586186569 -5.639932965095795e-15
  endloop
endfacet
facet normal 0.0 5.5511151231257815e-17 -1.0
  outer loop
    vertex 641.7101287021959 62.23223586186569 -5.639932965095795e-15
    vertex 641.9689477472984 64.26631003557662 1.127986593019159e-14
    vertex 641.9689477472984 62.26631003557663 5.639932965095795e-15
  endloop
endfacet
facet normal 0.0 5.5511151231257815e-17 -1.0
  outer loop
    vertex 641.9689477472984 62.26631003557663 5.639932965095795e-15
    vertex 641.9689477472984 64.26631003557662 1.127986593019159e-14
    vertex 642.4689477472983 80.26631003557665 5.639932965095795e-15
  endloop
endfacet
facet normal 0.0 5.5511151231257815e-17 -1.0
  outer loop
    vertex 641.9689477472984 62.26631003557663 5.639932965095795e-15
    vertex 642.4689477472983 80.26631003557665 5.639932965095795e-15
    vertex 642.227766792401 62.23223586186569 -5.639932965095795e-15
  endloop
endfacet
facet normal 0.0 5.5511151231257815e-17 -1.0
  outer loop
    vertex 642.227766792401 62.23223586186569 -5.639932965095795e-15
    vertex 642.4689477472983 80.26631003557665 5.639932965095795e-15
    vertex 642.4689477472983 62.13233543936107 -1.4099832412739488e-14
  endloop
endfacet
facet normal 0.0 5.5511151231257815e-17 -1.0
  outer loop
    vertex 639.0711702684312 36.04276717088419 8.459899447643692e-15
    vertex 639.0711702684312 34.489852900269085 -1.4099832412739488e-14
    vertex 638.9689477472984 35.26631003557665 1.4099832412739488e-14
  endloop
endfacet
facet normal 0.0 5.5511151231257815e-17 -1.0
  outer loop
    vertex 639.0711702684312 34.489852900269085 -1.4099832412739488e-14
    vertex 639.0711702684312 36.04276717088419 8.459899447643692e-15
    vertex 639.3708715359452 36.76631003557664 -2.5379698342931078e-14
  endloop
endfacet
facet normal 0.0 5.5511151231257815e-17 -1.0
  outer loop
    vertex 639.0711702684312 34.489852900269085 -1.4099832412739488e-14
    vertex 639.3708715359452 36.76631003557664 -2.5379698342931078e-14
    vertex 639.3708715359452 33.76631003557664 8.459899447643692e-15
  endloop
endfacet
facet normal 0.0 5.5511151231257815e-17 -1.0
  outer loop
    vertex 639.3708715359452 33.76631003557664 8.459899447643692e-15
    vertex 639.3708715359452 36.76631003557664 -2.5379698342931078e-14
    vertex 639.8476274037388 37.38763037913629 -8.459899447643692e-15
  endloop
endfacet
facet normal 0.0 5.5511151231257815e-17 -1.0
  outer loop
    vertex 639.3708715359452 33.76631003557664 8.459899447643692e-15
    vertex 639.8476274037388 37.38763037913629 -8.459899447643692e-15
    vertex 639.8476274037388 33.14498969201702 2.8199664825478975e-15
  endloop
endfacet
facet normal 0.0 5.5511151231257815e-17 -1.0
  outer loop
    vertex 639.8476274037388 33.14498969201702 2.8199664825478975e-15
    vertex 639.8476274037388 37.38763037913629 -8.459899447643692e-15
    vertex 640.4689477472983 37.864386246929946 -1.4099832412739488e-14
  endloop
endfacet
facet normal 0.0 5.5511151231257815e-17 -1.0
  outer loop
    vertex 639.8476274037388 33.14498969201702 2.8199664825478975e-15
    vertex 640.4689477472983 37.864386246929946 -1.4099832412739488e-14
    vertex 640.4689477472983 32.66823382422333 -2.8199664825478975e-15
  endloop
endfacet
facet normal 0.0 5.5511151231257815e-17 -1.0
  outer loop
    vertex 640.4689477472983 32.66823382422333 -2.8199664825478975e-15
    vertex 640.4689477472983 37.864386246929946 -1.4099832412739488e-14
    vertex 641.1924906119909 38.16408751444383 -3.101963130802687e-14
  endloop
endfacet
facet normal 0.0 5.5511151231257815e-17 -1.0
  outer loop
    vertex 640.4689477472983 32.66823382422333 -2.8199664825478975e-15
    vertex 641.1924906119909 38.16408751444383 -3.101963130802687e-14
    vertex 640.9689477472984 35.26631003557665 1.4099832412739488e-14
  endloop
endfacet
facet normal 0.0 5.5511151231257815e-17 -1.0
  outer loop
    vertex 640.9689477472984 35.26631003557665 1.4099832412739488e-14
    vertex 641.1924906119909 38.16408751444383 -3.101963130802687e-14
    vertex 641.0030219210093 35.52512908067916 -1.973976537783528e-14
  endloop
endfacet
facet normal 0.0 5.5511151231257815e-17 -1.0
  outer loop
    vertex 641.0030219210093 35.52512908067916 -1.973976537783528e-14
    vertex 641.1924906119909 38.16408751444383 -3.101963130802687e-14
    vertex 641.102922343514 35.76631003557662 -3.101963130802687e-14
  endloop
endfacet
facet normal 0.0 5.5511151231257815e-17 -1.0
  outer loop
    vertex 641.102922343514 35.76631003557662 -3.101963130802687e-14
    vertex 641.1924906119909 38.16408751444383 -3.101963130802687e-14
    vertex 641.2618409661119 35.97341681676319 -1.6919798895287383e-14
  endloop
endfacet
facet normal 0.0 5.5511151231257815e-17 -1.0
  outer loop
    vertex 641.2618409661119 35.97341681676319 -1.6919798895287383e-14
    vertex 641.1924906119909 38.16408751444383 -3.101963130802687e-14
    vertex 641.9689477472984 38.26631003557663 -1.973976537783528e-14
  endloop
endfacet
facet normal 0.0 5.5511151231257815e-17 -1.0
  outer loop
    vertex 641.2618409661119 35.97341681676319 -1.6919798895287383e-14
    vertex 641.9689477472984 38.26631003557663 -1.973976537783528e-14
    vertex 641.4689477472984 36.13233543936109 5.357936316841005e-14
  endloop
endfacet
facet normal 0.0 5.5511151231257815e-17 -1.0
  outer loop
    vertex 641.4689477472984 36.13233543936109 5.357936316841005e-14
    vertex 641.9689477472984 38.26631003557663 -1.973976537783528e-14
    vertex 641.7101287021959 36.23223586186572 0.0
  endloop
endfacet
facet normal 0.0 5.5511151231257815e-17 -1.0
  outer loop
    vertex 641.7101287021959 36.23223586186572 0.0
    vertex 641.9689477472984 38.26631003557663 -1.973976537783528e-14
    vertex 641.9689477472984 36.26631003557665 -8.459899447643692e-15
  endloop
endfacet
facet normal 0.0 5.5511151231257815e-17 -1.0
  outer loop
    vertex 584.4689477472984 135.26631003557665 -2.8199664825478975e-15
    vertex 584.4689477472984 123.13233543936106 1.127986593019159e-14
    vertex 584.2618409661119 122.97341681676322 -2.8199664825478975e-15
  endloop
endfacet
facet normal 0.0 5.5511151231257815e-17 -1.0
  outer loop
    vertex 584.4689477472984 123.13233543936106 1.127986593019159e-14
    vertex 584.4689477472984 135.26631003557665 -2.8199664825478975e-15
    vertex 584.5541331815757 134.61926242282027 2.8199664825478975e-15
  endloop
endfacet
facet normal 0.0 5.5511151231257815e-17 -1.0
  outer loop
    vertex 584.4689477472984 123.13233543936106 1.127986593019159e-14
    vertex 584.5541331815757 134.61926242282027 2.8199664825478975e-15
    vertex 584.7101287021959 123.23223586186568 -2.8199664825478975e-15
  endloop
endfacet
facet normal 0.0 5.5511151231257815e-17 -1.0
  outer loop
    vertex 584.7101287021959 123.23223586186568 -2.8199664825478975e-15
    vertex 584.5541331815757 134.61926242282027 2.8199664825478975e-15
    vertex 584.8038842378373 134.01631003557657 2.8199664825478976e-14
  endloop
endfacet
facet normal 0.0 5.5511151231257815e-17 -1.0
  outer loop
    vertex 584.7101287021959 123.23223586186568 -2.8199664825478975e-15
    vertex 584.8038842378373 134.01631003557657 2.8199664825478976e-14
    vertex 584.9689477472983 123.26631003557662 1.4099832412739488e-14
  endloop
endfacet
facet normal 0.0 5.5511151231257815e-17 -1.0
  outer loop
    vertex 584.9689477472983 123.26631003557662 1.4099832412739488e-14
    vertex 584.8038842378373 134.01631003557657 2.8199664825478976e-14
    vertex 585.2011807943321 133.49854308261027 0.0
  endloop
endfacet
facet normal 0.0 5.5511151231257815e-17 -1.0
  outer loop
    vertex 584.9689477472983 123.26631003557662 1.4099832412739488e-14
    vertex 585.2011807943321 133.49854308261027 0.0
    vertex 585.2277667924009 123.23223586186568 -2.8199664825478975e-15
  endloop
endfacet
facet normal 0.0 5.5511151231257815e-17 -1.0
  outer loop
    vertex 585.2277667924009 123.23223586186568 -2.8199664825478975e-15
    vertex 585.2011807943321 133.49854308261027 0.0
    vertex 585.7189477472983 133.10124652611555 -3.101963130802687e-14
  endloop
endfacet
facet normal 0.0 5.5511151231257815e-17 -1.0
  outer loop
    vertex 585.2277667924009 123.23223586186568 -2.8199664825478975e-15
    vertex 585.7189477472983 133.10124652611555 -3.101963130802687e-14
    vertex 585.4689477472984 123.13233543936106 1.127986593019159e-14
  endloop
endfacet
facet normal 0.0 5.5511151231257815e-17 -1.0
  outer loop
    vertex 585.4689477472984 123.13233543936106 1.127986593019159e-14
    vertex 585.7189477472983 133.10124652611555 -3.101963130802687e-14
    vertex 585.676054528485 122.97341681676322 -2.8199664825478975e-15
  endloop
endfacet
facet normal 0.0 5.5511151231257815e-17 -1.0
  outer loop
    vertex 585.676054528485 122.97341681676322 -2.8199664825478975e-15
    vertex 585.7189477472983 133.10124652611555 -3.101963130802687e-14
    vertex 585.8349731510829 122.76631003557665 3.3839597790574766e-14
  endloop
endfacet
facet normal 0.0 5.5511151231257815e-17 -1.0
  outer loop
    vertex 585.8349731510829 122.76631003557665 3.3839597790574766e-14
    vertex 585.7189477472983 133.10124652611555 -3.101963130802687e-14
    vertex 586.3219001345421 132.85149546985392 -2.8199664825478975e-15
  endloop
endfacet
facet normal 0.0 5.5511151231257815e-17 -1.0
  outer loop
    vertex 585.8349731510829 122.76631003557665 3.3839597790574766e-14
    vertex 586.3219001345421 132.85149546985392 -2.8199664825478975e-15
    vertex 585.9348735735875 122.52512908067916 2.8199664825478975e-15
  endloop
endfacet
facet normal 0.0 5.5511151231257815e-17 -1.0
  outer loop
    vertex 585.9348735735875 122.52512908067916 2.8199664825478975e-15
    vertex 586.3219001345421 132.85149546985392 -2.8199664825478975e-15
    vertex 585.9689477472984 122.26631003557664 1.4099832412739488e-14
  endloop
endfacet
facet normal 0.0 5.5511151231257815e-17 -1.0
  outer loop
    vertex 584.9689477472983 119.2663100355766 8.459899447643692e-15
    vertex 585.5030219210093 83.52512908067918 -5.639932965095795e-15
    vertex 585.4689477472984 83.26631003557665 1.4099832412739488e-14
  endloop
endfacet
facet normal 0.0 5.5511151231257815e-17 -1.0
  outer loop
    vertex 585.5030219210093 83.52512908067918 -5.639932965095795e-15
    vertex 584.9689477472983 119.2663100355766 8.459899447643692e-15
    vertex 586.4689477472984 86.26631003557664 -5.639932965095795e-15
  endloop
endfacet
facet normal 0.0 5.5511151231257815e-17 -1.0
  outer loop
    vertex 585.5030219210093 83.52512908067918 -5.639932965095795e-15
    vertex 586.4689477472984 86.26631003557664 -5.639932965095795e-15
    vertex 585.602922343514 83.76631003557665 5.639932965095795e-15
  endloop
endfacet
facet normal 0.0 5.5511151231257815e-17 -1.0
  outer loop
    vertex 585.602922343514 83.76631003557665 5.639932965095795e-15
    vertex 586.4689477472984 86.26631003557664 -5.639932965095795e-15
    vertex 585.7618409661119 83.97341681676319 -2.8199664825478975e-15
  endloop
endfacet
facet normal 0.0 5.5511151231257815e-17 -1.0
  outer loop
    vertex 585.7618409661119 83.97341681676319 -2.8199664825478975e-15
    vertex 586.4689477472984 86.26631003557664 -5.639932965095795e-15
    vertex 585.9689477472984 84.13233543936109 -5.639932965095795e-15
  endloop
endfacet
facet normal 0.0 5.5511151231257815e-17 -1.0
  outer loop
    vertex 585.9689477472984 84.13233543936109 -5.639932965095795e-15
    vertex 586.4689477472984 86.26631003557664 -5.639932965095795e-15
    vertex 586.2101287021959 84.23223586186572 0.0
  endloop
endfacet
facet normal 0.0 5.5511151231257815e-17 -1.0
  outer loop
    vertex 586.2101287021959 84.23223586186572 0.0
    vertex 586.4689477472984 86.26631003557664 -5.639932965095795e-15
    vertex 586.4689477472984 84.26631003557664 -1.127986593019159e-14
  endloop
endfacet
facet normal 0.0 5.5511151231257815e-17 -1.0
  outer loop
    vertex 586.4689477472984 84.26631003557664 -1.127986593019159e-14
    vertex 586.4689477472984 86.26631003557664 -5.639932965095795e-15
    vertex 587.245404882606 86.16408751444386 1.6919798895287383e-14
  endloop
endfacet
facet normal 0.0 5.5511151231257815e-17 -1.0
  outer loop
    vertex 586.4689477472984 84.26631003557664 -1.127986593019159e-14
    vertex 587.245404882606 86.16408751444386 1.6919798895287383e-14
    vertex 586.7277667924009 84.23223586186572 0.0
  endloop
endfacet
facet normal 0.0 5.5511151231257815e-17 -1.0
  outer loop
    vertex 586.7277667924009 84.23223586186572 0.0
    vertex 587.245404882606 86.16408751444386 1.6919798895287383e-14
    vertex 586.9689477472984 84.13233543936109 -5.639932965095795e-15
  endloop
endfacet
facet normal 0.0 5.5511151231257815e-17 -1.0
  outer loop
    vertex 586.9689477472984 84.13233543936109 -5.639932965095795e-15
    vertex 587.245404882606 86.16408751444386 1.6919798895287383e-14
    vertex 587.176054528485 83.97341681676319 -2.8199664825478975e-15
  endloop
endfacet
facet normal 0.0 5.5511151231257815e-17 -1.0
  outer loop
    vertex 587.176054528485 83.97341681676319 -2.8199664825478975e-15
    vertex 587.245404882606 86.16408751444386 1.6919798895287383e-14
    vertex 587.3349731510829 83.76631003557665 5.639932965095795e-15
  endloop
endfacet
facet normal 0.0 5.5511151231257815e-17 -1.0
  outer loop
    vertex 587.3349731510829 83.76631003557665 5.639932965095795e-15
    vertex 587.245404882606 86.16408751444386 1.6919798895287383e-14
    vertex 587.9689477472984 85.86438624692995 -2.5379698342931078e-14
  endloop
endfacet
facet normal 0.0 5.5511151231257815e-17 -1.0
  outer loop
    vertex 587.3349731510829 83.76631003557665 5.639932965095795e-15
    vertex 587.9689477472984 85.86438624692995 -2.5379698342931078e-14
    vertex 587.4348735735875 83.52512908067918 -5.639932965095795e-15
  endloop
endfacet
facet normal 0.0 5.5511151231257815e-17 -1.0
  outer loop
    vertex 587.4348735735875 83.52512908067918 -5.639932965095795e-15
    vertex 587.9689477472984 85.86438624692995 -2.5379698342931078e-14
    vertex 587.4689477472984 83.26631003557665 1.4099832412739488e-14
  endloop
endfacet
facet normal 0.0 5.5511151231257815e-17 -1.0
  outer loop
    vertex 586.7277667924009 82.30038420928757 5.639932965095795e-15
    vertex 586.4689477472984 80.26631003557665 5.639932965095795e-15
    vertex 586.4689477472984 82.26631003557667 -5.639932965095795e-15
  endloop
endfacet
facet normal 0.0 5.5511151231257815e-17 -1.0
  outer loop
    vertex 586.4689477472984 80.26631003557665 5.639932965095795e-15
    vertex 586.7277667924009 82.30038420928757 5.639932965095795e-15
    vertex 587.245404882606 80.36853255670944 2.8199664825478975e-15
  endloop
endfacet
facet normal 0.0 5.5511151231257815e-17 -1.0
  outer loop
    vertex 587.245404882606 80.36853255670944 2.8199664825478975e-15
    vertex 586.7277667924009 82.30038420928757 5.639932965095795e-15
    vertex 586.9689477472984 82.4002846317922 5.639932965095795e-15
  endloop
endfacet
facet normal 0.0 5.5511151231257815e-17 -1.0
  outer loop
    vertex 587.245404882606 80.36853255670944 2.8199664825478975e-15
    vertex 586.9689477472984 82.4002846317922 5.639932965095795e-15
    vertex 587.176054528485 82.5592032543901 0.0
  endloop
endfacet
facet normal 0.0 5.5511151231257815e-17 -1.0
  outer loop
    vertex 587.245404882606 80.36853255670944 2.8199664825478975e-15
    vertex 587.176054528485 82.5592032543901 0.0
    vertex 587.3349731510829 82.76631003557665 5.639932965095795e-15
  endloop
endfacet
facet normal 0.0 5.5511151231257815e-17 -1.0
  outer loop
    vertex 587.245404882606 80.36853255670944 2.8199664825478975e-15
    vertex 587.3349731510829 82.76631003557665 5.639932965095795e-15
    vertex 587.9689477472984 80.66823382422331 -8.459899447643692e-15
  endloop
endfacet
facet normal 0.0 5.5511151231257815e-17 -1.0
  outer loop
    vertex 587.9689477472984 80.66823382422331 -8.459899447643692e-15
    vertex 587.3349731510829 82.76631003557665 5.639932965095795e-15
    vertex 587.4348735735875 83.0074909904741 -8.459899447643692e-15
  endloop
endfacet
facet normal 0.0 5.5511151231257815e-17 -1.0
  outer loop
    vertex 587.9689477472984 80.66823382422331 -8.459899447643692e-15
    vertex 587.4348735735875 83.0074909904741 -8.459899447643692e-15
    vertex 587.4689477472984 83.26631003557665 1.4099832412739488e-14
  endloop
endfacet
facet normal 0.0 5.5511151231257815e-17 -1.0
  outer loop
    vertex 587.9689477472984 80.66823382422331 -8.459899447643692e-15
    vertex 587.4689477472984 83.26631003557665 1.4099832412739488e-14
    vertex 587.9689477472984 85.86438624692995 -2.5379698342931078e-14
  endloop
endfacet
facet normal 0.0 5.5511151231257815e-17 -1.0
  outer loop
    vertex 587.9689477472984 80.66823382422331 -8.459899447643692e-15
    vertex 587.9689477472984 85.86438624692995 -2.5379698342931078e-14
    vertex 588.5902680908581 85.38763037913625 5.639932965095795e-15
  endloop
endfacet
facet normal 0.0 5.5511151231257815e-17 -1.0
  outer loop
    vertex 587.9689477472984 80.66823382422331 -8.459899447643692e-15
    vertex 588.5902680908581 85.38763037913625 5.639932965095795e-15
    vertex 588.5902680908581 81.14498969201699 2.8199664825478975e-15
  endloop
endfacet
facet normal 0.0 5.5511151231257815e-17 -1.0
  outer loop
    vertex 588.5902680908581 81.14498969201699 2.8199664825478975e-15
    vertex 588.5902680908581 85.38763037913625 5.639932965095795e-15
    vertex 589.0670239586517 84.76631003557664 -1.6919798895287383e-14
  endloop
endfacet
facet normal 0.0 5.5511151231257815e-17 -1.0
  outer loop
    vertex 588.5902680908581 81.14498969201699 2.8199664825478975e-15
    vertex 589.0670239586517 84.76631003557664 -1.6919798895287383e-14
    vertex 589.0670239586517 81.76631003557667 -1.4099832412739488e-14
  endloop
endfacet
facet normal 0.0 5.5511151231257815e-17 -1.0
  outer loop
    vertex 589.0670239586517 81.76631003557667 -1.4099832412739488e-14
    vertex 589.0670239586517 84.76631003557664 -1.6919798895287383e-14
    vertex 589.3667252261656 84.04276717088419 1.6919798895287383e-14
  endloop
endfacet
facet normal 0.0 5.5511151231257815e-17 -1.0
  outer loop
    vertex 589.0670239586517 81.76631003557667 -1.4099832412739488e-14
    vertex 589.3667252261656 84.04276717088419 1.6919798895287383e-14
    vertex 589.3667252261656 82.48985290026907 -5.639932965095795e-15
  endloop
endfacet
facet normal 0.0 5.5511151231257815e-17 -1.0
  outer loop
    vertex 589.3667252261656 82.48985290026907 -5.639932965095795e-15
    vertex 589.3667252261656 84.04276717088419 1.6919798895287383e-14
    vertex 589.4689477472984 83.26631003557665 1.4099832412739488e-14
  endloop
endfacet
facet normal 0.0 5.5511151231257815e-17 -1.0
  outer loop
    vertex 586.2101287021959 82.30038420928756 1.973976537783528e-14
    vertex 585.9689477472984 61.26631003557664 2.8199664825478975e-15
    vertex 585.9689477472984 82.4002846317922 5.639932965095795e-15
  endloop
endfacet
facet normal 0.0 5.5511151231257815e-17 -1.0
  outer loop
    vertex 585.9689477472984 61.26631003557664 2.8199664825478975e-15
    vertex 586.2101287021959 82.30038420928756 1.973976537783528e-14
    vertex 586.0030219210093 61.52512908067915 2.8199664825478975e-15
  endloop
endfacet
facet normal 0.0 5.5511151231257815e-17 -1.0
  outer loop
    vertex 586.0030219210093 61.52512908067915 2.8199664825478975e-15
    vertex 586.2101287021959 82.30038420928756 1.973976537783528e-14
    vertex 586.102922343514 61.76631003557664 1.127986593019159e-14
  endloop
endfacet
facet normal 0.0 5.5511151231257815e-17 -1.0
  outer loop
    vertex 586.102922343514 61.76631003557664 1.127986593019159e-14
    vertex 586.2101287021959 82.30038420928756 1.973976537783528e-14
    vertex 586.2618409661119 61.97341681676317 2.8199664825478975e-15
  endloop
endfacet
facet normal 0.0 5.5511151231257815e-17 -1.0
  outer loop
    vertex 586.2618409661119 61.97341681676317 2.8199664825478975e-15
    vertex 586.2101287021959 82.30038420928756 1.973976537783528e-14
    vertex 586.4689477472984 82.26631003557667 -5.639932965095795e-15
  endloop
endfacet
facet normal 0.0 5.5511151231257815e-17 -1.0
  outer loop
    vertex 586.2618409661119 61.97341681676317 2.8199664825478975e-15
    vertex 586.4689477472984 82.26631003557667 -5.639932965095795e-15
    vertex 586.4689477472984 62.13233543936107 -1.4099832412739488e-14
  endloop
endfacet
facet normal 0.0 5.5511151231257815e-17 -1.0
  outer loop
    vertex 586.4689477472984 62.13233543936107 -1.4099832412739488e-14
    vertex 586.4689477472984 82.26631003557667 -5.639932965095795e-15
    vertex 586.4689477472984 80.26631003557665 5.639932965095795e-15
  endloop
endfacet
facet normal 0.0 5.5511151231257815e-17 -1.0
  outer loop
    vertex 586.4689477472984 62.13233543936107 -1.4099832412739488e-14
    vertex 586.4689477472984 80.26631003557665 5.639932965095795e-15
    vertex 586.9689477472984 64.26631003557664 0.0
  endloop
endfacet
facet normal 0.0 5.5511151231257815e-17 -1.0
  outer loop
    vertex 586.4689477472984 62.13233543936107 -1.4099832412739488e-14
    vertex 586.9689477472984 64.26631003557664 0.0
    vertex 586.7101287021959 62.23223586186569 -5.639932965095795e-15
  endloop
endfacet
facet normal 0.0 5.5511151231257815e-17 -1.0
  outer loop
    vertex 586.7101287021959 62.23223586186569 -5.639932965095795e-15
    vertex 586.9689477472984 64.26631003557664 0.0
    vertex 586.9689477472984 62.26631003557663 5.639932965095795e-15
  endloop
endfacet
facet normal 0.0 5.5511151231257815e-17 -1.0
  outer loop
    vertex 586.9689477472984 62.26631003557663 5.639932965095795e-15
    vertex 586.9689477472984 64.26631003557664 0.0
    vertex 587.745404882606 64.16408751444384 2.8199664825478975e-15
  endloop
endfacet
facet normal 0.0 5.5511151231257815e-17 -1.0
  outer loop
    vertex 586.9689477472984 62.26631003557663 5.639932965095795e-15
    vertex 587.745404882606 64.16408751444384 2.8199664825478975e-15
    vertex 587.227766792401 62.23223586186569 -5.639932965095795e-15
  endloop
endfacet
facet normal 0.0 5.5511151231257815e-17 -1.0
  outer loop
    vertex 587.227766792401 62.23223586186569 -5.639932965095795e-15
    vertex 587.745404882606 64.16408751444384 2.8199664825478975e-15
    vertex 587.4689477472984 62.13233543936107 -1.4099832412739488e-14
  endloop
endfacet
facet normal 0.0 5.5511151231257815e-17 -1.0
  outer loop
    vertex 587.4689477472984 62.13233543936107 -1.4099832412739488e-14
    vertex 587.745404882606 64.16408751444384 2.8199664825478975e-15
    vertex 587.676054528485 61.97341681676317 2.8199664825478975e-15
  endloop
endfacet
facet normal 0.0 5.5511151231257815e-17 -1.0
  outer loop
    vertex 587.676054528485 61.97341681676317 2.8199664825478975e-15
    vertex 587.745404882606 64.16408751444384 2.8199664825478975e-15
    vertex 587.8349731510829 61.76631003557664 1.127986593019159e-14
  endloop
endfacet
facet normal 0.0 5.5511151231257815e-17 -1.0
  outer loop
    vertex 587.8349731510829 61.76631003557664 1.127986593019159e-14
    vertex 587.745404882606 64.16408751444384 2.8199664825478975e-15
    vertex 588.4689477472984 63.86438624692994 0.0
  endloop
endfacet
facet normal 0.0 5.5511151231257815e-17 -1.0
  outer loop
    vertex 587.8349731510829 61.76631003557664 1.127986593019159e-14
    vertex 588.4689477472984 63.86438624692994 0.0
    vertex 587.9348735735875 61.52512908067915 2.8199664825478975e-15
  endloop
endfacet
facet normal 0.0 5.5511151231257815e-17 -1.0
  outer loop
    vertex 587.9348735735875 61.52512908067915 2.8199664825478975e-15
    vertex 588.4689477472984 63.86438624692994 0.0
    vertex 587.9689477472984 61.26631003557664 2.8199664825478975e-15
  endloop
endfacet
facet normal 0.0 5.5511151231257815e-17 -1.0
  outer loop
    vertex 587.227766792401 60.30038420928759 0.0
    vertex 586.9689477472984 58.26631003557661 2.8199664825478975e-15
    vertex 586.9689477472984 60.266310035576666 1.4099832412739488e-14
  endloop
endfacet
facet normal 0.0 5.5511151231257815e-17 -1.0
  outer loop
    vertex 586.9689477472984 58.26631003557661 2.8199664825478975e-15
    vertex 587.227766792401 60.30038420928759 0.0
    vertex 587.745404882606 58.368532556709404 -2.8199664825478975e-15
  endloop
endfacet
facet normal 0.0 5.5511151231257815e-17 -1.0
  outer loop
    vertex 587.745404882606 58.368532556709404 -2.8199664825478975e-15
    vertex 587.227766792401 60.30038420928759 0.0
    vertex 587.4689477472984 60.40028463179222 -1.127986593019159e-14
  endloop
endfacet
facet normal 0.0 5.5511151231257815e-17 -1.0
  outer loop
    vertex 587.745404882606 58.368532556709404 -2.8199664825478975e-15
    vertex 587.4689477472984 60.40028463179222 -1.127986593019159e-14
    vertex 587.676054528485 60.55920325439008 -2.8199664825478975e-15
  endloop
endfacet
facet normal 0.0 5.5511151231257815e-17 -1.0
  outer loop
    vertex 587.745404882606 58.368532556709404 -2.8199664825478975e-15
    vertex 587.676054528485 60.55920325439008 -2.8199664825478975e-15
    vertex 587.8349731510829 60.76631003557665 0.0
  endloop
endfacet
facet normal 0.0 5.5511151231257815e-17 -1.0
  outer loop
    vertex 587.745404882606 58.368532556709404 -2.8199664825478975e-15
    vertex 587.8349731510829 60.76631003557665 0.0
    vertex 588.4689477472984 58.66823382422331 -2.8199664825478975e-15
  endloop
endfacet
facet normal 0.0 5.5511151231257815e-17 -1.0
  outer loop
    vertex 588.4689477472984 58.66823382422331 -2.8199664825478975e-15
    vertex 587.8349731510829 60.76631003557665 0.0
    vertex 587.9348735735875 61.00749099047413 1.6919798895287383e-14
  endloop
endfacet
facet normal 0.0 5.5511151231257815e-17 -1.0
  outer loop
    vertex 588.4689477472984 58.66823382422331 -2.8199664825478975e-15
    vertex 587.9348735735875 61.00749099047413 1.6919798895287383e-14
    vertex 587.9689477472984 61.26631003557664 2.8199664825478975e-15
  endloop
endfacet
facet normal 0.0 5.5511151231257815e-17 -1.0
  outer loop
    vertex 588.4689477472984 58.66823382422331 -2.8199664825478975e-15
    vertex 587.9689477472984 61.26631003557664 2.8199664825478975e-15
    vertex 588.4689477472984 63.86438624692994 0.0
  endloop
endfacet
facet normal 0.0 5.5511151231257815e-17 -1.0
  outer loop
    vertex 588.4689477472984 58.66823382422331 -2.8199664825478975e-15
    vertex 588.4689477472984 63.86438624692994 0.0
    vertex 589.0902680908581 63.38763037913629 -5.639932965095795e-15
  endloop
endfacet
facet normal 0.0 5.5511151231257815e-17 -1.0
  outer loop
    vertex 588.4689477472984 58.66823382422331 -2.8199664825478975e-15
    vertex 589.0902680908581 63.38763037913629 -5.639932965095795e-15
    vertex 589.0902680908581 59.14498969201699 -5.639932965095795e-15
  endloop
endfacet
facet normal 0.0 5.5511151231257815e-17 -1.0
  outer loop
    vertex 589.0902680908581 59.14498969201699 -5.639932965095795e-15
    vertex 589.0902680908581 63.38763037913629 -5.639932965095795e-15
    vertex 589.5670239586517 62.76631003557664 -1.127986593019159e-14
  endloop
endfacet
facet normal 0.0 5.5511151231257815e-17 -1.0
  outer loop
    vertex 589.0902680908581 59.14498969201699 -5.639932965095795e-15
    vertex 589.5670239586517 62.76631003557664 -1.127986593019159e-14
    vertex 589.5670239586517 59.766310035576645 0.0
  endloop
endfacet
facet normal 0.0 5.5511151231257815e-17 -1.0
  outer loop
    vertex 589.5670239586517 59.766310035576645 0.0
    vertex 589.5670239586517 62.76631003557664 -1.127986593019159e-14
    vertex 589.8667252261656 62.04276717088419 -2.5379698342931078e-14
  endloop
endfacet
facet normal 0.0 5.5511151231257815e-17 -1.0
  outer loop
    vertex 589.5670239586517 59.766310035576645 0.0
    vertex 589.8667252261656 62.04276717088419 -2.5379698342931078e-14
    vertex 589.8667252261656 60.48985290026907 2.8199664825478975e-15
  endloop
endfacet
facet normal 0.0 5.5511151231257815e-17 -1.0
  outer loop
    vertex 589.8667252261656 60.48985290026907 2.8199664825478975e-15
    vertex 589.8667252261656 62.04276717088419 -2.5379698342931078e-14
    vertex 589.9689477472984 61.26631003557664 2.8199664825478975e-15
  endloop
endfacet
facet normal 0.0 5.5511151231257815e-17 -1.0
  outer loop
    vertex 586.0030219210093 61.00749099047413 1.6919798895287383e-14
    vertex 585.9689477472984 35.26631003557665 1.4099832412739488e-14
    vertex 585.9689477472984 61.26631003557664 2.8199664825478975e-15
  endloop
endfacet
facet normal 0.0 5.5511151231257815e-17 -1.0
  outer loop
    vertex 585.9689477472984 35.26631003557665 1.4099832412739488e-14
    vertex 586.0030219210093 61.00749099047413 1.6919798895287383e-14
    vertex 586.0030219210093 35.52512908067916 -1.973976537783528e-14
  endloop
endfacet
facet normal 0.0 5.5511151231257815e-17 -1.0
  outer loop
    vertex 586.0030219210093 35.52512908067916 -1.973976537783528e-14
    vertex 586.0030219210093 61.00749099047413 1.6919798895287383e-14
    vertex 586.102922343514 60.76631003557665 0.0
  endloop
endfacet
facet normal 0.0 5.5511151231257815e-17 -1.0
  outer loop
    vertex 586.0030219210093 35.52512908067916 -1.973976537783528e-14
    vertex 586.102922343514 60.76631003557665 0.0
    vertex 586.102922343514 35.76631003557662 -3.101963130802687e-14
  endloop
endfacet
facet normal 0.0 5.5511151231257815e-17 -1.0
  outer loop
    vertex 586.102922343514 35.76631003557662 -3.101963130802687e-14
    vertex 586.102922343514 60.76631003557665 0.0
    vertex 586.2618409661119 60.55920325439008 -2.8199664825478975e-15
  endloop
endfacet
facet normal 0.0 5.5511151231257815e-17 -1.0
  outer loop
    vertex 586.102922343514 35.76631003557662 -3.101963130802687e-14
    vertex 586.2618409661119 60.55920325439008 -2.8199664825478975e-15
    vertex 586.2618409661119 35.97341681676319 -1.6919798895287383e-14
  endloop
endfacet
facet normal 0.0 5.5511151231257815e-17 -1.0
  outer loop
    vertex 586.2618409661119 35.97341681676319 -1.6919798895287383e-14
    vertex 586.2618409661119 60.55920325439008 -2.8199664825478975e-15
    vertex 586.4689477472984 60.40028463179222 -1.127986593019159e-14
  endloop
endfacet
facet normal 0.0 5.5511151231257815e-17 -1.0
  outer loop
    vertex 586.2618409661119 35.97341681676319 -1.6919798895287383e-14
    vertex 586.4689477472984 60.40028463179222 -1.127986593019159e-14
    vertex 586.4689477472984 36.13233543936109 5.357936316841005e-14
  endloop
endfacet
facet normal 0.0 5.5511151231257815e-17 -1.0
  outer loop
    vertex 586.4689477472984 36.13233543936109 5.357936316841005e-14
    vertex 586.4689477472984 60.40028463179222 -1.127986593019159e-14
    vertex 586.7101287021959 60.30038420928759 0.0
  endloop
endfacet
facet normal 0.0 5.5511151231257815e-17 -1.0
  outer loop
    vertex 586.4689477472984 36.13233543936109 5.357936316841005e-14
    vertex 586.7101287021959 60.30038420928759 0.0
    vertex 586.7101287021959 36.23223586186572 0.0
  endloop
endfacet
facet normal 0.0 5.5511151231257815e-17 -1.0
  outer loop
    vertex 586.7101287021959 36.23223586186572 0.0
    vertex 586.7101287021959 60.30038420928759 0.0
    vertex 586.9689477472984 60.266310035576666 1.4099832412739488e-14
  endloop
endfacet
facet normal 0.0 5.5511151231257815e-17 -1.0
  outer loop
    vertex 586.7101287021959 36.23223586186572 0.0
    vertex 586.9689477472984 60.266310035576666 1.4099832412739488e-14
    vertex 586.9689477472984 36.26631003557665 -8.459899447643692e-15
  endloop
endfacet
facet normal 0.0 5.5511151231257815e-17 -1.0
  outer loop
    vertex 586.9689477472984 36.26631003557665 -8.459899447643692e-15
    vertex 586.9689477472984 60.266310035576666 1.4099832412739488e-14
    vertex 586.9689477472984 58.26631003557661 2.8199664825478975e-15
  endloop
endfacet
facet normal 0.0 5.5511151231257815e-17 -1.0
  outer loop
    vertex 586.9689477472984 36.26631003557665 -8.459899447643692e-15
    vertex 586.9689477472984 58.26631003557661 2.8199664825478975e-15
    vertex 586.9689477472984 38.26631003557667 2.5379698342931078e-14
  endloop
endfacet
facet normal 0.0 5.5511151231257815e-17 -1.0
  outer loop
    vertex 586.9689477472984 36.26631003557665 -8.459899447643692e-15
    vertex 586.9689477472984 38.26631003557667 2.5379698342931078e-14
    vertex 587.745404882606 38.16408751444383 -3.101963130802687e-14
  endloop
endfacet
facet normal 0.0 5.5511151231257815e-17 -1.0
  outer loop
    vertex 586.9689477472984 36.26631003557665 -8.459899447643692e-15
    vertex 587.745404882606 38.16408751444383 -3.101963130802687e-14
    vertex 587.227766792401 36.23223586186572 0.0
  endloop
endfacet
facet normal 0.0 5.5511151231257815e-17 -1.0
  outer loop
    vertex 587.227766792401 36.23223586186572 0.0
    vertex 587.745404882606 38.16408751444383 -3.101963130802687e-14
    vertex 587.4689477472984 36.13233543936109 5.357936316841005e-14
  endloop
endfacet
facet normal 0.0 5.5511151231257815e-17 -1.0
  outer loop
    vertex 587.4689477472984 36.13233543936109 5.357936316841005e-14
    vertex 587.745404882606 38.16408751444383 -3.101963130802687e-14
    vertex 587.676054528485 35.97341681676319 -1.6919798895287383e-14
  endloop
endfacet
facet normal 0.0 5.5511151231257815e-17 -1.0
  outer loop
    vertex 587.676054528485 35.97341681676319 -1.6919798895287383e-14
    vertex 587.745404882606 38.16408751444383 -3.101963130802687e-14
    vertex 587.8349731510829 35.76631003557662 -3.101963130802687e-14
  endloop
endfacet
facet normal 0.0 5.5511151231257815e-17 -1.0
  outer loop
    vertex 587.8349731510829 35.76631003557662 -3.101963130802687e-14
    vertex 587.745404882606 38.16408751444383 -3.101963130802687e-14
    vertex 588.4689477472984 37.86438624692996 -1.973976537783528e-14
  endloop
endfacet
facet normal 0.0 5.5511151231257815e-17 -1.0
  outer loop
    vertex 587.8349731510829 35.76631003557662 -3.101963130802687e-14
    vertex 588.4689477472984 37.86438624692996 -1.973976537783528e-14
    vertex 587.9348735735875 35.52512908067916 -1.973976537783528e-14
  endloop
endfacet
facet normal 0.0 5.5511151231257815e-17 -1.0
  outer loop
    vertex 587.9348735735875 35.52512908067916 -1.973976537783528e-14
    vertex 588.4689477472984 37.86438624692996 -1.973976537783528e-14
    vertex 587.9689477472984 35.26631003557665 1.4099832412739488e-14
  endloop
endfacet
facet normal 0.0 5.5511151231257815e-17 -1.0
  outer loop
    vertex 587.227766792401 34.300384209287586 2.8199664825478975e-15
    vertex 586.9689477472984 32.26631003557662 1.4099832412739488e-14
    vertex 586.9689477472984 34.266310035576645 -1.973976537783528e-14
  endloop
endfacet
facet normal 0.0 5.5511151231257815e-17 -1.0
  outer loop
    vertex 586.9689477472984 32.26631003557662 1.4099832412739488e-14
    vertex 587.227766792401 34.300384209287586 2.8199664825478975e-15
    vertex 587.745404882606 32.36853255670943 -3.3839597790574766e-14
  endloop
endfacet
facet normal 0.0 5.5511151231257815e-17 -1.0
  outer loop
    vertex 587.745404882606 32.36853255670943 -3.3839597790574766e-14
    vertex 587.227766792401 34.300384209287586 2.8199664825478975e-15
    vertex 587.4689477472984 34.40028463179222 2.8199664825478975e-15
  endloop
endfacet
facet normal 0.0 5.5511151231257815e-17 -1.0
  outer loop
    vertex 587.745404882606 32.36853255670943 -3.3839597790574766e-14
    vertex 587.4689477472984 34.40028463179222 2.8199664825478975e-15
    vertex 587.676054528485 34.559203254390084 -8.459899447643692e-15
  endloop
endfacet
facet normal 0.0 5.5511151231257815e-17 -1.0
  outer loop
    vertex 587.745404882606 32.36853255670943 -3.3839597790574766e-14
    vertex 587.676054528485 34.559203254390084 -8.459899447643692e-15
    vertex 587.8349731510829 34.76631003557664 -3.101963130802687e-14
  endloop
endfacet
facet normal 0.0 5.5511151231257815e-17 -1.0
  outer loop
    vertex 587.745404882606 32.36853255670943 -3.3839597790574766e-14
    vertex 587.8349731510829 34.76631003557664 -3.101963130802687e-14
    vertex 588.4689477472984 32.66823382422333 -2.8199664825478975e-15
  endloop
endfacet
facet normal 0.0 5.5511151231257815e-17 -1.0
  outer loop
    vertex 588.4689477472984 32.66823382422333 -2.8199664825478975e-15
    vertex 587.8349731510829 34.76631003557664 -3.101963130802687e-14
    vertex 587.9348735735875 35.007490990474125 2.8199664825478975e-15
  endloop
endfacet
facet normal 0.0 5.5511151231257815e-17 -1.0
  outer loop
    vertex 588.4689477472984 32.66823382422333 -2.8199664825478975e-15
    vertex 587.9348735735875 35.007490990474125 2.8199664825478975e-15
    vertex 587.9689477472984 35.26631003557665 1.4099832412739488e-14
  endloop
endfacet
facet normal 0.0 5.5511151231257815e-17 -1.0
  outer loop
    vertex 588.4689477472984 32.66823382422333 -2.8199664825478975e-15
    vertex 587.9689477472984 35.26631003557665 1.4099832412739488e-14
    vertex 588.4689477472984 37.86438624692996 -1.973976537783528e-14
  endloop
endfacet
facet normal 0.0 5.5511151231257815e-17 -1.0
  outer loop
    vertex 588.4689477472984 32.66823382422333 -2.8199664825478975e-15
    vertex 588.4689477472984 37.86438624692996 -1.973976537783528e-14
    vertex 589.0902680908581 37.38763037913629 -8.459899447643692e-15
  endloop
endfacet
facet normal 0.0 5.5511151231257815e-17 -1.0
  outer loop
    vertex 588.4689477472984 32.66823382422333 -2.8199664825478975e-15
    vertex 589.0902680908581 37.38763037913629 -8.459899447643692e-15
    vertex 589.0902680908581 33.14498969201702 2.8199664825478975e-15
  endloop
endfacet
facet normal 0.0 5.5511151231257815e-17 -1.0
  outer loop
    vertex 589.0902680908581 33.14498969201702 2.8199664825478975e-15
    vertex 589.0902680908581 37.38763037913629 -8.459899447643692e-15
    vertex 589.5670239586517 36.76631003557664 -2.5379698342931078e-14
  endloop
endfacet
facet normal 0.0 5.5511151231257815e-17 -1.0
  outer loop
    vertex 589.0902680908581 33.14498969201702 2.8199664825478975e-15
    vertex 589.5670239586517 36.76631003557664 -2.5379698342931078e-14
    vertex 589.5670239586517 33.76631003557664 8.459899447643692e-15
  endloop
endfacet
facet normal 0.0 5.5511151231257815e-17 -1.0
  outer loop
    vertex 589.5670239586517 33.76631003557664 8.459899447643692e-15
    vertex 589.5670239586517 36.76631003557664 -2.5379698342931078e-14
    vertex 589.8667252261656 36.04276717088419 8.459899447643692e-15
  endloop
endfacet
facet normal 0.0 5.5511151231257815e-17 -1.0
  outer loop
    vertex 589.5670239586517 33.76631003557664 8.459899447643692e-15
    vertex 589.8667252261656 36.04276717088419 8.459899447643692e-15
    vertex 589.8667252261656 34.489852900269085 -1.4099832412739488e-14
  endloop
endfacet
facet normal 0.0 5.5511151231257815e-17 -1.0
  outer loop
    vertex 589.8667252261656 34.489852900269085 -1.4099832412739488e-14
    vertex 589.8667252261656 36.04276717088419 8.459899447643692e-15
    vertex 589.9689477472984 35.26631003557665 1.4099832412739488e-14
  endloop
endfacet
facet normal 0.0 5.5511151231257815e-17 -1.0
  outer loop
    vertex 581.9689477472984 30.266310035576634 -2.8199664825478975e-15
    vertex 586.0030219210093 35.007490990474125 2.8199664825478975e-15
    vertex 586.9689477472984 30.266310035576634 -2.8199664825478975e-15
  endloop
endfacet
facet normal 0.0 5.5511151231257815e-17 -1.0
  outer loop
    vertex 586.0030219210093 35.007490990474125 2.8199664825478975e-15
    vertex 581.9689477472984 30.266310035576634 -2.8199664825478975e-15
    vertex 585.9689477472984 35.26631003557665 1.4099832412739488e-14
  endloop
endfacet
facet normal 0.0 5.5511151231257815e-17 -1.0
  outer loop
    vertex 585.9689477472984 35.26631003557665 1.4099832412739488e-14
    vertex 581.9689477472984 30.266310035576634 -2.8199664825478975e-15
    vertex 583.9689477472984 122.26631003557664 1.4099832412739488e-14
  endloop
endfacet
facet normal 0.0 5.5511151231257815e-17 -1.0
  outer loop
    vertex 585.9689477472984 35.26631003557665 1.4099832412739488e-14
    vertex 583.9689477472984 122.26631003557664 1.4099832412739488e-14
    vertex 584.0030219210093 122.0074909904741 -8.459899447643692e-15
  endloop
endfacet
facet normal 0.0 5.5511151231257815e-17 -1.0
  outer loop
    vertex 585.9689477472984 35.26631003557665 1.4099832412739488e-14
    vertex 584.0030219210093 122.0074909904741 -8.459899447643692e-15
    vertex 584.102922343514 121.76631003557665 2.8199664825478975e-15
  endloop
endfacet
facet normal 0.0 5.5511151231257815e-17 -1.0
  outer loop
    vertex 585.9689477472984 35.26631003557665 1.4099832412739488e-14
    vertex 584.102922343514 121.76631003557665 2.8199664825478975e-15
    vertex 584.2618409661119 121.55920325439008 -2.8199664825478975e-15
  endloop
endfacet
facet normal 0.0 5.5511151231257815e-17 -1.0
  outer loop
    vertex 585.9689477472984 35.26631003557665 1.4099832412739488e-14
    vertex 584.2618409661119 121.55920325439008 -2.8199664825478975e-15
    vertex 584.4689477472984 121.40028463179215 1.4099832412739488e-14
  endloop
endfacet
facet normal 0.0 5.5511151231257815e-17 -1.0
  outer loop
    vertex 585.9689477472984 35.26631003557665 1.4099832412739488e-14
    vertex 584.4689477472984 121.40028463179215 1.4099832412739488e-14
    vertex 584.7101287021959 121.30038420928754 -2.8199664825478975e-15
  endloop
endfacet
facet normal 0.0 5.5511151231257815e-17 -1.0
  outer loop
    vertex 585.9689477472984 35.26631003557665 1.4099832412739488e-14
    vertex 584.7101287021959 121.30038420928754 -2.8199664825478975e-15
    vertex 584.9689477472983 119.2663100355766 8.459899447643692e-15
  endloop
endfacet
facet normal 0.0 5.5511151231257815e-17 -1.0
  outer loop
    vertex 584.9689477472983 119.2663100355766 8.459899447643692e-15
    vertex 584.7101287021959 121.30038420928754 -2.8199664825478975e-15
    vertex 584.9689477472983 121.26631003557664 1.4099832412739488e-14
  endloop
endfacet
facet normal 0.0 5.5511151231257815e-17 -1.0
  outer loop
    vertex 585.9689477472984 35.26631003557665 1.4099832412739488e-14
    vertex 584.9689477472983 119.2663100355766 8.459899447643692e-15
    vertex 585.4689477472984 83.26631003557665 1.4099832412739488e-14
  endloop
endfacet
facet normal 0.0 5.5511151231257815e-17 -1.0
  outer loop
    vertex 585.9689477472984 35.26631003557665 1.4099832412739488e-14
    vertex 585.4689477472984 83.26631003557665 1.4099832412739488e-14
    vertex 585.5030219210093 83.0074909904741 -8.459899447643692e-15
  endloop
endfacet
facet normal 0.0 5.5511151231257815e-17 -1.0
  outer loop
    vertex 585.9689477472984 35.26631003557665 1.4099832412739488e-14
    vertex 585.5030219210093 83.0074909904741 -8.459899447643692e-15
    vertex 585.602922343514 82.76631003557665 5.639932965095795e-15
  endloop
endfacet
facet normal 0.0 5.5511151231257815e-17 -1.0
  outer loop
    vertex 585.9689477472984 35.26631003557665 1.4099832412739488e-14
    vertex 585.602922343514 82.76631003557665 5.639932965095795e-15
    vertex 585.7618409661119 82.5592032543901 0.0
  endloop
endfacet
facet normal 0.0 5.5511151231257815e-17 -1.0
  outer loop
    vertex 585.9689477472984 35.26631003557665 1.4099832412739488e-14
    vertex 585.7618409661119 82.5592032543901 0.0
    vertex 585.9689477472984 82.4002846317922 5.639932965095795e-15
  endloop
endfacet
facet normal 0.0 5.5511151231257815e-17 -1.0
  outer loop
    vertex 585.9689477472984 35.26631003557665 1.4099832412739488e-14
    vertex 585.9689477472984 82.4002846317922 5.639932965095795e-15
    vertex 585.9689477472984 61.26631003557664 2.8199664825478975e-15
  endloop
endfacet
facet normal 0.0 5.5511151231257815e-17 -1.0
  outer loop
    vertex 586.9689477472984 30.266310035576634 -2.8199664825478975e-15
    vertex 586.0030219210093 35.007490990474125 2.8199664825478975e-15
    vertex 586.102922343514 34.76631003557664 -3.101963130802687e-14
  endloop
endfacet
facet normal 0.0 5.5511151231257815e-17 -1.0
  outer loop
    vertex 586.9689477472984 30.266310035576634 -2.8199664825478975e-15
    vertex 586.102922343514 34.76631003557664 -3.101963130802687e-14
    vertex 586.2618409661119 34.559203254390084 -8.459899447643692e-15
  endloop
endfacet
facet normal 0.0 5.5511151231257815e-17 -1.0
  outer loop
    vertex 586.9689477472984 30.266310035576634 -2.8199664825478975e-15
    vertex 586.2618409661119 34.559203254390084 -8.459899447643692e-15
    vertex 586.4689477472984 34.40028463179222 2.8199664825478975e-15
  endloop
endfacet
facet normal 0.0 5.5511151231257815e-17 -1.0
  outer loop
    vertex 586.9689477472984 30.266310035576634 -2.8199664825478975e-15
    vertex 586.4689477472984 34.40028463179222 2.8199664825478975e-15
    vertex 586.7101287021959 34.300384209287586 2.8199664825478975e-15
  endloop
endfacet
facet normal 0.0 5.5511151231257815e-17 -1.0
  outer loop
    vertex 586.9689477472984 30.266310035576634 -2.8199664825478975e-15
    vertex 586.7101287021959 34.300384209287586 2.8199664825478975e-15
    vertex 586.9689477472984 34.266310035576645 -1.973976537783528e-14
  endloop
endfacet
facet normal 0.0 5.5511151231257815e-17 -1.0
  outer loop
    vertex 586.9689477472984 30.266310035576634 -2.8199664825478975e-15
    vertex 586.9689477472984 34.266310035576645 -1.973976537783528e-14
    vertex 586.9689477472984 32.26631003557662 1.4099832412739488e-14
  endloop
endfacet
facet normal 0.0 5.5511151231257815e-17 -1.0
  outer loop
    vertex 585.2277667924009 121.30038420928754 -2.8199664825478975e-15
    vertex 584.9689477472983 119.2663100355766 8.459899447643692e-15
    vertex 584.9689477472983 121.26631003557664 1.4099832412739488e-14
  endloop
endfacet
facet normal 0.0 5.5511151231257815e-17 -1.0
  outer loop
    vertex 584.9689477472983 119.2663100355766 8.459899447643692e-15
    vertex 585.2277667924009 121.30038420928754 -2.8199664825478975e-15
    vertex 585.745404882606 119.36853255670943 -1.973976537783528e-14
  endloop
endfacet
facet normal 0.0 5.5511151231257815e-17 -1.0
  outer loop
    vertex 585.745404882606 119.36853255670943 -1.973976537783528e-14
    vertex 585.2277667924009 121.30038420928754 -2.8199664825478975e-15
    vertex 585.4689477472984 121.40028463179215 1.4099832412739488e-14
  endloop
endfacet
facet normal 0.0 5.5511151231257815e-17 -1.0
  outer loop
    vertex 585.745404882606 119.36853255670943 -1.973976537783528e-14
    vertex 585.4689477472984 121.40028463179215 1.4099832412739488e-14
    vertex 585.676054528485 121.55920325439008 -2.8199664825478975e-15
  endloop
endfacet
facet normal 0.0 5.5511151231257815e-17 -1.0
  outer loop
    vertex 585.745404882606 119.36853255670943 -1.973976537783528e-14
    vertex 585.676054528485 121.55920325439008 -2.8199664825478975e-15
    vertex 585.8349731510829 121.76631003557665 2.8199664825478975e-15
  endloop
endfacet
facet normal 0.0 5.5511151231257815e-17 -1.0
  outer loop
    vertex 585.745404882606 119.36853255670943 -1.973976537783528e-14
    vertex 585.8349731510829 121.76631003557665 2.8199664825478975e-15
    vertex 586.4689477472984 119.66823382422338 8.459899447643692e-15
  endloop
endfacet
facet normal 0.0 5.5511151231257815e-17 -1.0
  outer loop
    vertex 586.4689477472984 119.66823382422338 8.459899447643692e-15
    vertex 585.8349731510829 121.76631003557665 2.8199664825478975e-15
    vertex 585.9348735735875 122.0074909904741 -8.459899447643692e-15
  endloop
endfacet
facet normal 0.0 5.5511151231257815e-17 -1.0
  outer loop
    vertex 586.4689477472984 119.66823382422338 8.459899447643692e-15
    vertex 585.9348735735875 122.0074909904741 -8.459899447643692e-15
    vertex 585.9689477472984 122.26631003557664 1.4099832412739488e-14
  endloop
endfacet
facet normal 0.0 5.5511151231257815e-17 -1.0
  outer loop
    vertex 586.4689477472984 119.66823382422338 8.459899447643692e-15
    vertex 585.9689477472984 122.26631003557664 1.4099832412739488e-14
    vertex 586.3219001345421 132.85149546985392 -2.8199664825478975e-15
  endloop
endfacet
facet normal 0.0 5.5511151231257815e-17 -1.0
  outer loop
    vertex 586.4689477472984 119.66823382422338 8.459899447643692e-15
    vertex 586.3219001345421 132.85149546985392 -2.8199664825478975e-15
    vertex 586.9689477472984 132.7663100355766 -2.8199664825478975e-15
  endloop
endfacet
facet normal 0.0 5.5511151231257815e-17 -1.0
  outer loop
    vertex 586.4689477472984 119.66823382422338 8.459899447643692e-15
    vertex 586.9689477472984 132.7663100355766 -2.8199664825478975e-15
    vertex 587.0902680908581 120.14498969201703 5.639932965095795e-15
  endloop
endfacet
facet normal 0.0 5.5511151231257815e-17 -1.0
  outer loop
    vertex 587.0902680908581 120.14498969201703 5.639932965095795e-15
    vertex 586.9689477472984 132.7663100355766 -2.8199664825478975e-15
    vertex 587.6159953600547 132.85149546985392 2.8199664825478975e-15
  endloop
endfacet
facet normal 0.0 5.5511151231257815e-17 -1.0
  outer loop
    vertex 587.0902680908581 120.14498969201703 5.639932965095795e-15
    vertex 587.6159953600547 132.85149546985392 2.8199664825478975e-15
    vertex 587.5670239586517 120.76631003557665 -8.459899447643692e-15
  endloop
endfacet
facet normal 0.0 5.5511151231257815e-17 -1.0
  outer loop
    vertex 587.5670239586517 120.76631003557665 -8.459899447643692e-15
    vertex 587.6159953600547 132.85149546985392 2.8199664825478975e-15
    vertex 587.8667252261656 121.48985290026907 8.459899447643692e-15
  endloop
endfacet
facet normal 0.0 5.5511151231257815e-17 -1.0
  outer loop
    vertex 587.8667252261656 121.48985290026907 8.459899447643692e-15
    vertex 587.6159953600547 132.85149546985392 2.8199664825478975e-15
    vertex 587.9689477472984 130.26631003557665 -2.5379698342931078e-14
  endloop
endfacet
facet normal 0.0 5.5511151231257815e-17 -1.0
  outer loop
    vertex 587.9689477472984 130.26631003557665 -2.5379698342931078e-14
    vertex 587.6159953600547 132.85149546985392 2.8199664825478975e-15
    vertex 588.2189477472983 133.10124652611555 -3.101963130802687e-14
  endloop
endfacet
facet normal 0.0 5.5511151231257815e-17 -1.0
  outer loop
    vertex 587.9689477472984 130.26631003557665 -2.5379698342931078e-14
    vertex 588.2189477472983 133.10124652611555 -3.101963130802687e-14
    vertex 604.4689477472984 127.26631003557662 2.8199664825478975e-15
  endloop
endfacet
facet normal 0.0 5.5511151231257815e-17 -1.0
  outer loop
    vertex 604.4689477472984 127.26631003557662 2.8199664825478975e-15
    vertex 588.2189477472983 133.10124652611555 -3.101963130802687e-14
    vertex 588.7367147002648 133.49854308261027 0.0
  endloop
endfacet
facet normal 0.0 5.5511151231257815e-17 -1.0
  outer loop
    vertex 604.4689477472984 127.26631003557662 2.8199664825478975e-15
    vertex 588.7367147002648 133.49854308261027 0.0
    vertex 589.1340112567595 134.01631003557657 2.8199664825478976e-14
  endloop
endfacet
facet normal 0.0 5.5511151231257815e-17 -1.0
  outer loop
    vertex 604.4689477472984 127.26631003557662 2.8199664825478975e-15
    vertex 589.1340112567595 134.01631003557657 2.8199664825478976e-14
    vertex 589.3837623130211 134.61926242282027 2.8199664825478975e-15
  endloop
endfacet
facet normal 0.0 5.5511151231257815e-17 -1.0
  outer loop
    vertex 604.4689477472984 127.26631003557662 2.8199664825478975e-15
    vertex 589.3837623130211 134.61926242282027 2.8199664825478975e-15
    vertex 589.4689477472984 135.26631003557665 -2.8199664825478975e-15
  endloop
endfacet
facet normal 0.0 5.5511151231257815e-17 -1.0
  outer loop
    vertex 624.4689477472984 122.26631003557664 1.4099832412739488e-14
    vertex 621.9689477472984 94.76631003557665 1.127986593019159e-14
    vertex 624.4689477472984 127.26631003557662 2.8199664825478975e-15
  endloop
endfacet
facet normal 0.0 5.5511151231257815e-17 -1.0
  outer loop
    vertex 587.9689477472984 122.26631003557664 1.4099832412739488e-14
    vertex 587.8667252261656 121.48985290026907 8.459899447643692e-15
    vertex 587.9689477472984 130.26631003557665 -2.5379698342931078e-14
  endloop
endfacet
facet normal -0.92387953251126 0.38268343236515456 9.71445146547012e-17
  outer loop
    vertex 589.8667252261656 60.48985290026907 2.8199664825478975e-15
    vertex 589.5670239586517 59.766310035576645 -6.000000000000003
    vertex 589.5670239586517 59.766310035576645 0.0
  endloop
endfacet
facet normal -0.92387953251126 0.38268343236515456 9.71445146547012e-17
  outer loop
    vertex 589.5670239586517 59.766310035576645 -6.000000000000003
    vertex 589.8667252261656 60.48985290026907 2.8199664825478975e-15
    vertex 589.8667252261656 60.489852900269064 -5.999999999999997
  endloop
endfacet
facet normal -0.92387953251126 0.38268343236515456 9.71445146547012e-17
  outer loop
    vertex 589.8667252261656 60.489852900269064 -5.999999999999997
    vertex 589.8667252261656 60.48985290026907 2.8199664825478975e-15
    vertex 589.8667252261656 60.48985290026907 -2.999999999999989
  endloop
endfacet
facet normal -0.1305261922200381 0.9914448613738123 0.0
  outer loop
    vertex 586.4689477472984 80.26631003557665 5.639932965095795e-15
    vertex 587.245404882606 80.36853255670943 -5.999999999999997
    vertex 586.4689477472984 80.26631003557665 -6.000000000000009
  endloop
endfacet
facet normal -0.1305261922200381 0.9914448613738123 0.0
  outer loop
    vertex 587.245404882606 80.36853255670943 -5.999999999999997
    vertex 586.4689477472984 80.26631003557665 5.639932965095795e-15
    vertex 587.245404882606 80.36853255670944 2.8199664825478975e-15
  endloop
endfacet
facet normal -0.9238795325113007 -0.38268343236505625 -2.7755575615628914e-17
  outer loop
    vertex 589.0670239586517 84.76631003557664 -1.6919798895287383e-14
    vertex 589.3667252261656 84.04276717088422 -2.999999999999978
    vertex 589.3667252261656 84.04276717088419 1.6919798895287383e-14
  endloop
endfacet
facet normal -0.9238795325113007 -0.38268343236505625 -2.7755575615628914e-17
  outer loop
    vertex 589.3667252261656 84.04276717088422 -2.999999999999978
    vertex 589.0670239586517 84.76631003557664 -6.000000000000009
    vertex 589.3667252261656 84.04276717088418 -5.999999999999997
  endloop
endfacet
facet normal -0.9238795325113007 -0.38268343236505625 -2.7755575615628914e-17
  outer loop
    vertex 589.0670239586517 84.76631003557664 -6.000000000000009
    vertex 589.3667252261656 84.04276717088422 -2.999999999999978
    vertex 589.0670239586517 84.76631003557664 -1.6919798895287383e-14
  endloop
endfacet
facet normal -0.38268343236511554 -0.9238795325112761 -5.551115123125783e-17
  outer loop
    vertex 587.9689477472984 85.86438624692995 -2.5379698342931078e-14
    vertex 587.245404882606 86.16408751444384 -5.999999999999992
    vertex 587.9689477472984 85.86438624692993 -5.999999999999997
  endloop
endfacet
facet normal -0.38268343236511554 -0.9238795325112761 -5.551115123125783e-17
  outer loop
    vertex 587.245404882606 86.16408751444384 -5.999999999999992
    vertex 587.9689477472984 85.86438624692995 -2.5379698342931078e-14
    vertex 587.245404882606 86.16408751444386 1.6919798895287383e-14
  endloop
endfacet
facet normal -0.9995120760870788 -0.031234752377725387 -8.673617379884035e-19
  outer loop
    vertex 586.4689477472984 80.26631003557665 5.639932965095795e-15
    vertex 586.9689477472984 64.26631003557664 -5.999999999999997
    vertex 586.9689477472984 64.26631003557664 0.0
  endloop
endfacet
facet normal -0.9995120760870788 -0.031234752377725387 -8.673617379884035e-19
  outer loop
    vertex 586.9689477472984 64.26631003557664 -5.999999999999997
    vertex 586.4689477472984 80.26631003557665 5.639932965095795e-15
    vertex 586.4689477472984 80.26631003557665 -6.000000000000009
  endloop
endfacet
facet normal -0.9914448613738186 0.13052619221998887 6.938893903907228e-18
  outer loop
    vertex 589.9689477472984 61.26631003557664 2.8199664825478975e-15
    vertex 589.8667252261656 60.48985290026907 -2.999999999999989
    vertex 589.8667252261656 60.48985290026907 2.8199664825478975e-15
  endloop
endfacet
facet normal -0.9914448613738186 0.13052619221998887 6.938893903907228e-18
  outer loop
    vertex 589.8667252261656 60.48985290026907 -2.999999999999989
    vertex 589.9689477472984 61.26631003557664 2.8199664825478975e-15
    vertex 589.9689477472984 61.266310035576595 -3.0000000000000058
  endloop
endfacet
facet normal -0.9238795325113007 0.38268343236505625 2.7755575615628914e-17
  outer loop
    vertex 589.3667252261656 82.48985290026907 -5.639932965095795e-15
    vertex 589.0670239586517 81.76631003557667 -6.000000000000009
    vertex 589.0670239586517 81.76631003557667 -1.4099832412739488e-14
  endloop
endfacet
facet normal -0.9238795325113007 0.38268343236505625 2.7755575615628914e-17
  outer loop
    vertex 589.0670239586517 81.76631003557667 -6.000000000000009
    vertex 589.3667252261656 82.48985290026907 -5.639932965095795e-15
    vertex 589.3667252261656 82.48985290026909 -6.000000000000003
  endloop
endfacet
facet normal -0.9238795325113007 0.38268343236505625 2.7755575615628914e-17
  outer loop
    vertex 589.3667252261656 82.48985290026909 -6.000000000000003
    vertex 589.3667252261656 82.48985290026907 -5.639932965095795e-15
    vertex 589.3667252261656 82.48985290026909 -3.0000000000000058
  endloop
endfacet
facet normal -0.38268343236509117 0.9238795325112863 0.0
  outer loop
    vertex 587.245404882606 80.36853255670944 2.8199664825478975e-15
    vertex 587.9689477472984 80.66823382422332 -5.999999999999997
    vertex 587.245404882606 80.36853255670943 -5.999999999999997
  endloop
endfacet
facet normal -0.38268343236509117 0.9238795325112863 0.0
  outer loop
    vertex 587.9689477472984 80.66823382422332 -5.999999999999997
    vertex 587.245404882606 80.36853255670944 2.8199664825478975e-15
    vertex 587.9689477472984 80.66823382422331 -8.459899447643692e-15
  endloop
endfacet
facet normal -0.9914448613738037 -0.13052619222010217 0.0
  outer loop
    vertex 589.3667252261656 84.04276717088419 1.6919798895287383e-14
    vertex 589.4689477472984 83.26631003557665 -3.0000000000000226
    vertex 589.4689477472984 83.26631003557665 1.4099832412739488e-14
  endloop
endfacet
facet normal -0.9914448613738037 -0.13052619222010217 0.0
  outer loop
    vertex 589.4689477472984 83.26631003557665 -3.0000000000000226
    vertex 589.3667252261656 84.04276717088419 1.6919798895287383e-14
    vertex 589.3667252261656 84.04276717088422 -2.999999999999978
  endloop
endfacet
facet normal -0.6087614290087033 -0.7933533402912484 5.551115123125783e-17
  outer loop
    vertex 588.5902680908581 85.38763037913625 5.639932965095795e-15
    vertex 587.9689477472984 85.86438624692993 -5.999999999999997
    vertex 588.5902680908581 85.38763037913627 -6.000000000000009
  endloop
endfacet
facet normal -0.6087614290087033 -0.7933533402912484 5.551115123125783e-17
  outer loop
    vertex 587.9689477472984 85.86438624692993 -5.999999999999997
    vertex 588.5902680908581 85.38763037913625 5.639932965095795e-15
    vertex 587.9689477472984 85.86438624692995 -2.5379698342931078e-14
  endloop
endfacet
facet normal -0.6087614290087033 -0.7933533402912484 5.551115123125783e-17
  outer loop
    vertex 589.0902680908581 37.38763037913629 -8.459899447643692e-15
    vertex 588.4689477472984 37.864386246929975 -5.999999999999986
    vertex 589.0902680908581 37.387630379136276 -6.000000000000031
  endloop
endfacet
facet normal -0.6087614290087033 -0.7933533402912484 5.551115123125783e-17
  outer loop
    vertex 588.4689477472984 37.864386246929975 -5.999999999999986
    vertex 589.0902680908581 37.38763037913629 -8.459899447643692e-15
    vertex 588.4689477472984 37.86438624692996 -1.973976537783528e-14
  endloop
endfacet
facet normal -0.38268343236509117 -0.9238795325112863 0.0
  outer loop
    vertex 588.4689477472984 37.86438624692996 -1.973976537783528e-14
    vertex 587.745404882606 38.16408751444385 -5.999999999999986
    vertex 588.4689477472984 37.864386246929975 -5.999999999999986
  endloop
endfacet
facet normal -0.38268343236509117 -0.9238795325112863 0.0
  outer loop
    vertex 587.745404882606 38.16408751444385 -5.999999999999986
    vertex 588.4689477472984 37.86438624692996 -1.973976537783528e-14
    vertex 587.745404882606 38.16408751444383 -3.101963130802687e-14
  endloop
endfacet
facet normal -0.7933533402912519 -0.608761429008699 -8.326672684688674e-17
  outer loop
    vertex 589.5670239586517 62.76631003557664 -1.127986593019159e-14
    vertex 589.0902680908581 63.38763037913627 -5.999999999999997
    vertex 589.5670239586517 62.766310035576616 -5.999999999999997
  endloop
endfacet
facet normal -0.7933533402912519 -0.608761429008699 -8.326672684688674e-17
  outer loop
    vertex 589.0902680908581 63.38763037913627 -5.999999999999997
    vertex 589.5670239586517 62.76631003557664 -1.127986593019159e-14
    vertex 589.0902680908581 63.38763037913629 -5.639932965095795e-15
  endloop
endfacet
facet normal -0.1305261922200381 -0.9914448613738123 0.0
  outer loop
    vertex 587.245404882606 86.16408751444384 -5.999999999999992
    vertex 586.4689477472984 86.26631003557664 -5.639932965095795e-15
    vertex 586.4689477472984 86.26631003557662 -6.000000000000009
  endloop
endfacet
facet normal -0.1305261922200381 -0.9914448613738123 0.0
  outer loop
    vertex 586.4689477472984 86.26631003557664 -5.639932965095795e-15
    vertex 587.245404882606 86.16408751444384 -5.999999999999992
    vertex 587.245404882606 86.16408751444386 1.6919798895287383e-14
  endloop
endfacet
facet normal -0.92387953251126 -0.38268343236515456 0.0
  outer loop
    vertex 589.5670239586517 62.76631003557664 -1.127986593019159e-14
    vertex 589.8667252261656 62.04276717088419 -3.00000000000002
    vertex 589.8667252261656 62.04276717088419 -2.5379698342931078e-14
  endloop
endfacet
facet normal -0.92387953251126 -0.38268343236515456 0.0
  outer loop
    vertex 589.8667252261656 62.04276717088419 -3.00000000000002
    vertex 589.5670239586517 62.76631003557664 -1.127986593019159e-14
    vertex 589.8667252261656 62.0427671708842 -5.999999999999992
  endloop
endfacet
facet normal -0.92387953251126 -0.38268343236515456 0.0
  outer loop
    vertex 589.8667252261656 62.0427671708842 -5.999999999999992
    vertex 589.5670239586517 62.76631003557664 -1.127986593019159e-14
    vertex 589.5670239586517 62.766310035576616 -5.999999999999997
  endloop
endfacet
facet normal -0.9989685402102996 -0.045407660918650575 -3.469446951953614e-18
  outer loop
    vertex 586.4689477472984 86.26631003557664 -5.639932965095795e-15
    vertex 584.9689477472983 119.26631003557664 -5.999999999999992
    vertex 586.4689477472984 86.26631003557662 -6.000000000000009
  endloop
endfacet
facet normal -0.9989685402102996 -0.045407660918650575 -3.469446951953614e-18
  outer loop
    vertex 584.9689477472983 119.26631003557664 -5.999999999999992
    vertex 586.4689477472984 86.26631003557664 -5.639932965095795e-15
    vertex 584.9689477472983 119.2663100355766 8.459899447643692e-15
  endloop
endfacet
facet normal -0.1305261922200813 0.9914448613738066 0.0
  outer loop
    vertex 586.9689477472984 58.26631003557664 -5.999999999999986
    vertex 587.745404882606 58.368532556709404 -2.8199664825478975e-15
    vertex 587.745404882606 58.36853255670941 -6.00000000000002
  endloop
endfacet
facet normal -0.1305261922200813 0.9914448613738066 0.0
  outer loop
    vertex 587.745404882606 58.368532556709404 -2.8199664825478975e-15
    vertex 586.9689477472984 58.26631003557664 -5.999999999999986
    vertex 586.9689477472984 58.26631003557661 2.8199664825478975e-15
  endloop
endfacet
facet normal -0.6087614290087591 0.7933533402912059 2.7755575615628914e-17
  outer loop
    vertex 588.4689477472984 58.66823382422331 -2.8199664825478975e-15
    vertex 589.0902680908581 59.14498969201699 -5.999999999999997
    vertex 588.4689477472984 58.66823382422331 -5.999999999999997
  endloop
endfacet
facet normal -0.6087614290087591 0.7933533402912059 2.7755575615628914e-17
  outer loop
    vertex 589.0902680908581 59.14498969201699 -5.999999999999997
    vertex 588.4689477472984 58.66823382422331 -2.8199664825478975e-15
    vertex 589.0902680908581 59.14498969201699 -5.639932965095795e-15
  endloop
endfacet
facet normal -0.13052619222004516 0.9914448613738113 2.7755575615628914e-17
  outer loop
    vertex 584.9689477472983 119.26631003557664 -5.999999999999992
    vertex 585.745404882606 119.36853255670943 -1.973976537783528e-14
    vertex 585.745404882606 119.36853255670943 -6.000000000000009
  endloop
endfacet
facet normal -0.13052619222004516 0.9914448613738113 2.7755575615628914e-17
  outer loop
    vertex 585.745404882606 119.36853255670943 -1.973976537783528e-14
    vertex 584.9689477472983 119.26631003557664 -5.999999999999992
    vertex 584.9689477472983 119.2663100355766 8.459899447643692e-15
  endloop
endfacet
facet normal -0.9914448613738186 -0.13052619221998887 -6.938893903907228e-18
  outer loop
    vertex 589.9689477472984 61.26631003557664 2.8199664825478975e-15
    vertex 589.8667252261656 62.04276717088419 -3.00000000000002
    vertex 589.9689477472984 61.266310035576595 -3.0000000000000058
  endloop
endfacet
facet normal -0.9914448613738186 -0.13052619221998887 -6.938893903907228e-18
  outer loop
    vertex 589.8667252261656 62.04276717088419 -3.00000000000002
    vertex 589.9689477472984 61.26631003557664 2.8199664825478975e-15
    vertex 589.8667252261656 62.04276717088419 -2.5379698342931078e-14
  endloop
endfacet
facet normal -0.13052619222008127 -0.9914448613738066 0.0
  outer loop
    vertex 587.745404882606 38.16408751444385 -5.999999999999986
    vertex 586.9689477472984 38.26631003557667 2.5379698342931078e-14
    vertex 586.9689477472984 38.26631003557665 -6.000000000000014
  endloop
endfacet
facet normal -0.13052619222008127 -0.9914448613738066 0.0
  outer loop
    vertex 586.9689477472984 38.26631003557667 2.5379698342931078e-14
    vertex 587.745404882606 38.16408751444385 -5.999999999999986
    vertex 587.745404882606 38.16408751444383 -3.101963130802687e-14
  endloop
endfacet
facet normal -0.13052619222008127 -0.9914448613738066 0.0
  outer loop
    vertex 587.745404882606 64.16408751444384 2.8199664825478975e-15
    vertex 586.9689477472984 64.26631003557664 -5.999999999999997
    vertex 587.745404882606 64.16408751444386 -5.999999999999997
  endloop
endfacet
facet normal -0.13052619222008127 -0.9914448613738066 0.0
  outer loop
    vertex 586.9689477472984 64.26631003557664 -5.999999999999997
    vertex 587.745404882606 64.16408751444384 2.8199664825478975e-15
    vertex 586.9689477472984 64.26631003557664 0.0
  endloop
endfacet
facet normal -0.7933533402912519 -0.608761429008699 -8.326672684688674e-17
  outer loop
    vertex 589.5670239586517 36.76631003557664 -2.5379698342931078e-14
    vertex 589.0902680908581 37.387630379136276 -6.000000000000031
    vertex 589.5670239586517 36.766310035576616 -6.000000000000031
  endloop
endfacet
facet normal -0.7933533402912519 -0.608761429008699 -8.326672684688674e-17
  outer loop
    vertex 589.0902680908581 37.387630379136276 -6.000000000000031
    vertex 589.5670239586517 36.76631003557664 -2.5379698342931078e-14
    vertex 589.0902680908581 37.38763037913629 -8.459899447643692e-15
  endloop
endfacet
facet normal -1.0 0.0 0.0
  outer loop
    vertex 586.9689477472984 38.26631003557667 2.5379698342931078e-14
    vertex 586.9689477472984 58.26631003557664 -5.999999999999986
    vertex 586.9689477472984 38.26631003557665 -6.000000000000014
  endloop
endfacet
facet normal -1.0 0.0 0.0
  outer loop
    vertex 586.9689477472984 58.26631003557664 -5.999999999999986
    vertex 586.9689477472984 38.26631003557667 2.5379698342931078e-14
    vertex 586.9689477472984 58.26631003557661 2.8199664825478975e-15
  endloop
endfacet
facet normal -0.7933533402912409 -0.608761429008713 -2.7755575615628914e-17
  outer loop
    vertex 588.5902680908581 85.38763037913625 5.639932965095795e-15
    vertex 589.0670239586517 84.76631003557664 -6.000000000000009
    vertex 589.0670239586517 84.76631003557664 -1.6919798895287383e-14
  endloop
endfacet
facet normal -0.7933533402912409 -0.608761429008713 -2.7755575615628914e-17
  outer loop
    vertex 589.0670239586517 84.76631003557664 -6.000000000000009
    vertex 588.5902680908581 85.38763037913625 5.639932965095795e-15
    vertex 588.5902680908581 85.38763037913627 -6.000000000000009
  endloop
endfacet
facet normal -0.38268343236509117 -0.9238795325112863 0.0
  outer loop
    vertex 588.4689477472984 63.86438624692994 0.0
    vertex 587.745404882606 64.16408751444386 -5.999999999999997
    vertex 588.4689477472984 63.86438624692995 -5.999999999999997
  endloop
endfacet
facet normal -0.38268343236509117 -0.9238795325112863 0.0
  outer loop
    vertex 587.745404882606 64.16408751444386 -5.999999999999997
    vertex 588.4689477472984 63.86438624692994 0.0
    vertex 587.745404882606 64.16408751444384 2.8199664825478975e-15
  endloop
endfacet
facet normal -0.6087614290087033 0.7933533402912484 -5.551115123125783e-17
  outer loop
    vertex 587.9689477472984 80.66823382422331 -8.459899447643692e-15
    vertex 588.5902680908581 81.14498969201698 -5.999999999999997
    vertex 587.9689477472984 80.66823382422332 -5.999999999999997
  endloop
endfacet
facet normal -0.6087614290087033 0.7933533402912484 -5.551115123125783e-17
  outer loop
    vertex 588.5902680908581 81.14498969201698 -5.999999999999997
    vertex 587.9689477472984 80.66823382422331 -8.459899447643692e-15
    vertex 588.5902680908581 81.14498969201699 2.8199664825478975e-15
  endloop
endfacet
facet normal -0.6087614290087033 -0.7933533402912484 5.551115123125783e-17
  outer loop
    vertex 589.0902680908581 63.38763037913629 -5.639932965095795e-15
    vertex 588.4689477472984 63.86438624692995 -5.999999999999997
    vertex 589.0902680908581 63.38763037913627 -5.999999999999997
  endloop
endfacet
facet normal -0.6087614290087033 -0.7933533402912484 5.551115123125783e-17
  outer loop
    vertex 588.4689477472984 63.86438624692995 -5.999999999999997
    vertex 589.0902680908581 63.38763037913629 -5.639932965095795e-15
    vertex 588.4689477472984 63.86438624692994 0.0
  endloop
endfacet
facet normal -0.7933533402912519 0.608761429008699 8.326672684688674e-17
  outer loop
    vertex 589.5670239586517 59.766310035576645 0.0
    vertex 589.0902680908581 59.14498969201699 -5.999999999999997
    vertex 589.0902680908581 59.14498969201699 -5.639932965095795e-15
  endloop
endfacet
facet normal -0.7933533402912519 0.608761429008699 8.326672684688674e-17
  outer loop
    vertex 589.0902680908581 59.14498969201699 -5.999999999999997
    vertex 589.5670239586517 59.766310035576645 0.0
    vertex 589.5670239586517 59.766310035576645 -6.000000000000003
  endloop
endfacet
facet normal -0.7933533402912519 0.608761429008699 8.326672684688674e-17
  outer loop
    vertex 588.5902680908581 81.14498969201699 2.8199664825478975e-15
    vertex 589.0670239586517 81.76631003557667 -6.000000000000009
    vertex 588.5902680908581 81.14498969201698 -5.999999999999997
  endloop
endfacet
facet normal -0.7933533402912519 0.608761429008699 8.326672684688674e-17
  outer loop
    vertex 589.0670239586517 81.76631003557667 -6.000000000000009
    vertex 588.5902680908581 81.14498969201699 2.8199664825478975e-15
    vertex 589.0670239586517 81.76631003557667 -1.4099832412739488e-14
  endloop
endfacet
facet normal -0.9914448613738037 0.13052619222010217 0.0
  outer loop
    vertex 589.4689477472984 83.26631003557665 1.4099832412739488e-14
    vertex 589.3667252261656 82.48985290026909 -3.0000000000000058
    vertex 589.3667252261656 82.48985290026907 -5.639932965095795e-15
  endloop
endfacet
facet normal -0.9914448613738037 0.13052619222010217 0.0
  outer loop
    vertex 589.3667252261656 82.48985290026909 -3.0000000000000058
    vertex 589.4689477472984 83.26631003557665 1.4099832412739488e-14
    vertex 589.4689477472984 83.26631003557665 -3.0000000000000226
  endloop
endfacet
facet normal -0.38268343236505026 0.9238795325113032 -2.7755575615628914e-17
  outer loop
    vertex 587.745404882606 58.368532556709404 -2.8199664825478975e-15
    vertex 588.4689477472984 58.66823382422331 -5.999999999999997
    vertex 587.745404882606 58.36853255670941 -6.00000000000002
  endloop
endfacet
facet normal -0.38268343236505026 0.9238795325113032 -2.7755575615628914e-17
  outer loop
    vertex 588.4689477472984 58.66823382422331 -5.999999999999997
    vertex 587.745404882606 58.368532556709404 -2.8199664825478975e-15
    vertex 588.4689477472984 58.66823382422331 -2.8199664825478975e-15
  endloop
endfacet
facet normal 0.0 1.0 5.5511151231257815e-17
  outer loop
    vertex 581.9689477472984 30.266310035576634 -2.8199664825478975e-15
    vertex 586.9689477472984 30.266310035576623 -5.999999999999997
    vertex 581.9689477472984 30.266310035576623 -5.999999999999997
  endloop
endfacet
facet normal 0.0 1.0 5.5511151231257815e-17
  outer loop
    vertex 586.9689477472984 30.266310035576623 -5.999999999999997
    vertex 581.9689477472984 30.266310035576634 -2.8199664825478975e-15
    vertex 586.9689477472984 30.266310035576634 -2.8199664825478975e-15
  endloop
endfacet
facet normal -0.6087614290087591 0.7933533402912059 2.7755575615628914e-17
  outer loop
    vertex 588.4689477472984 32.66823382422333 -2.8199664825478975e-15
    vertex 589.0902680908581 33.14498969201697 -6.000000000000009
    vertex 588.4689477472984 32.668233824223314 -6.000000000000009
  endloop
endfacet
facet normal -0.6087614290087591 0.7933533402912059 2.7755575615628914e-17
  outer loop
    vertex 589.0902680908581 33.14498969201697 -6.000000000000009
    vertex 588.4689477472984 32.66823382422333 -2.8199664825478975e-15
    vertex 589.0902680908581 33.14498969201702 2.8199664825478975e-15
  endloop
endfacet
facet normal -0.7933533402912519 0.608761429008699 8.326672684688674e-17
  outer loop
    vertex 589.0902680908581 33.14498969201702 2.8199664825478975e-15
    vertex 589.5670239586517 33.766310035576645 -6.000000000000009
    vertex 589.0902680908581 33.14498969201697 -6.000000000000009
  endloop
endfacet
facet normal -0.7933533402912519 0.608761429008699 8.326672684688674e-17
  outer loop
    vertex 589.5670239586517 33.766310035576645 -6.000000000000009
    vertex 589.0902680908581 33.14498969201702 2.8199664825478975e-15
    vertex 589.5670239586517 33.76631003557664 8.459899447643692e-15
  endloop
endfacet
facet normal -0.9914448613738186 -0.13052619221998887 -6.938893903907228e-18
  outer loop
    vertex 589.9689477472984 35.26631003557665 1.4099832412739488e-14
    vertex 589.8667252261656 36.0427671708842 -3.000000000000003
    vertex 589.9689477472984 35.266310035576645 -3.000000000000017
  endloop
endfacet
facet normal -0.9914448613738186 -0.13052619221998887 -6.938893903907228e-18
  outer loop
    vertex 589.8667252261656 36.0427671708842 -3.000000000000003
    vertex 589.9689477472984 35.26631003557665 1.4099832412739488e-14
    vertex 589.8667252261656 36.04276717088419 8.459899447643692e-15
  endloop
endfacet
facet normal -0.92387953251126 -0.38268343236515456 0.0
  outer loop
    vertex 589.5670239586517 36.76631003557664 -2.5379698342931078e-14
    vertex 589.8667252261656 36.0427671708842 -3.000000000000003
    vertex 589.8667252261656 36.04276717088419 8.459899447643692e-15
  endloop
endfacet
facet normal -0.92387953251126 -0.38268343236515456 0.0
  outer loop
    vertex 589.8667252261656 36.0427671708842 -3.000000000000003
    vertex 589.5670239586517 36.76631003557664 -2.5379698342931078e-14
    vertex 589.8667252261656 36.04276717088421 -5.999999999999975
  endloop
endfacet
facet normal -0.92387953251126 -0.38268343236515456 0.0
  outer loop
    vertex 589.8667252261656 36.04276717088421 -5.999999999999975
    vertex 589.5670239586517 36.76631003557664 -2.5379698342931078e-14
    vertex 589.5670239586517 36.766310035576616 -6.000000000000031
  endloop
endfacet
facet normal -0.92387953251126 0.38268343236515456 0.0
  outer loop
    vertex 589.8667252261656 34.489852900269085 -1.4099832412739488e-14
    vertex 589.5670239586517 33.766310035576645 -6.000000000000009
    vertex 589.5670239586517 33.76631003557664 8.459899447643692e-15
  endloop
endfacet
facet normal -0.92387953251126 0.38268343236515456 0.0
  outer loop
    vertex 589.5670239586517 33.766310035576645 -6.000000000000009
    vertex 589.8667252261656 34.489852900269085 -1.4099832412739488e-14
    vertex 589.8667252261656 34.48985290026905 -5.999999999999997
  endloop
endfacet
facet normal -0.92387953251126 0.38268343236515456 0.0
  outer loop
    vertex 589.8667252261656 34.48985290026905 -5.999999999999997
    vertex 589.8667252261656 34.489852900269085 -1.4099832412739488e-14
    vertex 589.8667252261656 34.48985290026909 -3.0000000000000084
  endloop
endfacet
facet normal 1.0 0.0 0.0
  outer loop
    vertex 581.9689477472984 140.2663100355766 -5.999999999999975
    vertex 581.9689477472984 30.266310035576634 -2.8199664825478975e-15
    vertex 581.9689477472984 30.266310035576623 -5.999999999999997
  endloop
endfacet
facet normal 1.0 0.0 0.0
  outer loop
    vertex 581.9689477472984 30.266310035576634 -2.8199664825478975e-15
    vertex 581.9689477472984 140.2663100355766 -5.999999999999975
    vertex 581.9689477472984 140.2663100355766 0.0
  endloop
endfacet
facet normal -1.0 0.0 0.0
  outer loop
    vertex 586.9689477472984 30.266310035576634 -2.8199664825478975e-15
    vertex 586.9689477472984 32.26631003557662 -5.999999999999997
    vertex 586.9689477472984 30.266310035576623 -5.999999999999997
  endloop
endfacet
facet normal -1.0 0.0 0.0
  outer loop
    vertex 586.9689477472984 32.26631003557662 -5.999999999999997
    vertex 586.9689477472984 30.266310035576634 -2.8199664825478975e-15
    vertex 586.9689477472984 32.26631003557662 1.4099832412739488e-14
  endloop
endfacet
facet normal -0.38268343236505026 0.9238795325113032 -2.7755575615628914e-17
  outer loop
    vertex 587.745404882606 32.36853255670943 -3.3839597790574766e-14
    vertex 588.4689477472984 32.668233824223314 -6.000000000000009
    vertex 587.745404882606 32.36853255670945 -6.000000000000009
  endloop
endfacet
facet normal -0.38268343236505026 0.9238795325113032 -2.7755575615628914e-17
  outer loop
    vertex 588.4689477472984 32.668233824223314 -6.000000000000009
    vertex 587.745404882606 32.36853255670943 -3.3839597790574766e-14
    vertex 588.4689477472984 32.66823382422333 -2.8199664825478975e-15
  endloop
endfacet
facet normal 0.0 -1.0 -5.5511151231257815e-17
  outer loop
    vertex 646.9689477472984 140.2663100355766 0.0
    vertex 581.9689477472984 140.2663100355766 -5.999999999999975
    vertex 646.9689477472984 140.2663100355766 -5.999999999999975
  endloop
endfacet
facet normal 0.0 -1.0 -5.5511151231257815e-17
  outer loop
    vertex 581.9689477472984 140.2663100355766 -5.999999999999975
    vertex 646.9689477472984 140.2663100355766 0.0
    vertex 581.9689477472984 140.2663100355766 0.0
  endloop
endfacet
facet normal -0.9914448613738186 0.13052619221998887 6.938893903907228e-18
  outer loop
    vertex 589.9689477472984 35.26631003557665 1.4099832412739488e-14
    vertex 589.8667252261656 34.48985290026909 -3.0000000000000084
    vertex 589.8667252261656 34.489852900269085 -1.4099832412739488e-14
  endloop
endfacet
facet normal -0.9914448613738186 0.13052619221998887 6.938893903907228e-18
  outer loop
    vertex 589.8667252261656 34.48985290026909 -3.0000000000000084
    vertex 589.9689477472984 35.26631003557665 1.4099832412739488e-14
    vertex 589.9689477472984 35.266310035576645 -3.000000000000017
  endloop
endfacet
facet normal -0.1305261922200813 0.9914448613738066 0.0
  outer loop
    vertex 586.9689477472984 32.26631003557662 -5.999999999999997
    vertex 587.745404882606 32.36853255670943 -3.3839597790574766e-14
    vertex 587.745404882606 32.36853255670945 -6.000000000000009
  endloop
endfacet
facet normal -0.1305261922200813 0.9914448613738066 0.0
  outer loop
    vertex 587.745404882606 32.36853255670943 -3.3839597790574766e-14
    vertex 586.9689477472984 32.26631003557662 -5.999999999999997
    vertex 586.9689477472984 32.26631003557662 1.4099832412739488e-14
  endloop
endfacet
facet normal 0.6087614290087033 -0.7933533402912484 5.551115123125783e-17
  outer loop
    vertex 640.9689477472984 85.86438624692993 -5.999999999999997
    vertex 640.3476274037388 85.38763037913625 5.639932965095795e-15
    vertex 640.3476274037388 85.38763037913627 -6.000000000000009
  endloop
endfacet
facet normal 0.6087614290087033 -0.7933533402912484 5.551115123125783e-17
  outer loop
    vertex 640.3476274037388 85.38763037913625 5.639932965095795e-15
    vertex 640.9689477472984 85.86438624692993 -5.999999999999997
    vertex 640.9689477472984 85.86438624692995 -2.5379698342931078e-14
  endloop
endfacet
facet normal 0.9238795325112559 0.3826834323651647 0.0
  outer loop
    vertex 639.5711702684312 82.48985290026907 -6.000000000000003
    vertex 639.5711702684312 82.48985290026907 -3.000000000000003
    vertex 639.8708715359451 81.76631003557667 -6.000000000000009
  endloop
endfacet
facet normal 0.9238795325112559 0.3826834323651647 0.0
  outer loop
    vertex 639.8708715359451 81.76631003557667 -6.000000000000009
    vertex 639.5711702684312 82.48985290026907 -1.127986593019159e-14
    vertex 639.8708715359451 81.76631003557667 -1.4099832412739488e-14
  endloop
endfacet
facet normal 0.9238795325112559 0.3826834323651647 0.0
  outer loop
    vertex 639.5711702684312 82.48985290026907 -1.127986593019159e-14
    vertex 639.8708715359451 81.76631003557667 -6.000000000000009
    vertex 639.5711702684312 82.48985290026907 -3.000000000000003
  endloop
endfacet
facet normal 0.38268343236509117 0.9238795325112863 0.0
  outer loop
    vertex 640.9689477472984 80.66823382422331 -8.459899447643692e-15
    vertex 641.6924906119908 80.36853255670943 -5.999999999999997
    vertex 640.9689477472984 80.66823382422332 -5.999999999999997
  endloop
endfacet
facet normal 0.38268343236509117 0.9238795325112863 0.0
  outer loop
    vertex 641.6924906119908 80.36853255670943 -5.999999999999997
    vertex 640.9689477472984 80.66823382422331 -8.459899447643692e-15
    vertex 641.6924906119908 80.36853255670944 2.8199664825478975e-15
  endloop
endfacet
facet normal -0.17888543819998215 0.9838699100999078 -1.1102230246251565e-16
  outer loop
    vertex 624.4689477472984 127.26631003557658 -5.999999999999986
    vertex 640.9689477472984 130.26631003557665 -2.5379698342931078e-14
    vertex 640.9689477472984 130.26631003557662 -5.999999999999992
  endloop
endfacet
facet normal -0.17888543819998215 0.9838699100999078 -1.1102230246251565e-16
  outer loop
    vertex 640.9689477472984 130.26631003557665 -2.5379698342931078e-14
    vertex 624.4689477472984 127.26631003557658 -5.999999999999986
    vertex 624.4689477472984 127.26631003557662 -2.999999999999989
  endloop
endfacet
facet normal -0.17888543819998215 0.9838699100999078 -1.1102230246251565e-16
  outer loop
    vertex 640.9689477472984 130.26631003557665 -2.5379698342931078e-14
    vertex 624.4689477472984 127.26631003557662 -2.999999999999989
    vertex 624.4689477472984 127.26631003557662 2.8199664825478975e-15
  endloop
endfacet
facet normal 0.92387953251126 -0.38268343236515456 0.0
  outer loop
    vertex 639.8708715359451 84.76631003557664 -6.000000000000009
    vertex 639.5711702684312 84.04276717088422 -2.999999999999978
    vertex 639.5711702684312 84.04276717088418 -5.999999999999997
  endloop
endfacet
facet normal 0.92387953251126 -0.38268343236515456 0.0
  outer loop
    vertex 639.5711702684312 84.04276717088422 -2.999999999999978
    vertex 639.8708715359451 84.76631003557664 -1.6919798895287383e-14
    vertex 639.5711702684312 84.04276717088419 1.6919798895287383e-14
  endloop
endfacet
facet normal 0.92387953251126 -0.38268343236515456 0.0
  outer loop
    vertex 639.8708715359451 84.76631003557664 -1.6919798895287383e-14
    vertex 639.5711702684312 84.04276717088422 -2.999999999999978
    vertex 639.8708715359451 84.76631003557664 -6.000000000000009
  endloop
endfacet
facet normal 0.38268343236511554 -0.9238795325112761 -5.551115123125783e-17
  outer loop
    vertex 641.6924906119908 86.16408751444384 -5.999999999999992
    vertex 640.9689477472984 85.86438624692995 -2.5379698342931078e-14
    vertex 640.9689477472984 85.86438624692993 -5.999999999999997
  endloop
endfacet
facet normal 0.38268343236511554 -0.9238795325112761 -5.551115123125783e-17
  outer loop
    vertex 640.9689477472984 85.86438624692995 -2.5379698342931078e-14
    vertex 641.6924906119908 86.16408751444384 -5.999999999999992
    vertex 641.6924906119908 86.16408751444386 1.6919798895287383e-14
  endloop
endfacet
facet normal 0.7933533402912409 -0.608761429008713 -2.7755575615628914e-17
  outer loop
    vertex 640.3476274037388 85.38763037913627 -6.000000000000009
    vertex 639.8708715359451 84.76631003557664 -1.6919798895287383e-14
    vertex 639.8708715359451 84.76631003557664 -6.000000000000009
  endloop
endfacet
facet normal 0.7933533402912409 -0.608761429008713 -2.7755575615628914e-17
  outer loop
    vertex 639.8708715359451 84.76631003557664 -1.6919798895287383e-14
    vertex 640.3476274037388 85.38763037913627 -6.000000000000009
    vertex 640.3476274037388 85.38763037913625 5.639932965095795e-15
  endloop
endfacet
facet normal 0.7933533402912519 0.608761429008699 8.326672684688674e-17
  outer loop
    vertex 639.8708715359451 81.76631003557667 -6.000000000000009
    vertex 640.3476274037388 81.14498969201699 2.8199664825478975e-15
    vertex 640.3476274037388 81.14498969201698 -5.999999999999997
  endloop
endfacet
facet normal 0.7933533402912519 0.608761429008699 8.326672684688674e-17
  outer loop
    vertex 640.3476274037388 81.14498969201699 2.8199664825478975e-15
    vertex 639.8708715359451 81.76631003557667 -6.000000000000009
    vertex 639.8708715359451 81.76631003557667 -1.4099832412739488e-14
  endloop
endfacet
facet normal 0.9914448613738186 -0.13052619221998887 -6.938893903907228e-18
  outer loop
    vertex 639.4689477472984 83.26631003557665 -3.0000000000000226
    vertex 639.5711702684312 84.04276717088419 1.6919798895287383e-14
    vertex 639.4689477472984 83.26631003557665 1.4099832412739488e-14
  endloop
endfacet
facet normal 0.9914448613738186 -0.13052619221998887 -6.938893903907228e-18
  outer loop
    vertex 639.5711702684312 84.04276717088419 1.6919798895287383e-14
    vertex 639.4689477472984 83.26631003557665 -3.0000000000000226
    vertex 639.5711702684312 84.04276717088422 -2.999999999999978
  endloop
endfacet
facet normal 0.6087614290087033 0.7933533402912484 -5.551115123125783e-17
  outer loop
    vertex 640.3476274037388 81.14498969201699 2.8199664825478975e-15
    vertex 640.9689477472984 80.66823382422332 -5.999999999999997
    vertex 640.3476274037388 81.14498969201698 -5.999999999999997
  endloop
endfacet
facet normal 0.6087614290087033 0.7933533402912484 -5.551115123125783e-17
  outer loop
    vertex 640.9689477472984 80.66823382422332 -5.999999999999997
    vertex 640.3476274037388 81.14498969201699 2.8199664825478975e-15
    vertex 640.9689477472984 80.66823382422331 -8.459899447643692e-15
  endloop
endfacet
facet normal 0.7933533402912519 -0.608761429008699 -8.326672684688674e-17
  outer loop
    vertex 639.8476274037388 63.38763037913627 -5.999999999999997
    vertex 639.3708715359452 62.76631003557664 -1.127986593019159e-14
    vertex 639.3708715359452 62.766310035576616 -5.999999999999997
  endloop
endfacet
facet normal 0.7933533402912519 -0.608761429008699 -8.326672684688674e-17
  outer loop
    vertex 639.3708715359452 62.76631003557664 -1.127986593019159e-14
    vertex 639.8476274037388 63.38763037913627 -5.999999999999997
    vertex 639.8476274037388 63.38763037913629 -5.639932965095795e-15
  endloop
endfacet
facet normal 0.38268343236505653 0.9238795325113007 2.7755575615628914e-17
  outer loop
    vertex 642.4689477472983 119.66823382422338 8.459899447643692e-15
    vertex 643.1924906119909 119.36853255670943 -6.000000000000009
    vertex 642.4689477472983 119.66823382422334 -6.000000000000009
  endloop
endfacet
facet normal 0.38268343236505653 0.9238795325113007 2.7755575615628914e-17
  outer loop
    vertex 643.1924906119909 119.36853255670943 -6.000000000000009
    vertex 642.4689477472983 119.66823382422338 8.459899447643692e-15
    vertex 643.1924906119909 119.36853255670943 -1.973976537783528e-14
  endloop
endfacet
facet normal 0.9989685402102996 -0.045407660918650575 -3.469446951953614e-18
  outer loop
    vertex 643.9689477472984 119.26631003557664 -5.999999999999992
    vertex 642.4689477472983 86.26631003557664 -5.639932965095795e-15
    vertex 642.4689477472983 86.26631003557662 -6.000000000000009
  endloop
endfacet
facet normal 0.9989685402102996 -0.045407660918650575 -3.469446951953614e-18
  outer loop
    vertex 642.4689477472983 86.26631003557664 -5.639932965095795e-15
    vertex 643.9689477472984 119.26631003557664 -5.999999999999992
    vertex 643.9689477472984 119.2663100355766 8.459899447643692e-15
  endloop
endfacet
facet normal 0.999512076087079 -0.031234752377719725 -2.6020852139652103e-18
  outer loop
    vertex 641.9689477472984 64.26631003557665 -6.000000000000009
    vertex 642.4689477472983 80.26631003557665 5.639932965095795e-15
    vertex 641.9689477472984 64.26631003557662 1.127986593019159e-14
  endloop
endfacet
facet normal 0.999512076087079 -0.031234752377719725 -2.6020852139652103e-18
  outer loop
    vertex 642.4689477472983 80.26631003557665 5.639932965095795e-15
    vertex 641.9689477472984 64.26631003557665 -6.000000000000009
    vertex 642.4689477472983 80.26631003557665 -6.000000000000009
  endloop
endfacet
facet normal 0.92387953251126 -0.38268343236515456 0.0
  outer loop
    vertex 639.0711702684312 62.0427671708842 -5.999999999999992
    vertex 639.0711702684312 62.04276717088419 -2.5379698342931078e-14
    vertex 639.0711702684312 62.04276717088419 -3.00000000000002
  endloop
endfacet
facet normal 0.92387953251126 -0.38268343236515456 0.0
  outer loop
    vertex 639.0711702684312 62.04276717088419 -2.5379698342931078e-14
    vertex 639.0711702684312 62.0427671708842 -5.999999999999992
    vertex 639.3708715359452 62.76631003557664 -1.127986593019159e-14
  endloop
endfacet
facet normal 0.92387953251126 -0.38268343236515456 0.0
  outer loop
    vertex 639.3708715359452 62.76631003557664 -1.127986593019159e-14
    vertex 639.0711702684312 62.0427671708842 -5.999999999999992
    vertex 639.3708715359452 62.766310035576616 -5.999999999999997
  endloop
endfacet
facet normal 0.13052619222005302 -0.9914448613738103 2.7755575615628914e-17
  outer loop
    vertex 641.9689477472984 64.26631003557662 1.127986593019159e-14
    vertex 641.1924906119909 64.16408751444386 -5.999999999999997
    vertex 641.9689477472984 64.26631003557665 -6.000000000000009
  endloop
endfacet
facet normal 0.13052619222005302 -0.9914448613738103 2.7755575615628914e-17
  outer loop
    vertex 641.1924906119909 64.16408751444386 -5.999999999999997
    vertex 641.9689477472984 64.26631003557662 1.127986593019159e-14
    vertex 641.1924906119909 64.16408751444384 2.8199664825478975e-15
  endloop
endfacet
facet normal 0.6087614290087409 -0.7933533402912196 8.326672684688674e-17
  outer loop
    vertex 640.4689477472983 63.86438624692993 -5.999999999999986
    vertex 639.8476274037388 63.38763037913629 -5.639932965095795e-15
    vertex 639.8476274037388 63.38763037913627 -5.999999999999997
  endloop
endfacet
facet normal 0.6087614290087409 -0.7933533402912196 8.326672684688674e-17
  outer loop
    vertex 639.8476274037388 63.38763037913629 -5.639932965095795e-15
    vertex 640.4689477472983 63.86438624692993 -5.999999999999986
    vertex 640.4689477472983 63.86438624692993 2.8199664825478975e-15
  endloop
endfacet
facet normal 0.6087614290087591 0.7933533402912059 2.7755575615628914e-17
  outer loop
    vertex 641.8476274037388 120.14498969201703 5.639932965095795e-15
    vertex 642.4689477472983 119.66823382422334 -6.000000000000009
    vertex 641.8476274037388 120.14498969201698 -6.000000000000009
  endloop
endfacet
facet normal 0.6087614290087591 0.7933533402912059 2.7755575615628914e-17
  outer loop
    vertex 642.4689477472983 119.66823382422334 -6.000000000000009
    vertex 641.8476274037388 120.14498969201703 5.639932965095795e-15
    vertex 642.4689477472983 119.66823382422338 8.459899447643692e-15
  endloop
endfacet
facet normal 0.9914448613738186 -0.13052619221998887 -6.938893903907228e-18
  outer loop
    vertex 639.0711702684312 62.04276717088419 -3.00000000000002
    vertex 638.9689477472984 61.26631003557664 2.8199664825478975e-15
    vertex 638.9689477472984 61.266310035576595 -3.0000000000000058
  endloop
endfacet
facet normal 0.9914448613738186 -0.13052619221998887 -6.938893903907228e-18
  outer loop
    vertex 638.9689477472984 61.26631003557664 2.8199664825478975e-15
    vertex 639.0711702684312 62.04276717088419 -3.00000000000002
    vertex 639.0711702684312 62.04276717088419 -2.5379698342931078e-14
  endloop
endfacet
facet normal 0.9914448613738186 0.13052619221998887 6.938893903907228e-18
  outer loop
    vertex 638.9689477472984 61.266310035576595 -3.0000000000000058
    vertex 639.0711702684312 60.48985290026907 2.8199664825478975e-15
    vertex 639.0711702684312 60.48985290026907 -2.999999999999989
  endloop
endfacet
facet normal 0.9914448613738186 0.13052619221998887 6.938893903907228e-18
  outer loop
    vertex 639.0711702684312 60.48985290026907 2.8199664825478975e-15
    vertex 638.9689477472984 61.266310035576595 -3.0000000000000058
    vertex 638.9689477472984 61.26631003557664 2.8199664825478975e-15
  endloop
endfacet
facet normal 0.92387953251126 0.38268343236515456 9.71445146547012e-17
  outer loop
    vertex 639.0711702684312 60.489852900269064 -5.999999999999997
    vertex 639.3708715359452 59.766310035576645 0.0
    vertex 639.3708715359452 59.766310035576645 -6.000000000000003
  endloop
endfacet
facet normal 0.92387953251126 0.38268343236515456 9.71445146547012e-17
  outer loop
    vertex 639.3708715359452 59.766310035576645 0.0
    vertex 639.0711702684312 60.489852900269064 -5.999999999999997
    vertex 639.0711702684312 60.48985290026907 2.8199664825478975e-15
  endloop
endfacet
facet normal 0.92387953251126 0.38268343236515456 9.71445146547012e-17
  outer loop
    vertex 639.0711702684312 60.48985290026907 2.8199664825478975e-15
    vertex 639.0711702684312 60.489852900269064 -5.999999999999997
    vertex 639.0711702684312 60.48985290026907 -2.999999999999989
  endloop
endfacet
facet normal 0.7933533402912519 0.608761429008699 8.326672684688674e-17
  outer loop
    vertex 639.3708715359452 59.766310035576645 -6.000000000000003
    vertex 639.8476274037388 59.14498969201699 -5.639932965095795e-15
    vertex 639.8476274037388 59.14498969201699 -5.999999999999997
  endloop
endfacet
facet normal 0.7933533402912519 0.608761429008699 8.326672684688674e-17
  outer loop
    vertex 639.8476274037388 59.14498969201699 -5.639932965095795e-15
    vertex 639.3708715359452 59.766310035576645 -6.000000000000003
    vertex 639.3708715359452 59.766310035576645 0.0
  endloop
endfacet
facet normal 1.0 0.0 0.0
  outer loop
    vertex 640.9689477472984 123.04276717088409 -2.9999999999999973
    vertex 640.9689477472984 122.26631003557664 1.4099832412739488e-14
    vertex 640.9689477472984 122.26631003557664 -3.0
  endloop
endfacet
facet normal 1.0 0.0 0.0
  outer loop
    vertex 640.9689477472984 122.26631003557664 1.4099832412739488e-14
    vertex 640.9689477472984 123.04276717088409 -2.9999999999999973
    vertex 640.9689477472984 130.26631003557665 -2.5379698342931078e-14
  endloop
endfacet
facet normal 1.0 0.0 0.0
  outer loop
    vertex 640.9689477472984 130.26631003557665 -2.5379698342931078e-14
    vertex 640.9689477472984 123.04276717088409 -2.9999999999999973
    vertex 640.9689477472984 123.04276717088419 -6.000000000000003
  endloop
endfacet
facet normal 1.0 0.0 0.0
  outer loop
    vertex 640.9689477472984 130.26631003557665 -2.5379698342931078e-14
    vertex 640.9689477472984 123.04276717088419 -6.000000000000003
    vertex 640.9689477472984 130.26631003557662 -5.999999999999992
  endloop
endfacet
facet normal 0.13052619222006004 0.9914448613738094 0.0
  outer loop
    vertex 643.1924906119909 119.36853255670943 -1.973976537783528e-14
    vertex 643.9689477472984 119.26631003557664 -5.999999999999992
    vertex 643.1924906119909 119.36853255670943 -6.000000000000009
  endloop
endfacet
facet normal 0.13052619222006004 0.9914448613738094 0.0
  outer loop
    vertex 643.9689477472984 119.26631003557664 -5.999999999999992
    vertex 643.1924906119909 119.36853255670943 -1.973976537783528e-14
    vertex 643.9689477472984 119.2663100355766 8.459899447643692e-15
  endloop
endfacet
facet normal 0.9914448613738193 0.1305261922199852 6.938893903907228e-18
  outer loop
    vertex 639.4689477472984 83.26631003557665 -3.0000000000000226
    vertex 639.5711702684312 82.48985290026907 -1.127986593019159e-14
    vertex 639.5711702684312 82.48985290026907 -3.000000000000003
  endloop
endfacet
facet normal 0.9914448613738193 0.1305261922199852 6.938893903907228e-18
  outer loop
    vertex 639.5711702684312 82.48985290026907 -1.127986593019159e-14
    vertex 639.4689477472984 83.26631003557665 -3.0000000000000226
    vertex 639.4689477472984 83.26631003557665 1.4099832412739488e-14
  endloop
endfacet
facet normal 0.13052619222005302 0.9914448613738103 -2.7755575615628914e-17
  outer loop
    vertex 641.6924906119908 80.36853255670943 -5.999999999999997
    vertex 642.4689477472983 80.26631003557665 5.639932965095795e-15
    vertex 642.4689477472983 80.26631003557665 -6.000000000000009
  endloop
endfacet
facet normal 0.13052619222005302 0.9914448613738103 -2.7755575615628914e-17
  outer loop
    vertex 642.4689477472983 80.26631003557665 5.639932965095795e-15
    vertex 641.6924906119908 80.36853255670943 -5.999999999999997
    vertex 641.6924906119908 80.36853255670944 2.8199664825478975e-15
  endloop
endfacet
facet normal 0.3826834323650749 -0.923879532511293 1.1102230246251565e-16
  outer loop
    vertex 641.1924906119909 64.16408751444384 2.8199664825478975e-15
    vertex 640.4689477472983 63.86438624692993 -5.999999999999986
    vertex 641.1924906119909 64.16408751444386 -5.999999999999997
  endloop
endfacet
facet normal 0.3826834323650749 -0.923879532511293 1.1102230246251565e-16
  outer loop
    vertex 640.4689477472983 63.86438624692993 -5.999999999999986
    vertex 641.1924906119909 64.16408751444384 2.8199664825478975e-15
    vertex 640.4689477472983 63.86438624692993 2.8199664825478975e-15
  endloop
endfacet
facet normal -1.0 0.0 0.0
  outer loop
    vertex 624.4689477472984 127.26631003557662 2.8199664825478975e-15
    vertex 624.4689477472984 122.26631003557664 -3.0
    vertex 624.4689477472984 122.26631003557664 1.4099832412739488e-14
  endloop
endfacet
facet normal -1.0 0.0 0.0
  outer loop
    vertex 624.4689477472984 122.26631003557664 -3.0
    vertex 624.4689477472984 127.26631003557662 2.8199664825478975e-15
    vertex 624.4689477472984 127.26631003557662 -2.999999999999989
  endloop
endfacet
facet normal 0.9238795325112589 0.3826834323651572 -4.163336342344337e-17
  outer loop
    vertex 641.0711702684312 121.48985290026907 -6.000000000000014
    vertex 641.3708715359452 120.76631003557665 -8.459899447643692e-15
    vertex 641.3708715359452 120.76631003557661 -5.999999999999992
  endloop
endfacet
facet normal 0.9238795325112589 0.3826834323651572 -4.163336342344337e-17
  outer loop
    vertex 641.3708715359452 120.76631003557665 -8.459899447643692e-15
    vertex 641.0711702684312 121.48985290026907 -6.000000000000014
    vertex 641.0711702684312 121.48985290026907 8.459899447643692e-15
  endloop
endfacet
facet normal 0.9238795325112589 0.3826834323651572 -4.163336342344337e-17
  outer loop
    vertex 641.0711702684312 121.48985290026907 8.459899447643692e-15
    vertex 641.0711702684312 121.48985290026907 -6.000000000000014
    vertex 641.0711702684312 121.48985290026907 -3.000000000000003
  endloop
endfacet
facet normal 0.9914448613738188 0.13052619221998799 0.0
  outer loop
    vertex 640.9689477472984 122.26631003557664 -3.0
    vertex 641.0711702684312 121.48985290026907 8.459899447643692e-15
    vertex 641.0711702684312 121.48985290026907 -3.000000000000003
  endloop
endfacet
facet normal 0.9914448613738188 0.13052619221998799 0.0
  outer loop
    vertex 641.0711702684312 121.48985290026907 8.459899447643692e-15
    vertex 640.9689477472984 122.26631003557664 -3.0
    vertex 640.9689477472984 122.26631003557664 1.4099832412739488e-14
  endloop
endfacet
facet normal 0.7933533402912463 0.6087614290087061 8.326672684688674e-17
  outer loop
    vertex 641.3708715359452 120.76631003557661 -5.999999999999992
    vertex 641.8476274037388 120.14498969201703 5.639932965095795e-15
    vertex 641.8476274037388 120.14498969201698 -6.000000000000009
  endloop
endfacet
facet normal 0.7933533402912463 0.6087614290087061 8.326672684688674e-17
  outer loop
    vertex 641.8476274037388 120.14498969201703 5.639932965095795e-15
    vertex 641.3708715359452 120.76631003557661 -5.999999999999992
    vertex 641.3708715359452 120.76631003557665 -8.459899447643692e-15
  endloop
endfacet
facet normal 0.130526192220053 -0.9914448613738103 2.7755575615628914e-17
  outer loop
    vertex 642.4689477472983 86.26631003557664 -5.639932965095795e-15
    vertex 641.6924906119908 86.16408751444384 -5.999999999999992
    vertex 642.4689477472983 86.26631003557662 -6.000000000000009
  endloop
endfacet
facet normal 0.130526192220053 -0.9914448613738103 2.7755575615628914e-17
  outer loop
    vertex 641.6924906119908 86.16408751444384 -5.999999999999992
    vertex 642.4689477472983 86.26631003557664 -5.639932965095795e-15
    vertex 641.6924906119908 86.16408751444386 1.6919798895287383e-14
  endloop
endfacet
facet normal 0.17888543819998218 0.9838699100999078 -1.1102230246251565e-16
  outer loop
    vertex 587.9689477472984 130.26631003557665 -2.5379698342931078e-14
    vertex 604.4689477472984 127.26631003557658 -5.999999999999986
    vertex 587.9689477472984 130.26631003557662 -5.999999999999992
  endloop
endfacet
facet normal 0.17888543819998218 0.9838699100999078 -1.1102230246251565e-16
  outer loop
    vertex 604.4689477472984 127.26631003557658 -5.999999999999986
    vertex 587.9689477472984 130.26631003557665 -2.5379698342931078e-14
    vertex 604.4689477472984 127.26631003557662 -2.999999999999989
  endloop
endfacet
facet normal 0.17888543819998218 0.9838699100999078 -1.1102230246251565e-16
  outer loop
    vertex 604.4689477472984 127.26631003557662 -2.999999999999989
    vertex 587.9689477472984 130.26631003557665 -2.5379698342931078e-14
    vertex 604.4689477472984 127.26631003557662 2.8199664825478975e-15
  endloop
endfacet
facet normal -0.9238795325112996 0.38268343236505875 4.163336342344337e-17
  outer loop
    vertex 587.5670239586517 120.76631003557665 -8.459899447643692e-15
    vertex 587.8667252261656 121.48985290026907 -6.000000000000014
    vertex 587.5670239586517 120.76631003557661 -5.999999999999992
  endloop
endfacet
facet normal -0.9238795325112996 0.38268343236505875 4.163336342344337e-17
  outer loop
    vertex 587.8667252261656 121.48985290026907 -6.000000000000014
    vertex 587.5670239586517 120.76631003557665 -8.459899447643692e-15
    vertex 587.8667252261656 121.48985290026907 8.459899447643692e-15
  endloop
endfacet
facet normal -0.9238795325112996 0.38268343236505875 4.163336342344337e-17
  outer loop
    vertex 587.8667252261656 121.48985290026907 -6.000000000000014
    vertex 587.8667252261656 121.48985290026907 8.459899447643692e-15
    vertex 587.8667252261656 121.48985290026907 -3.000000000000003
  endloop
endfacet
facet normal -0.6087614290087033 0.7933533402912484 -5.551115123125783e-17
  outer loop
    vertex 586.4689477472984 119.66823382422338 8.459899447643692e-15
    vertex 587.0902680908581 120.14498969201698 -6.000000000000009
    vertex 586.4689477472984 119.66823382422334 -6.000000000000009
  endloop
endfacet
facet normal -0.6087614290087033 0.7933533402912484 -5.551115123125783e-17
  outer loop
    vertex 587.0902680908581 120.14498969201698 -6.000000000000009
    vertex 586.4689477472984 119.66823382422338 8.459899447643692e-15
    vertex 587.0902680908581 120.14498969201703 5.639932965095795e-15
  endloop
endfacet
facet normal -1.0 0.0 0.0
  outer loop
    vertex 587.9689477472984 130.26631003557665 -2.5379698342931078e-14
    vertex 587.9689477472984 122.26631003557664 -3.0
    vertex 587.9689477472984 122.26631003557664 1.4099832412739488e-14
  endloop
endfacet
facet normal -1.0 0.0 0.0
  outer loop
    vertex 587.9689477472984 122.26631003557664 -3.0
    vertex 587.9689477472984 130.26631003557665 -2.5379698342931078e-14
    vertex 587.9689477472984 123.04276717088409 -2.9999999999999973
  endloop
endfacet
facet normal -1.0 0.0 0.0
  outer loop
    vertex 587.9689477472984 123.04276717088409 -2.9999999999999973
    vertex 587.9689477472984 130.26631003557665 -2.5379698342931078e-14
    vertex 587.9689477472984 123.04276717088419 -6.000000000000003
  endloop
endfacet
facet normal -1.0 0.0 0.0
  outer loop
    vertex 587.9689477472984 123.04276717088419 -6.000000000000003
    vertex 587.9689477472984 130.26631003557665 -2.5379698342931078e-14
    vertex 587.9689477472984 130.26631003557662 -5.999999999999992
  endloop
endfacet
facet normal 3.8438488362511076e-14 1.0 2.4452662117369073e-14
  outer loop
    vertex 619.4689477472988 94.76631003557692 -5.999999999999997
    vertex 621.9689477472984 94.76631003557665 1.127986593019159e-14
    vertex 621.9689477472984 94.76631003557665 -6.000000000000009
  endloop
endfacet
facet normal 3.8438488362511076e-14 1.0 2.4452662117369073e-14
  outer loop
    vertex 621.9689477472984 94.76631003557665 1.127986593019159e-14
    vertex 619.4689477472988 94.76631003557692 -5.999999999999997
    vertex 619.4689477472988 94.76631003557692 -3.000000000000014
  endloop
endfacet
facet normal 3.8438488362511076e-14 1.0 2.4452662117369073e-14
  outer loop
    vertex 621.9689477472984 94.76631003557665 1.127986593019159e-14
    vertex 619.4689477472988 94.76631003557692 -3.000000000000014
    vertex 618.9689477472984 94.76631003557662 -3.0
  endloop
endfacet
facet normal 3.8438488362511076e-14 1.0 2.4452662117369073e-14
  outer loop
    vertex 621.9689477472984 94.76631003557665 1.127986593019159e-14
    vertex 618.9689477472984 94.76631003557662 -3.0
    vertex 618.9689477472984 94.76631003557665 1.127986593019159e-14
  endloop
endfacet
facet normal -0.7933533402912463 0.6087614290087061 8.326672684688674e-17
  outer loop
    vertex 587.0902680908581 120.14498969201703 5.639932965095795e-15
    vertex 587.5670239586517 120.76631003557661 -5.999999999999992
    vertex 587.0902680908581 120.14498969201698 -6.000000000000009
  endloop
endfacet
facet normal -0.7933533402912463 0.6087614290087061 8.326672684688674e-17
  outer loop
    vertex 587.5670239586517 120.76631003557661 -5.999999999999992
    vertex 587.0902680908581 120.14498969201703 5.639932965095795e-15
    vertex 587.5670239586517 120.76631003557665 -8.459899447643692e-15
  endloop
endfacet
facet normal -0.9914448613738039 0.13052619222010123 -1.3877787807814457e-17
  outer loop
    vertex 587.9689477472984 122.26631003557664 1.4099832412739488e-14
    vertex 587.8667252261656 121.48985290026907 -3.000000000000003
    vertex 587.8667252261656 121.48985290026907 8.459899447643692e-15
  endloop
endfacet
facet normal -0.9914448613738039 0.13052619222010123 -1.3877787807814457e-17
  outer loop
    vertex 587.8667252261656 121.48985290026907 -3.000000000000003
    vertex 587.9689477472984 122.26631003557664 1.4099832412739488e-14
    vertex 587.9689477472984 122.26631003557664 -3.0
  endloop
endfacet
facet normal 1.0 0.0 0.0
  outer loop
    vertex 604.4689477472984 127.26631003557662 -2.999999999999989
    vertex 604.4689477472984 122.26631003557664 1.4099832412739488e-14
    vertex 604.4689477472984 122.26631003557664 -3.0
  endloop
endfacet
facet normal 1.0 0.0 0.0
  outer loop
    vertex 604.4689477472984 122.26631003557664 1.4099832412739488e-14
    vertex 604.4689477472984 127.26631003557662 -2.999999999999989
    vertex 604.4689477472984 127.26631003557662 2.8199664825478975e-15
  endloop
endfacet
facet normal -4.8753036386867e-31 -5.5511151231257815e-17 1.0
  outer loop
    vertex 581.9689477472984 30.266310035576623 -5.999999999999997
    vertex 585.9689477472984 35.26631003557664 -6.000000000000009
    vertex 581.9689477472984 140.2663100355766 -5.999999999999975
  endloop
endfacet
facet normal -4.8753036386867e-31 -5.5511151231257815e-17 1.0
  outer loop
    vertex 585.9689477472984 35.26631003557664 -6.000000000000009
    vertex 581.9689477472984 30.266310035576623 -5.999999999999997
    vertex 586.0030219210093 35.007490990474125 -6.000000000000009
  endloop
endfacet
facet normal -4.8753036386867e-31 -5.5511151231257815e-17 1.0
  outer loop
    vertex 586.0030219210093 35.007490990474125 -6.000000000000009
    vertex 581.9689477472984 30.266310035576623 -5.999999999999997
    vertex 586.9689477472984 30.266310035576623 -5.999999999999997
  endloop
endfacet
facet normal -4.8753036386867e-31 -5.5511151231257815e-17 1.0
  outer loop
    vertex 581.9689477472984 140.2663100355766 -5.999999999999975
    vertex 585.9689477472984 35.26631003557664 -6.000000000000009
    vertex 583.9689477472984 122.26631003557664 -5.999999999999997
  endloop
endfacet
facet normal -4.8753036386867e-31 -5.5511151231257815e-17 1.0
  outer loop
    vertex 583.9689477472984 122.26631003557664 -5.999999999999997
    vertex 585.9689477472984 35.26631003557664 -6.000000000000009
    vertex 584.0030219210093 122.00749099047414 -6.000000000000009
  endloop
endfacet
facet normal -4.8753036386867e-31 -5.5511151231257815e-17 1.0
  outer loop
    vertex 584.0030219210093 122.00749099047414 -6.000000000000009
    vertex 585.9689477472984 35.26631003557664 -6.000000000000009
    vertex 584.102922343514 121.76631003557665 -6.000000000000003
  endloop
endfacet
facet normal -4.8753036386867e-31 -5.5511151231257815e-17 1.0
  outer loop
    vertex 584.102922343514 121.76631003557665 -6.000000000000003
    vertex 585.9689477472984 35.26631003557664 -6.000000000000009
    vertex 584.2618409661119 121.55920325439008 -6.000000000000009
  endloop
endfacet
facet normal -4.8753036386867e-31 -5.5511151231257815e-17 1.0
  outer loop
    vertex 584.2618409661119 121.55920325439008 -6.000000000000009
    vertex 585.9689477472984 35.26631003557664 -6.000000000000009
    vertex 584.4689477472984 121.4002846317922 -6.000000000000003
  endloop
endfacet
facet normal -4.8753036386867e-31 -5.5511151231257815e-17 1.0
  outer loop
    vertex 584.4689477472984 121.4002846317922 -6.000000000000003
    vertex 585.9689477472984 35.26631003557664 -6.000000000000009
    vertex 584.7101287021959 121.30038420928759 -6.000000000000003
  endloop
endfacet
facet normal -4.8753036386867e-31 -5.5511151231257815e-17 1.0
  outer loop
    vertex 584.7101287021959 121.30038420928759 -6.000000000000003
    vertex 585.9689477472984 35.26631003557664 -6.000000000000009
    vertex 584.9689477472983 119.26631003557664 -5.999999999999992
  endloop
endfacet
facet normal -4.8753036386867e-31 -5.5511151231257815e-17 1.0
  outer loop
    vertex 584.9689477472983 119.26631003557664 -5.999999999999992
    vertex 585.9689477472984 35.26631003557664 -6.000000000000009
    vertex 585.4689477472984 83.26631003557664 -5.999999999999992
  endloop
endfacet
facet normal -4.8753036386867e-31 -5.5511151231257815e-17 1.0
  outer loop
    vertex 585.4689477472984 83.26631003557664 -5.999999999999992
    vertex 585.9689477472984 35.26631003557664 -6.000000000000009
    vertex 585.5030219210093 83.0074909904741 -6.000000000000003
  endloop
endfacet
facet normal -4.8753036386867e-31 -5.5511151231257815e-17 1.0
  outer loop
    vertex 585.5030219210093 83.0074909904741 -6.000000000000003
    vertex 585.9689477472984 35.26631003557664 -6.000000000000009
    vertex 585.602922343514 82.76631003557664 -5.999999999999997
  endloop
endfacet
facet normal -4.8753036386867e-31 -5.5511151231257815e-17 1.0
  outer loop
    vertex 585.602922343514 82.76631003557664 -5.999999999999997
    vertex 585.9689477472984 35.26631003557664 -6.000000000000009
    vertex 585.7618409661119 82.5592032543901 -6.000000000000003
  endloop
endfacet
facet normal -4.8753036386867e-31 -5.5511151231257815e-17 1.0
  outer loop
    vertex 586.0030219210093 35.007490990474125 -6.000000000000009
    vertex 586.9689477472984 30.266310035576623 -5.999999999999997
    vertex 586.102922343514 34.76631003557666 -5.999999999999975
  endloop
endfacet
facet normal -4.8753036386867e-31 -5.5511151231257815e-17 1.0
  outer loop
    vertex 586.102922343514 34.76631003557666 -5.999999999999975
    vertex 586.9689477472984 30.266310035576623 -5.999999999999997
    vertex 586.2618409661119 34.55920325439013 -5.999999999999986
  endloop
endfacet
facet normal -4.8753036386867e-31 -5.5511151231257815e-17 1.0
  outer loop
    vertex 586.2618409661119 34.55920325439013 -5.999999999999986
    vertex 586.9689477472984 30.266310035576623 -5.999999999999997
    vertex 586.4689477472984 34.400284631792196 -6.000000000000003
  endloop
endfacet
facet normal -4.8753036386867e-31 -5.5511151231257815e-17 1.0
  outer loop
    vertex 586.4689477472984 34.400284631792196 -6.000000000000003
    vertex 586.9689477472984 30.266310035576623 -5.999999999999997
    vertex 586.7101287021959 34.30038420928758 -5.999999999999997
  endloop
endfacet
facet normal -4.8753036386867e-31 -5.5511151231257815e-17 1.0
  outer loop
    vertex 586.7101287021959 34.30038420928758 -5.999999999999997
    vertex 586.9689477472984 30.266310035576623 -5.999999999999997
    vertex 586.9689477472984 34.26631003557666 -5.999999999999975
  endloop
endfacet
facet normal -4.8753036386867e-31 -5.5511151231257815e-17 1.0
  outer loop
    vertex 586.9689477472984 34.26631003557666 -5.999999999999975
    vertex 586.9689477472984 30.266310035576623 -5.999999999999997
    vertex 586.9689477472984 32.26631003557662 -5.999999999999997
  endloop
endfacet
facet normal -4.8753036386867e-31 -5.5511151231257815e-17 1.0
  outer loop
    vertex 586.9689477472984 34.26631003557666 -5.999999999999975
    vertex 586.9689477472984 32.26631003557662 -5.999999999999997
    vertex 587.745404882606 32.36853255670945 -6.000000000000009
  endloop
endfacet
facet normal -4.8753036386867e-31 -5.5511151231257815e-17 1.0
  outer loop
    vertex 586.9689477472984 34.26631003557666 -5.999999999999975
    vertex 587.745404882606 32.36853255670945 -6.000000000000009
    vertex 587.227766792401 34.30038420928758 -5.999999999999997
  endloop
endfacet
facet normal -4.8753036386867e-31 -5.5511151231257815e-17 1.0
  outer loop
    vertex 587.227766792401 34.30038420928758 -5.999999999999997
    vertex 587.745404882606 32.36853255670945 -6.000000000000009
    vertex 587.4689477472984 34.400284631792196 -6.000000000000003
  endloop
endfacet
facet normal -4.8753036386867e-31 -5.5511151231257815e-17 1.0
  outer loop
    vertex 587.4689477472984 34.400284631792196 -6.000000000000003
    vertex 587.745404882606 32.36853255670945 -6.000000000000009
    vertex 587.5725011378917 34.47974394309114 -6.000000000000009
  endloop
endfacet
facet normal -4.8753036386867e-31 -5.5511151231257815e-17 1.0
  outer loop
    vertex 587.5725011378917 34.47974394309114 -6.000000000000009
    vertex 587.745404882606 32.36853255670945 -6.000000000000009
    vertex 589.8667252261656 34.48985290026905 -5.999999999999997
  endloop
endfacet
facet normal -4.8753036386867e-31 -5.5511151231257815e-17 1.0
  outer loop
    vertex 589.8667252261656 34.48985290026905 -5.999999999999997
    vertex 587.745404882606 32.36853255670945 -6.000000000000009
    vertex 588.4689477472984 32.668233824223314 -6.000000000000009
  endloop
endfacet
facet normal -4.8753036386867e-31 -5.5511151231257815e-17 1.0
  outer loop
    vertex 589.8667252261656 34.48985290026905 -5.999999999999997
    vertex 588.4689477472984 32.668233824223314 -6.000000000000009
    vertex 589.0902680908581 33.14498969201697 -6.000000000000009
  endloop
endfacet
facet normal -4.8753036386867e-31 -5.5511151231257815e-17 1.0
  outer loop
    vertex 589.8667252261656 34.48985290026905 -5.999999999999997
    vertex 589.0902680908581 33.14498969201697 -6.000000000000009
    vertex 589.5670239586517 33.766310035576645 -6.000000000000009
  endloop
endfacet
facet normal -4.8753036386867e-31 -5.5511151231257815e-17 1.0
  outer loop
    vertex 587.227766792401 36.23223586186574 -5.999999999999997
    vertex 586.9689477472984 38.26631003557665 -6.000000000000014
    vertex 586.9689477472984 36.26631003557665 -5.999999999999969
  endloop
endfacet
facet normal -4.8753036386867e-31 -5.5511151231257815e-17 1.0
  outer loop
    vertex 586.9689477472984 38.26631003557665 -6.000000000000014
    vertex 587.227766792401 36.23223586186574 -5.999999999999997
    vertex 587.745404882606 38.16408751444385 -5.999999999999986
  endloop
endfacet
facet normal -4.8753036386867e-31 -5.5511151231257815e-17 1.0
  outer loop
    vertex 587.745404882606 38.16408751444385 -5.999999999999986
    vertex 587.227766792401 36.23223586186574 -5.999999999999997
    vertex 587.4689477472984 36.132335439361064 -6.000000000000009
  endloop
endfacet
facet normal -4.8753036386867e-31 -5.5511151231257815e-17 1.0
  outer loop
    vertex 587.745404882606 38.16408751444385 -5.999999999999986
    vertex 587.4689477472984 36.132335439361064 -6.000000000000009
    vertex 587.5725011378917 36.052876128062124 -6.000000000000009
  endloop
endfacet
facet normal -4.8753036386867e-31 -5.5511151231257815e-17 1.0
  outer loop
    vertex 587.745404882606 38.16408751444385 -5.999999999999986
    vertex 587.5725011378917 36.052876128062124 -6.000000000000009
    vertex 589.8667252261656 36.04276717088421 -5.999999999999975
  endloop
endfacet
facet normal -4.8753036386867e-31 -5.5511151231257815e-17 1.0
  outer loop
    vertex 587.745404882606 38.16408751444385 -5.999999999999986
    vertex 589.8667252261656 36.04276717088421 -5.999999999999975
    vertex 588.4689477472984 37.864386246929975 -5.999999999999986
  endloop
endfacet
facet normal -4.8753036386867e-31 -5.5511151231257815e-17 1.0
  outer loop
    vertex 588.4689477472984 37.864386246929975 -5.999999999999986
    vertex 589.8667252261656 36.04276717088421 -5.999999999999975
    vertex 589.0902680908581 37.387630379136276 -6.000000000000031
  endloop
endfacet
facet normal -4.8753036386867e-31 -5.5511151231257815e-17 1.0
  outer loop
    vertex 589.0902680908581 37.387630379136276 -6.000000000000031
    vertex 589.8667252261656 36.04276717088421 -5.999999999999975
    vertex 589.5670239586517 36.766310035576616 -6.000000000000031
  endloop
endfacet
facet normal -4.8753036386867e-31 -5.5511151231257815e-17 1.0
  outer loop
    vertex 586.0030219210093 35.52512908067915 -6.000000000000026
    vertex 585.9689477472984 61.266310035576666 -5.9999999999999805
    vertex 585.9689477472984 35.26631003557664 -6.000000000000009
  endloop
endfacet
facet normal -4.8753036386867e-31 -5.5511151231257815e-17 1.0
  outer loop
    vertex 585.9689477472984 61.266310035576666 -5.9999999999999805
    vertex 586.0030219210093 35.52512908067915 -6.000000000000026
    vertex 586.0030219210093 61.00749099047413 -5.999999999999986
  endloop
endfacet
facet normal -4.8753036386867e-31 -5.5511151231257815e-17 1.0
  outer loop
    vertex 586.0030219210093 61.00749099047413 -5.999999999999986
    vertex 586.0030219210093 35.52512908067915 -6.000000000000026
    vertex 586.102922343514 35.76631003557664 -5.999999999999997
  endloop
endfacet
facet normal -4.8753036386867e-31 -5.5511151231257815e-17 1.0
  outer loop
    vertex 586.0030219210093 61.00749099047413 -5.999999999999986
    vertex 586.102922343514 35.76631003557664 -5.999999999999997
    vertex 586.102922343514 60.76631003557665 -5.999999999999997
  endloop
endfacet
facet normal -4.8753036386867e-31 -5.5511151231257815e-17 1.0
  outer loop
    vertex 586.102922343514 60.76631003557665 -5.999999999999997
    vertex 586.102922343514 35.76631003557664 -5.999999999999997
    vertex 586.2618409661119 35.97341681676318 -5.999999999999986
  endloop
endfacet
facet normal -4.8753036386867e-31 -5.5511151231257815e-17 1.0
  outer loop
    vertex 586.102922343514 60.76631003557665 -5.999999999999997
    vertex 586.2618409661119 35.97341681676318 -5.999999999999986
    vertex 586.2618409661119 60.55920325439009 -6.000000000000009
  endloop
endfacet
facet normal -4.8753036386867e-31 -5.5511151231257815e-17 1.0
  outer loop
    vertex 586.2618409661119 60.55920325439009 -6.000000000000009
    vertex 586.2618409661119 35.97341681676318 -5.999999999999986
    vertex 586.4689477472984 36.132335439361064 -6.000000000000009
  endloop
endfacet
facet normal -4.8753036386867e-31 -5.5511151231257815e-17 1.0
  outer loop
    vertex 586.2618409661119 60.55920325439009 -6.000000000000009
    vertex 586.4689477472984 36.132335439361064 -6.000000000000009
    vertex 586.4689477472984 60.40028463179222 -6.000000000000009
  endloop
endfacet
facet normal -4.8753036386867e-31 -5.5511151231257815e-17 1.0
  outer loop
    vertex 586.4689477472984 60.40028463179222 -6.000000000000009
    vertex 586.4689477472984 36.132335439361064 -6.000000000000009
    vertex 586.7101287021959 36.23223586186574 -5.999999999999997
  endloop
endfacet
facet normal -4.8753036386867e-31 -5.5511151231257815e-17 1.0
  outer loop
    vertex 586.4689477472984 60.40028463179222 -6.000000000000009
    vertex 586.7101287021959 36.23223586186574 -5.999999999999997
    vertex 586.7101287021959 60.30038420928756 -6.000000000000003
  endloop
endfacet
facet normal -4.8753036386867e-31 -5.5511151231257815e-17 1.0
  outer loop
    vertex 586.7101287021959 60.30038420928756 -6.000000000000003
    vertex 586.7101287021959 36.23223586186574 -5.999999999999997
    vertex 586.9689477472984 36.26631003557665 -5.999999999999969
  endloop
endfacet
facet normal -4.8753036386867e-31 -5.5511151231257815e-17 1.0
  outer loop
    vertex 586.7101287021959 60.30038420928756 -6.000000000000003
    vertex 586.9689477472984 36.26631003557665 -5.999999999999969
    vertex 586.9689477472984 60.26631003557663 -5.999999999999986
  endloop
endfacet
facet normal -4.8753036386867e-31 -5.5511151231257815e-17 1.0
  outer loop
    vertex 586.9689477472984 60.26631003557663 -5.999999999999986
    vertex 586.9689477472984 36.26631003557665 -5.999999999999969
    vertex 586.9689477472984 38.26631003557665 -6.000000000000014
  endloop
endfacet
facet normal -4.8753036386867e-31 -5.5511151231257815e-17 1.0
  outer loop
    vertex 586.9689477472984 60.26631003557663 -5.999999999999986
    vertex 586.9689477472984 38.26631003557665 -6.000000000000014
    vertex 586.9689477472984 58.26631003557664 -5.999999999999986
  endloop
endfacet
facet normal -4.8753036386867e-31 -5.5511151231257815e-17 1.0
  outer loop
    vertex 586.9689477472984 60.26631003557663 -5.999999999999986
    vertex 586.9689477472984 58.26631003557664 -5.999999999999986
    vertex 587.745404882606 58.36853255670941 -6.00000000000002
  endloop
endfacet
facet normal -4.8753036386867e-31 -5.5511151231257815e-17 1.0
  outer loop
    vertex 586.9689477472984 60.26631003557663 -5.999999999999986
    vertex 587.745404882606 58.36853255670941 -6.00000000000002
    vertex 587.227766792401 60.30038420928756 -6.000000000000003
  endloop
endfacet
facet normal -4.8753036386867e-31 -5.5511151231257815e-17 1.0
  outer loop
    vertex 587.227766792401 60.30038420928756 -6.000000000000003
    vertex 587.745404882606 58.36853255670941 -6.00000000000002
    vertex 587.4689477472984 60.40028463179222 -6.000000000000009
  endloop
endfacet
facet normal -4.8753036386867e-31 -5.5511151231257815e-17 1.0
  outer loop
    vertex 587.4689477472984 60.40028463179222 -6.000000000000009
    vertex 587.745404882606 58.36853255670941 -6.00000000000002
    vertex 587.5725011378917 60.47974394309115 -6.000000000000014
  endloop
endfacet
facet normal -4.8753036386867e-31 -5.5511151231257815e-17 1.0
  outer loop
    vertex 587.5725011378917 60.47974394309115 -6.000000000000014
    vertex 587.745404882606 58.36853255670941 -6.00000000000002
    vertex 589.8667252261656 60.489852900269064 -5.999999999999997
  endloop
endfacet
facet normal -4.8753036386867e-31 -5.5511151231257815e-17 1.0
  outer loop
    vertex 589.8667252261656 60.489852900269064 -5.999999999999997
    vertex 587.745404882606 58.36853255670941 -6.00000000000002
    vertex 588.4689477472984 58.66823382422331 -5.999999999999997
  endloop
endfacet
facet normal -4.8753036386867e-31 -5.5511151231257815e-17 1.0
  outer loop
    vertex 589.8667252261656 60.489852900269064 -5.999999999999997
    vertex 588.4689477472984 58.66823382422331 -5.999999999999997
    vertex 589.0902680908581 59.14498969201699 -5.999999999999997
  endloop
endfacet
facet normal -4.8753036386867e-31 -5.5511151231257815e-17 1.0
  outer loop
    vertex 589.8667252261656 60.489852900269064 -5.999999999999997
    vertex 589.0902680908581 59.14498969201699 -5.999999999999997
    vertex 589.5670239586517 59.766310035576645 -6.000000000000003
  endloop
endfacet
facet normal -4.8753036386867e-31 -5.5511151231257815e-17 1.0
  outer loop
    vertex 586.7101287021959 62.23223586186569 -6.000000000000009
    vertex 586.4689477472984 80.26631003557665 -6.000000000000009
    vertex 586.4689477472984 62.132335439361064 -5.999999999999997
  endloop
endfacet
facet normal -4.8753036386867e-31 -5.5511151231257815e-17 1.0
  outer loop
    vertex 586.4689477472984 80.26631003557665 -6.000000000000009
    vertex 586.7101287021959 62.23223586186569 -6.000000000000009
    vertex 586.9689477472984 64.26631003557664 -5.999999999999997
  endloop
endfacet
facet normal -4.8753036386867e-31 -5.5511151231257815e-17 1.0
  outer loop
    vertex 586.9689477472984 64.26631003557664 -5.999999999999997
    vertex 586.7101287021959 62.23223586186569 -6.000000000000009
    vertex 586.9689477472984 62.2663100355766 -5.999999999999992
  endloop
endfacet
facet normal -4.8753036386867e-31 -5.5511151231257815e-17 1.0
  outer loop
    vertex 586.9689477472984 64.26631003557664 -5.999999999999997
    vertex 586.9689477472984 62.2663100355766 -5.999999999999992
    vertex 587.227766792401 62.23223586186569 -6.000000000000009
  endloop
endfacet
facet normal -4.8753036386867e-31 -5.5511151231257815e-17 1.0
  outer loop
    vertex 586.9689477472984 64.26631003557664 -5.999999999999997
    vertex 587.227766792401 62.23223586186569 -6.000000000000009
    vertex 587.745404882606 64.16408751444386 -5.999999999999997
  endloop
endfacet
facet normal -4.8753036386867e-31 -5.5511151231257815e-17 1.0
  outer loop
    vertex 587.745404882606 64.16408751444386 -5.999999999999997
    vertex 587.227766792401 62.23223586186569 -6.000000000000009
    vertex 587.4689477472984 62.132335439361064 -5.999999999999997
  endloop
endfacet
facet normal -4.8753036386867e-31 -5.5511151231257815e-17 1.0
  outer loop
    vertex 587.745404882606 64.16408751444386 -5.999999999999997
    vertex 587.4689477472984 62.132335439361064 -5.999999999999997
    vertex 587.5725011378917 62.052876128062124 -5.999999999999975
  endloop
endfacet
facet normal -4.8753036386867e-31 -5.5511151231257815e-17 1.0
  outer loop
    vertex 587.745404882606 64.16408751444386 -5.999999999999997
    vertex 587.5725011378917 62.052876128062124 -5.999999999999975
    vertex 589.8667252261656 62.0427671708842 -5.999999999999992
  endloop
endfacet
facet normal -4.8753036386867e-31 -5.5511151231257815e-17 1.0
  outer loop
    vertex 587.745404882606 64.16408751444386 -5.999999999999997
    vertex 589.8667252261656 62.0427671708842 -5.999999999999992
    vertex 588.4689477472984 63.86438624692995 -5.999999999999997
  endloop
endfacet
facet normal -4.8753036386867e-31 -5.5511151231257815e-17 1.0
  outer loop
    vertex 588.4689477472984 63.86438624692995 -5.999999999999997
    vertex 589.8667252261656 62.0427671708842 -5.999999999999992
    vertex 589.0902680908581 63.38763037913627 -5.999999999999997
  endloop
endfacet
facet normal -4.8753036386867e-31 -5.5511151231257815e-17 1.0
  outer loop
    vertex 589.0902680908581 63.38763037913627 -5.999999999999997
    vertex 589.8667252261656 62.0427671708842 -5.999999999999992
    vertex 589.5670239586517 62.766310035576616 -5.999999999999997
  endloop
endfacet
facet normal -4.8753036386867e-31 -5.5511151231257815e-17 1.0
  outer loop
    vertex 585.9689477472984 35.26631003557664 -6.000000000000009
    vertex 585.9689477472984 82.40028463179223 -6.000000000000009
    vertex 585.7618409661119 82.5592032543901 -6.000000000000003
  endloop
endfacet
facet normal -4.8753036386867e-31 -5.5511151231257815e-17 1.0
  outer loop
    vertex 585.9689477472984 82.40028463179223 -6.000000000000009
    vertex 585.9689477472984 35.26631003557664 -6.000000000000009
    vertex 585.9689477472984 61.266310035576666 -5.9999999999999805
  endloop
endfacet
facet normal -4.8753036386867e-31 -5.5511151231257815e-17 1.0
  outer loop
    vertex 585.9689477472984 82.40028463179223 -6.000000000000009
    vertex 585.9689477472984 61.266310035576666 -5.9999999999999805
    vertex 586.0030219210093 61.52512908067915 -6.000000000000003
  endloop
endfacet
facet normal -4.8753036386867e-31 -5.5511151231257815e-17 1.0
  outer loop
    vertex 585.9689477472984 82.40028463179223 -6.000000000000009
    vertex 586.0030219210093 61.52512908067915 -6.000000000000003
    vertex 586.2101287021959 82.30038420928756 -5.999999999999992
  endloop
endfacet
facet normal -4.8753036386867e-31 -5.5511151231257815e-17 1.0
  outer loop
    vertex 586.2101287021959 82.30038420928756 -5.999999999999992
    vertex 586.0030219210093 61.52512908067915 -6.000000000000003
    vertex 586.102922343514 61.76631003557661 -5.999999999999997
  endloop
endfacet
facet normal -4.8753036386867e-31 -5.5511151231257815e-17 1.0
  outer loop
    vertex 586.2101287021959 82.30038420928756 -5.999999999999992
    vertex 586.102922343514 61.76631003557661 -5.999999999999997
    vertex 586.2618409661119 61.97341681676317 -6.00000000000002
  endloop
endfacet
facet normal -4.8753036386867e-31 -5.5511151231257815e-17 1.0
  outer loop
    vertex 586.2101287021959 82.30038420928756 -5.999999999999992
    vertex 586.2618409661119 61.97341681676317 -6.00000000000002
    vertex 586.4689477472984 82.26631003557665 -5.9999999999999805
  endloop
endfacet
facet normal -4.8753036386867e-31 -5.5511151231257815e-17 1.0
  outer loop
    vertex 586.4689477472984 82.26631003557665 -5.9999999999999805
    vertex 586.2618409661119 61.97341681676317 -6.00000000000002
    vertex 586.4689477472984 62.132335439361064 -5.999999999999997
  endloop
endfacet
facet normal -4.8753036386867e-31 -5.5511151231257815e-17 1.0
  outer loop
    vertex 586.4689477472984 82.26631003557665 -5.9999999999999805
    vertex 586.4689477472984 62.132335439361064 -5.999999999999997
    vertex 586.4689477472984 80.26631003557665 -6.000000000000009
  endloop
endfacet
facet normal -4.8753036386867e-31 -5.5511151231257815e-17 1.0
  outer loop
    vertex 586.4689477472984 82.26631003557665 -5.9999999999999805
    vertex 586.4689477472984 80.26631003557665 -6.000000000000009
    vertex 587.245404882606 80.36853255670943 -5.999999999999997
  endloop
endfacet
facet normal -4.8753036386867e-31 -5.5511151231257815e-17 1.0
  outer loop
    vertex 586.4689477472984 82.26631003557665 -5.9999999999999805
    vertex 587.245404882606 80.36853255670943 -5.999999999999997
    vertex 586.7277667924009 82.3003842092876 -6.000000000000009
  endloop
endfacet
facet normal -4.8753036386867e-31 -5.5511151231257815e-17 1.0
  outer loop
    vertex 586.7277667924009 82.3003842092876 -6.000000000000009
    vertex 587.245404882606 80.36853255670943 -5.999999999999997
    vertex 586.9689477472984 82.40028463179223 -6.000000000000009
  endloop
endfacet
facet normal -4.8753036386867e-31 -5.5511151231257815e-17 1.0
  outer loop
    vertex 586.9689477472984 82.40028463179223 -6.000000000000009
    vertex 587.245404882606 80.36853255670943 -5.999999999999997
    vertex 587.0725011378917 82.47974394309114 -6.000000000000009
  endloop
endfacet
facet normal -4.8753036386867e-31 -5.5511151231257815e-17 1.0
  outer loop
    vertex 587.0725011378917 82.47974394309114 -6.000000000000009
    vertex 587.245404882606 80.36853255670943 -5.999999999999997
    vertex 589.3667252261656 82.48985290026909 -6.000000000000003
  endloop
endfacet
facet normal -4.8753036386867e-31 -5.5511151231257815e-17 1.0
  outer loop
    vertex 589.3667252261656 82.48985290026909 -6.000000000000003
    vertex 587.245404882606 80.36853255670943 -5.999999999999997
    vertex 587.9689477472984 80.66823382422332 -5.999999999999997
  endloop
endfacet
facet normal -4.8753036386867e-31 -5.5511151231257815e-17 1.0
  outer loop
    vertex 589.3667252261656 82.48985290026909 -6.000000000000003
    vertex 587.9689477472984 80.66823382422332 -5.999999999999997
    vertex 588.5902680908581 81.14498969201698 -5.999999999999997
  endloop
endfacet
facet normal -4.8753036386867e-31 -5.5511151231257815e-17 1.0
  outer loop
    vertex 589.3667252261656 82.48985290026909 -6.000000000000003
    vertex 588.5902680908581 81.14498969201698 -5.999999999999997
    vertex 589.0670239586517 81.76631003557667 -6.000000000000009
  endloop
endfacet
facet normal -4.8753036386867e-31 -5.5511151231257815e-17 1.0
  outer loop
    vertex 584.9689477472983 119.26631003557664 -5.999999999999992
    vertex 585.5030219210093 83.52512908067918 -6.000000000000009
    vertex 586.4689477472984 86.26631003557662 -6.000000000000009
  endloop
endfacet
facet normal -4.8753036386867e-31 -5.5511151231257815e-17 1.0
  outer loop
    vertex 585.5030219210093 83.52512908067918 -6.000000000000009
    vertex 584.9689477472983 119.26631003557664 -5.999999999999992
    vertex 585.4689477472984 83.26631003557664 -5.999999999999992
  endloop
endfacet
facet normal -4.8753036386867e-31 -5.5511151231257815e-17 1.0
  outer loop
    vertex 586.4689477472984 86.26631003557662 -6.000000000000009
    vertex 585.5030219210093 83.52512908067918 -6.000000000000009
    vertex 585.602922343514 83.76631003557665 -5.999999999999997
  endloop
endfacet
facet normal -4.8753036386867e-31 -5.5511151231257815e-17 1.0
  outer loop
    vertex 586.4689477472984 86.26631003557662 -6.000000000000009
    vertex 585.602922343514 83.76631003557665 -5.999999999999997
    vertex 585.7618409661119 83.97341681676315 -5.999999999999997
  endloop
endfacet
facet normal -4.8753036386867e-31 -5.5511151231257815e-17 1.0
  outer loop
    vertex 586.4689477472984 86.26631003557662 -6.000000000000009
    vertex 585.7618409661119 83.97341681676315 -5.999999999999997
    vertex 585.9689477472984 84.13233543936107 -5.999999999999997
  endloop
endfacet
facet normal -4.8753036386867e-31 -5.5511151231257815e-17 1.0
  outer loop
    vertex 586.4689477472984 86.26631003557662 -6.000000000000009
    vertex 585.9689477472984 84.13233543936107 -5.999999999999997
    vertex 586.2101287021959 84.23223586186569 -5.999999999999992
  endloop
endfacet
facet normal -4.8753036386867e-31 -5.5511151231257815e-17 1.0
  outer loop
    vertex 586.4689477472984 86.26631003557662 -6.000000000000009
    vertex 586.2101287021959 84.23223586186569 -5.999999999999992
    vertex 586.4689477472984 84.26631003557662 -6.000000000000009
  endloop
endfacet
facet normal -4.8753036386867e-31 -5.5511151231257815e-17 1.0
  outer loop
    vertex 586.4689477472984 86.26631003557662 -6.000000000000009
    vertex 586.4689477472984 84.26631003557662 -6.000000000000009
    vertex 586.7277667924009 84.23223586186569 -5.999999999999992
  endloop
endfacet
facet normal -4.8753036386867e-31 -5.5511151231257815e-17 1.0
  outer loop
    vertex 586.4689477472984 86.26631003557662 -6.000000000000009
    vertex 586.7277667924009 84.23223586186569 -5.999999999999992
    vertex 587.245404882606 86.16408751444384 -5.999999999999992
  endloop
endfacet
facet normal -4.8753036386867e-31 -5.5511151231257815e-17 1.0
  outer loop
    vertex 587.245404882606 86.16408751444384 -5.999999999999992
    vertex 586.7277667924009 84.23223586186569 -5.999999999999992
    vertex 586.9689477472984 84.13233543936107 -5.999999999999997
  endloop
endfacet
facet normal -4.8753036386867e-31 -5.5511151231257815e-17 1.0
  outer loop
    vertex 587.245404882606 86.16408751444384 -5.999999999999992
    vertex 586.9689477472984 84.13233543936107 -5.999999999999997
    vertex 587.0725011378917 84.05287612806215 -6.000000000000003
  endloop
endfacet
facet normal -4.8753036386867e-31 -5.5511151231257815e-17 1.0
  outer loop
    vertex 587.245404882606 86.16408751444384 -5.999999999999992
    vertex 587.0725011378917 84.05287612806215 -6.000000000000003
    vertex 589.3667252261656 84.04276717088418 -5.999999999999997
  endloop
endfacet
facet normal -4.8753036386867e-31 -5.5511151231257815e-17 1.0
  outer loop
    vertex 587.245404882606 86.16408751444384 -5.999999999999992
    vertex 589.3667252261656 84.04276717088418 -5.999999999999997
    vertex 587.9689477472984 85.86438624692993 -5.999999999999997
  endloop
endfacet
facet normal -4.8753036386867e-31 -5.5511151231257815e-17 1.0
  outer loop
    vertex 587.9689477472984 85.86438624692993 -5.999999999999997
    vertex 589.3667252261656 84.04276717088418 -5.999999999999997
    vertex 588.5902680908581 85.38763037913627 -6.000000000000009
  endloop
endfacet
facet normal -4.8753036386867e-31 -5.5511151231257815e-17 1.0
  outer loop
    vertex 588.5902680908581 85.38763037913627 -6.000000000000009
    vertex 589.3667252261656 84.04276717088418 -5.999999999999997
    vertex 589.0670239586517 84.76631003557664 -6.000000000000009
  endloop
endfacet
facet normal -4.8753036386867e-31 -5.5511151231257815e-17 1.0
  outer loop
    vertex 584.9689477472983 119.26631003557664 -5.999999999999992
    vertex 584.9689477472983 121.26631003557668 -6.000000000000031
    vertex 584.7101287021959 121.30038420928759 -6.000000000000003
  endloop
endfacet
facet normal -4.8753036386867e-31 -5.5511151231257815e-17 1.0
  outer loop
    vertex 584.9689477472983 121.26631003557668 -6.000000000000031
    vertex 584.9689477472983 119.26631003557664 -5.999999999999992
    vertex 585.745404882606 119.36853255670943 -6.000000000000009
  endloop
endfacet
facet normal -4.8753036386867e-31 -5.5511151231257815e-17 1.0
  outer loop
    vertex 584.9689477472983 121.26631003557668 -6.000000000000031
    vertex 585.745404882606 119.36853255670943 -6.000000000000009
    vertex 585.2277667924009 121.30038420928759 -6.000000000000003
  endloop
endfacet
facet normal -4.8753036386867e-31 -5.5511151231257815e-17 1.0
  outer loop
    vertex 585.2277667924009 121.30038420928759 -6.000000000000003
    vertex 585.745404882606 119.36853255670943 -6.000000000000009
    vertex 585.4689477472984 121.4002846317922 -6.000000000000003
  endloop
endfacet
facet normal -4.8753036386867e-31 -5.5511151231257815e-17 1.0
  outer loop
    vertex 585.4689477472984 121.4002846317922 -6.000000000000003
    vertex 585.745404882606 119.36853255670943 -6.000000000000009
    vertex 585.5725011378917 121.4797439430911 -6.000000000000003
  endloop
endfacet
facet normal -4.8753036386867e-31 -5.5511151231257815e-17 1.0
  outer loop
    vertex 585.5725011378917 121.4797439430911 -6.000000000000003
    vertex 585.745404882606 119.36853255670943 -6.000000000000009
    vertex 587.8667252261656 121.48985290026907 -6.000000000000014
  endloop
endfacet
facet normal -4.8753036386867e-31 -5.5511151231257815e-17 1.0
  outer loop
    vertex 587.8667252261656 121.48985290026907 -6.000000000000014
    vertex 585.745404882606 119.36853255670943 -6.000000000000009
    vertex 586.4689477472984 119.66823382422334 -6.000000000000009
  endloop
endfacet
facet normal -4.8753036386867e-31 -5.5511151231257815e-17 1.0
  outer loop
    vertex 587.8667252261656 121.48985290026907 -6.000000000000014
    vertex 586.4689477472984 119.66823382422334 -6.000000000000009
    vertex 587.0902680908581 120.14498969201698 -6.000000000000009
  endloop
endfacet
facet normal -4.8753036386867e-31 -5.5511151231257815e-17 1.0
  outer loop
    vertex 587.8667252261656 121.48985290026907 -6.000000000000014
    vertex 587.0902680908581 120.14498969201698 -6.000000000000009
    vertex 587.5670239586517 120.76631003557661 -5.999999999999992
  endloop
endfacet
facet normal -4.8753036386867e-31 -5.5511151231257815e-17 1.0
  outer loop
    vertex 584.7101287021959 123.23223586186568 -5.999999999999986
    vertex 584.4689477472984 135.2663100355766 -5.999999999999986
    vertex 584.4689477472984 123.13233543936111 -6.000000000000026
  endloop
endfacet
facet normal -4.8753036386867e-31 -5.5511151231257815e-17 1.0
  outer loop
    vertex 584.4689477472984 135.2663100355766 -5.999999999999986
    vertex 584.7101287021959 123.23223586186568 -5.999999999999986
    vertex 584.5541331815757 134.61926242282033 -5.999999999999997
  endloop
endfacet
facet normal -4.8753036386867e-31 -5.5511151231257815e-17 1.0
  outer loop
    vertex 584.5541331815757 134.61926242282033 -5.999999999999997
    vertex 584.7101287021959 123.23223586186568 -5.999999999999986
    vertex 584.8038842378373 134.01631003557662 -6.000000000000014
  endloop
endfacet
facet normal -4.8753036386867e-31 -5.5511151231257815e-17 1.0
  outer loop
    vertex 584.8038842378373 134.01631003557662 -6.000000000000014
    vertex 584.7101287021959 123.23223586186568 -5.999999999999986
    vertex 584.9689477472983 123.26631003557662 -6.000000000000003
  endloop
endfacet
facet normal -4.8753036386867e-31 -5.5511151231257815e-17 1.0
  outer loop
    vertex 584.8038842378373 134.01631003557662 -6.000000000000014
    vertex 584.9689477472983 123.26631003557662 -6.000000000000003
    vertex 585.2011807943321 133.49854308261027 -6.000000000000009
  endloop
endfacet
facet normal -4.8753036386867e-31 -5.5511151231257815e-17 1.0
  outer loop
    vertex 585.2011807943321 133.49854308261027 -6.000000000000009
    vertex 584.9689477472983 123.26631003557662 -6.000000000000003
    vertex 585.2277667924009 123.23223586186568 -5.999999999999986
  endloop
endfacet
facet normal -4.8753036386867e-31 -5.5511151231257815e-17 1.0
  outer loop
    vertex 585.2011807943321 133.49854308261027 -6.000000000000009
    vertex 585.2277667924009 123.23223586186568 -5.999999999999986
    vertex 585.7189477472983 133.1012465261155 -6.000000000000003
  endloop
endfacet
facet normal -4.8753036386867e-31 -5.5511151231257815e-17 1.0
  outer loop
    vertex 585.7189477472983 133.1012465261155 -6.000000000000003
    vertex 585.2277667924009 123.23223586186568 -5.999999999999986
    vertex 585.4689477472984 123.13233543936111 -6.000000000000026
  endloop
endfacet
facet normal -4.8753036386867e-31 -5.5511151231257815e-17 1.0
  outer loop
    vertex 585.7189477472983 133.1012465261155 -6.000000000000003
    vertex 585.4689477472984 123.13233543936111 -6.000000000000026
    vertex 585.5725011378917 123.05287612806208 -5.999999999999969
  endloop
endfacet
facet normal -4.8753036386867e-31 -5.5511151231257815e-17 1.0
  outer loop
    vertex 585.7189477472983 133.1012465261155 -6.000000000000003
    vertex 585.5725011378917 123.05287612806208 -5.999999999999969
    vertex 587.9689477472984 123.04276717088419 -6.000000000000003
  endloop
endfacet
facet normal -4.8753036386867e-31 -5.5511151231257815e-17 1.0
  outer loop
    vertex 585.7189477472983 133.1012465261155 -6.000000000000003
    vertex 587.9689477472984 123.04276717088419 -6.000000000000003
    vertex 586.3219001345421 132.85149546985397 -6.00000000000002
  endloop
endfacet
facet normal -4.8753036386867e-31 -5.5511151231257815e-17 1.0
  outer loop
    vertex 586.3219001345421 132.85149546985397 -6.00000000000002
    vertex 587.9689477472984 123.04276717088419 -6.000000000000003
    vertex 586.9689477472984 132.76631003557662 -6.000000000000014
  endloop
endfacet
facet normal -4.8753036386867e-31 -5.5511151231257815e-17 1.0
  outer loop
    vertex 586.9689477472984 132.76631003557662 -6.000000000000014
    vertex 587.9689477472984 123.04276717088419 -6.000000000000003
    vertex 587.6159953600547 132.85149546985397 -6.00000000000002
  endloop
endfacet
facet normal -4.8753036386867e-31 -5.5511151231257815e-17 1.0
  outer loop
    vertex 587.6159953600547 132.85149546985397 -6.00000000000002
    vertex 587.9689477472984 123.04276717088419 -6.000000000000003
    vertex 587.9689477472984 130.26631003557662 -5.999999999999992
  endloop
endfacet
facet normal -4.8753036386867e-31 -5.5511151231257815e-17 1.0
  outer loop
    vertex 587.6159953600547 132.85149546985397 -6.00000000000002
    vertex 587.9689477472984 130.26631003557662 -5.999999999999992
    vertex 588.2189477472983 133.1012465261155 -6.000000000000003
  endloop
endfacet
facet normal -4.8753036386867e-31 -5.5511151231257815e-17 1.0
  outer loop
    vertex 588.2189477472983 133.1012465261155 -6.000000000000003
    vertex 587.9689477472984 130.26631003557662 -5.999999999999992
    vertex 604.4689477472984 127.26631003557658 -5.999999999999986
  endloop
endfacet
facet normal -4.8753036386867e-31 -5.5511151231257815e-17 1.0
  outer loop
    vertex 588.2189477472983 133.1012465261155 -6.000000000000003
    vertex 604.4689477472984 127.26631003557658 -5.999999999999986
    vertex 588.7367147002648 133.49854308261027 -6.000000000000009
  endloop
endfacet
facet normal -4.8753036386867e-31 -5.5511151231257815e-17 1.0
  outer loop
    vertex 588.7367147002648 133.49854308261027 -6.000000000000009
    vertex 604.4689477472984 127.26631003557658 -5.999999999999986
    vertex 589.1340112567595 134.01631003557662 -6.000000000000003
  endloop
endfacet
facet normal -4.8753036386867e-31 -5.5511151231257815e-17 1.0
  outer loop
    vertex 589.1340112567595 134.01631003557662 -6.000000000000003
    vertex 604.4689477472984 127.26631003557658 -5.999999999999986
    vertex 589.3837623130211 134.61926242282033 -5.999999999999997
  endloop
endfacet
facet normal -4.8753036386867e-31 -5.5511151231257815e-17 1.0
  outer loop
    vertex 589.3837623130211 134.61926242282033 -5.999999999999997
    vertex 604.4689477472984 127.26631003557658 -5.999999999999986
    vertex 589.4689477472984 135.2663100355766 -5.999999999999986
  endloop
endfacet
facet normal -4.8753036386867e-31 -5.5511151231257815e-17 1.0
  outer loop
    vertex 614.4689477472983 127.26631003557658 -5.999999999999986
    vertex 612.8689477472984 129.16631003557663 -6.000000000000003
    vertex 604.4689477472984 127.26631003557658 -5.999999999999986
  endloop
endfacet
facet normal -4.8753036386867e-31 -5.5511151231257815e-17 1.0
  outer loop
    vertex 612.8689477472984 129.16631003557663 -6.000000000000003
    vertex 614.4689477472983 127.26631003557658 -5.999999999999986
    vertex 616.0689477472984 129.16631003557663 -6.000000000000003
  endloop
endfacet
facet normal -4.8753036386867e-31 -5.5511151231257815e-17 1.0
  outer loop
    vertex 616.0689477472984 129.16631003557663 -6.000000000000003
    vertex 614.4689477472983 127.26631003557658 -5.999999999999986
    vertex 624.4689477472984 127.26631003557658 -5.999999999999986
  endloop
endfacet
facet normal -4.8753036386867e-31 -5.5511151231257815e-17 1.0
  outer loop
    vertex 616.0689477472984 129.16631003557663 -6.000000000000003
    vertex 624.4689477472984 127.26631003557658 -5.999999999999986
    vertex 616.0689477472984 139.3663100355766 -5.999999999999992
  endloop
endfacet
facet normal -4.8753036386867e-31 -5.5511151231257815e-17 1.0
  outer loop
    vertex 643.3653943567051 123.05287612806208 -5.999999999999969
    vertex 640.9689477472984 130.26631003557662 -5.999999999999992
    vertex 640.9689477472984 123.04276717088419 -6.000000000000003
  endloop
endfacet
facet normal -4.8753036386867e-31 -5.5511151231257815e-17 1.0
  outer loop
    vertex 640.9689477472984 130.26631003557662 -5.999999999999992
    vertex 643.3653943567051 123.05287612806208 -5.999999999999969
    vertex 641.321900134542 132.85149546985397 -6.00000000000002
  endloop
endfacet
facet normal -4.8753036386867e-31 -5.5511151231257815e-17 1.0
  outer loop
    vertex 641.321900134542 132.85149546985397 -6.00000000000002
    vertex 643.3653943567051 123.05287612806208 -5.999999999999969
    vertex 641.9689477472984 132.76631003557662 -6.000000000000014
  endloop
endfacet
facet normal -4.8753036386867e-31 -5.5511151231257815e-17 1.0
  outer loop
    vertex 641.9689477472984 132.76631003557662 -6.000000000000014
    vertex 643.3653943567051 123.05287612806208 -5.999999999999969
    vertex 642.6159953600547 132.85149546985397 -6.00000000000002
  endloop
endfacet
facet normal -4.8753036386867e-31 -5.5511151231257815e-17 1.0
  outer loop
    vertex 642.6159953600547 132.85149546985397 -6.00000000000002
    vertex 643.3653943567051 123.05287612806208 -5.999999999999969
    vertex 643.2189477472984 133.1012465261155 -6.000000000000003
  endloop
endfacet
facet normal -4.8753036386867e-31 -5.5511151231257815e-17 1.0
  outer loop
    vertex 643.2189477472984 133.1012465261155 -6.000000000000003
    vertex 643.3653943567051 123.05287612806208 -5.999999999999969
    vertex 643.7367147002648 133.49854308261027 -6.000000000000009
  endloop
endfacet
facet normal -4.8753036386867e-31 -5.5511151231257815e-17 1.0
  outer loop
    vertex 643.7367147002648 133.49854308261027 -6.000000000000009
    vertex 643.3653943567051 123.05287612806208 -5.999999999999969
    vertex 643.4689477472984 123.13233543936111 -6.000000000000026
  endloop
endfacet
facet normal -4.8753036386867e-31 -5.5511151231257815e-17 1.0
  outer loop
    vertex 643.7367147002648 133.49854308261027 -6.000000000000009
    vertex 643.4689477472984 123.13233543936111 -6.000000000000026
    vertex 643.7101287021959 123.23223586186568 -5.999999999999986
  endloop
endfacet
facet normal -4.8753036386867e-31 -5.5511151231257815e-17 1.0
  outer loop
    vertex 643.7367147002648 133.49854308261027 -6.000000000000009
    vertex 643.7101287021959 123.23223586186568 -5.999999999999986
    vertex 643.9689477472984 123.26631003557662 -6.000000000000003
  endloop
endfacet
facet normal -4.8753036386867e-31 -5.5511151231257815e-17 1.0
  outer loop
    vertex 643.7367147002648 133.49854308261027 -6.000000000000009
    vertex 643.9689477472984 123.26631003557662 -6.000000000000003
    vertex 644.1340112567594 134.01631003557662 -6.000000000000003
  endloop
endfacet
facet normal -4.8753036386867e-31 -5.5511151231257815e-17 1.0
  outer loop
    vertex 644.1340112567594 134.01631003557662 -6.000000000000003
    vertex 643.9689477472984 123.26631003557662 -6.000000000000003
    vertex 644.227766792401 123.23223586186568 -5.999999999999986
  endloop
endfacet
facet normal -4.8753036386867e-31 -5.5511151231257815e-17 1.0
  outer loop
    vertex 644.1340112567594 134.01631003557662 -6.000000000000003
    vertex 644.227766792401 123.23223586186568 -5.999999999999986
    vertex 644.3837623130211 134.61926242282033 -5.999999999999997
  endloop
endfacet
facet normal -4.8753036386867e-31 -5.5511151231257815e-17 1.0
  outer loop
    vertex 644.3837623130211 134.61926242282033 -5.999999999999997
    vertex 644.227766792401 123.23223586186568 -5.999999999999986
    vertex 644.4689477472983 123.13233543936111 -6.000000000000026
  endloop
endfacet
facet normal -4.8753036386867e-31 -5.5511151231257815e-17 1.0
  outer loop
    vertex 644.3837623130211 134.61926242282033 -5.999999999999997
    vertex 644.4689477472983 123.13233543936111 -6.000000000000026
    vertex 644.4689477472983 135.2663100355766 -5.999999999999986
  endloop
endfacet
facet normal -4.8753036386867e-31 -5.5511151231257815e-17 1.0
  outer loop
    vertex 644.4689477472983 135.2663100355766 -5.999999999999986
    vertex 644.4689477472983 123.13233543936111 -6.000000000000026
    vertex 644.676054528485 122.97341681676318 -6.00000000000002
  endloop
endfacet
facet normal -4.8753036386867e-31 -5.5511151231257815e-17 1.0
  outer loop
    vertex 646.9689477472984 30.266310035576623 -5.999999999999997
    vertex 641.9689477472984 32.26631003557664 -6.000000000000009
    vertex 641.9689477472984 30.266310035576623 -5.999999999999997
  endloop
endfacet
facet normal -4.8753036386867e-31 -5.5511151231257815e-17 1.0
  outer loop
    vertex 641.9689477472984 32.26631003557664 -6.000000000000009
    vertex 646.9689477472984 30.266310035576623 -5.999999999999997
    vertex 641.9689477472984 34.26631003557666 -5.999999999999975
  endloop
endfacet
facet normal -4.8753036386867e-31 -5.5511151231257815e-17 1.0
  outer loop
    vertex 641.9689477472984 34.26631003557666 -5.999999999999975
    vertex 646.9689477472984 30.266310035576623 -5.999999999999997
    vertex 642.227766792401 34.30038420928758 -5.999999999999997
  endloop
endfacet
facet normal -4.8753036386867e-31 -5.5511151231257815e-17 1.0
  outer loop
    vertex 642.227766792401 34.30038420928758 -5.999999999999997
    vertex 646.9689477472984 30.266310035576623 -5.999999999999997
    vertex 642.4689477472983 34.400284631792196 -6.000000000000003
  endloop
endfacet
facet normal -4.8753036386867e-31 -5.5511151231257815e-17 1.0
  outer loop
    vertex 642.4689477472983 34.400284631792196 -6.000000000000003
    vertex 646.9689477472984 30.266310035576623 -5.999999999999997
    vertex 642.676054528485 34.55920325439013 -5.999999999999986
  endloop
endfacet
facet normal -4.8753036386867e-31 -5.5511151231257815e-17 1.0
  outer loop
    vertex 642.676054528485 34.55920325439013 -5.999999999999986
    vertex 646.9689477472984 30.266310035576623 -5.999999999999997
    vertex 642.8349731510829 34.76631003557666 -5.999999999999975
  endloop
endfacet
facet normal -4.8753036386867e-31 -5.5511151231257815e-17 1.0
  outer loop
    vertex 642.8349731510829 34.76631003557666 -5.999999999999975
    vertex 646.9689477472984 30.266310035576623 -5.999999999999997
    vertex 642.9348735735874 35.007490990474125 -6.000000000000009
  endloop
endfacet
facet normal -4.8753036386867e-31 -5.5511151231257815e-17 1.0
  outer loop
    vertex 642.9348735735874 35.007490990474125 -6.000000000000009
    vertex 646.9689477472984 30.266310035576623 -5.999999999999997
    vertex 642.9689477472984 35.26631003557664 -6.000000000000009
  endloop
endfacet
facet normal -4.8753036386867e-31 -5.5511151231257815e-17 1.0
  outer loop
    vertex 642.9689477472984 35.26631003557664 -6.000000000000009
    vertex 646.9689477472984 30.266310035576623 -5.999999999999997
    vertex 642.9689477472984 61.266310035576666 -5.9999999999999805
  endloop
endfacet
facet normal -4.8753036386867e-31 -5.5511151231257815e-17 1.0
  outer loop
    vertex 642.9689477472984 61.266310035576666 -5.9999999999999805
    vertex 646.9689477472984 30.266310035576623 -5.999999999999997
    vertex 642.9689477472984 82.40028463179223 -6.000000000000009
  endloop
endfacet
facet normal -4.8753036386867e-31 -5.5511151231257815e-17 1.0
  outer loop
    vertex 642.9689477472984 82.40028463179223 -6.000000000000009
    vertex 646.9689477472984 30.266310035576623 -5.999999999999997
    vertex 643.176054528485 82.5592032543901 -6.000000000000003
  endloop
endfacet
facet normal -4.8753036386867e-31 -5.5511151231257815e-17 1.0
  outer loop
    vertex 643.176054528485 82.5592032543901 -6.000000000000003
    vertex 646.9689477472984 30.266310035576623 -5.999999999999997
    vertex 643.3349731510829 82.76631003557664 -5.999999999999997
  endloop
endfacet
facet normal -4.8753036386867e-31 -5.5511151231257815e-17 1.0
  outer loop
    vertex 643.3349731510829 82.76631003557664 -5.999999999999997
    vertex 646.9689477472984 30.266310035576623 -5.999999999999997
    vertex 643.4348735735875 83.0074909904741 -6.000000000000003
  endloop
endfacet
facet normal -4.8753036386867e-31 -5.5511151231257815e-17 1.0
  outer loop
    vertex 643.4348735735875 83.0074909904741 -6.000000000000003
    vertex 646.9689477472984 30.266310035576623 -5.999999999999997
    vertex 643.4689477472984 83.26631003557664 -5.999999999999992
  endloop
endfacet
facet normal -4.8753036386867e-31 -5.5511151231257815e-17 1.0
  outer loop
    vertex 643.4689477472984 83.26631003557664 -5.999999999999992
    vertex 646.9689477472984 30.266310035576623 -5.999999999999997
    vertex 643.9689477472984 119.26631003557664 -5.999999999999992
  endloop
endfacet
facet normal -4.8753036386867e-31 -5.5511151231257815e-17 1.0
  outer loop
    vertex 643.9689477472984 119.26631003557664 -5.999999999999992
    vertex 646.9689477472984 30.266310035576623 -5.999999999999997
    vertex 643.9689477472984 121.26631003557668 -6.000000000000031
  endloop
endfacet
facet normal -4.8753036386867e-31 -5.5511151231257815e-17 1.0
  outer loop
    vertex 643.9689477472984 121.26631003557668 -6.000000000000031
    vertex 646.9689477472984 30.266310035576623 -5.999999999999997
    vertex 644.227766792401 121.30038420928759 -6.000000000000003
  endloop
endfacet
facet normal -4.8753036386867e-31 -5.5511151231257815e-17 1.0
  outer loop
    vertex 644.227766792401 121.30038420928759 -6.000000000000003
    vertex 646.9689477472984 30.266310035576623 -5.999999999999997
    vertex 644.4689477472983 121.4002846317922 -6.000000000000003
  endloop
endfacet
facet normal -4.8753036386867e-31 -5.5511151231257815e-17 1.0
  outer loop
    vertex 644.4689477472983 121.4002846317922 -6.000000000000003
    vertex 646.9689477472984 30.266310035576623 -5.999999999999997
    vertex 644.676054528485 121.55920325439008 -6.000000000000009
  endloop
endfacet
facet normal -4.8753036386867e-31 -5.5511151231257815e-17 1.0
  outer loop
    vertex 644.676054528485 121.55920325439008 -6.000000000000009
    vertex 646.9689477472984 30.266310035576623 -5.999999999999997
    vertex 644.8349731510829 121.76631003557665 -6.000000000000003
  endloop
endfacet
facet normal -4.8753036386867e-31 -5.5511151231257815e-17 1.0
  outer loop
    vertex 644.8349731510829 121.76631003557665 -6.000000000000003
    vertex 646.9689477472984 30.266310035576623 -5.999999999999997
    vertex 644.9348735735874 122.00749099047414 -6.000000000000009
  endloop
endfacet
facet normal -4.8753036386867e-31 -5.5511151231257815e-17 1.0
  outer loop
    vertex 644.9348735735874 122.00749099047414 -6.000000000000009
    vertex 646.9689477472984 30.266310035576623 -5.999999999999997
    vertex 644.9689477472984 122.26631003557664 -5.999999999999997
  endloop
endfacet
facet normal -4.8753036386867e-31 -5.5511151231257815e-17 1.0
  outer loop
    vertex 581.9689477472984 140.2663100355766 -5.999999999999975
    vertex 612.8689477472984 139.3663100355766 -5.999999999999992
    vertex 646.9689477472984 140.2663100355766 -5.999999999999975
  endloop
endfacet
facet normal -4.8753036386867e-31 -5.5511151231257815e-17 1.0
  outer loop
    vertex 612.8689477472984 139.3663100355766 -5.999999999999992
    vertex 581.9689477472984 140.2663100355766 -5.999999999999975
    vertex 586.9689477472984 137.76631003557657 -5.999999999999986
  endloop
endfacet
facet normal -4.8753036386867e-31 -5.5511151231257815e-17 1.0
  outer loop
    vertex 586.9689477472984 137.76631003557657 -5.999999999999986
    vertex 581.9689477472984 140.2663100355766 -5.999999999999975
    vertex 586.3219001345421 137.6811246012993 -5.999999999999975
  endloop
endfacet
facet normal -4.8753036386867e-31 -5.5511151231257815e-17 1.0
  outer loop
    vertex 586.3219001345421 137.6811246012993 -5.999999999999975
    vertex 581.9689477472984 140.2663100355766 -5.999999999999975
    vertex 585.7189477472983 137.4313735450377 -5.999999999999997
  endloop
endfacet
facet normal -4.8753036386867e-31 -5.5511151231257815e-17 1.0
  outer loop
    vertex 585.7189477472983 137.4313735450377 -5.999999999999997
    vertex 581.9689477472984 140.2663100355766 -5.999999999999975
    vertex 585.2011807943321 137.03407698854295 -6.000000000000003
  endloop
endfacet
facet normal -4.8753036386867e-31 -5.5511151231257815e-17 1.0
  outer loop
    vertex 585.2011807943321 137.03407698854295 -6.000000000000003
    vertex 581.9689477472984 140.2663100355766 -5.999999999999975
    vertex 584.8038842378373 136.51631003557665 -5.999999999999992
  endloop
endfacet
facet normal -4.8753036386867e-31 -5.5511151231257815e-17 1.0
  outer loop
    vertex 584.8038842378373 136.51631003557665 -5.999999999999992
    vertex 581.9689477472984 140.2663100355766 -5.999999999999975
    vertex 584.5541331815757 135.9133576483329 -5.999999999999986
  endloop
endfacet
facet normal -4.8753036386867e-31 -5.5511151231257815e-17 1.0
  outer loop
    vertex 584.5541331815757 135.9133576483329 -5.999999999999986
    vertex 581.9689477472984 140.2663100355766 -5.999999999999975
    vertex 584.4689477472984 135.2663100355766 -5.999999999999986
  endloop
endfacet
facet normal -4.8753036386867e-31 -5.5511151231257815e-17 1.0
  outer loop
    vertex 584.4689477472984 135.2663100355766 -5.999999999999986
    vertex 581.9689477472984 140.2663100355766 -5.999999999999975
    vertex 583.9689477472984 122.26631003557664 -5.999999999999997
  endloop
endfacet
facet normal -4.8753036386867e-31 -5.5511151231257815e-17 1.0
  outer loop
    vertex 584.4689477472984 135.2663100355766 -5.999999999999986
    vertex 583.9689477472984 122.26631003557664 -5.999999999999997
    vertex 584.0030219210093 122.52512908067916 -6.000000000000003
  endloop
endfacet
facet normal -4.8753036386867e-31 -5.5511151231257815e-17 1.0
  outer loop
    vertex 584.4689477472984 135.2663100355766 -5.999999999999986
    vertex 584.0030219210093 122.52512908067916 -6.000000000000003
    vertex 584.102922343514 122.76631003557665 -6.000000000000003
  endloop
endfacet
facet normal -4.8753036386867e-31 -5.5511151231257815e-17 1.0
  outer loop
    vertex 584.4689477472984 135.2663100355766 -5.999999999999986
    vertex 584.102922343514 122.76631003557665 -6.000000000000003
    vertex 584.2618409661119 122.97341681676318 -6.00000000000002
  endloop
endfacet
facet normal -4.8753036386867e-31 -5.5511151231257815e-17 1.0
  outer loop
    vertex 584.4689477472984 135.2663100355766 -5.999999999999986
    vertex 584.2618409661119 122.97341681676318 -6.00000000000002
    vertex 584.4689477472984 123.13233543936111 -6.000000000000026
  endloop
endfacet
facet normal -4.8753036386867e-31 -5.5511151231257815e-17 1.0
  outer loop
    vertex 612.8689477472984 139.3663100355766 -5.999999999999992
    vertex 586.9689477472984 137.76631003557657 -5.999999999999986
    vertex 587.6159953600547 137.6811246012993 -5.999999999999975
  endloop
endfacet
facet normal -4.8753036386867e-31 -5.5511151231257815e-17 1.0
  outer loop
    vertex 612.8689477472984 139.3663100355766 -5.999999999999992
    vertex 587.6159953600547 137.6811246012993 -5.999999999999975
    vertex 588.2189477472983 137.4313735450377 -5.999999999999997
  endloop
endfacet
facet normal -4.8753036386867e-31 -5.5511151231257815e-17 1.0
  outer loop
    vertex 612.8689477472984 139.3663100355766 -5.999999999999992
    vertex 588.2189477472983 137.4313735450377 -5.999999999999997
    vertex 588.7367147002648 137.03407698854295 -6.000000000000003
  endloop
endfacet
facet normal -4.8753036386867e-31 -5.5511151231257815e-17 1.0
  outer loop
    vertex 612.8689477472984 139.3663100355766 -5.999999999999992
    vertex 588.7367147002648 137.03407698854295 -6.000000000000003
    vertex 589.1340112567595 136.51631003557665 -5.999999999999986
  endloop
endfacet
facet normal -4.8753036386867e-31 -5.5511151231257815e-17 1.0
  outer loop
    vertex 612.8689477472984 139.3663100355766 -5.999999999999992
    vertex 589.1340112567595 136.51631003557665 -5.999999999999986
    vertex 589.3837623130211 135.9133576483329 -5.999999999999986
  endloop
endfacet
facet normal -4.8753036386867e-31 -5.5511151231257815e-17 1.0
  outer loop
    vertex 612.8689477472984 139.3663100355766 -5.999999999999992
    vertex 589.3837623130211 135.9133576483329 -5.999999999999986
    vertex 589.4689477472984 135.2663100355766 -5.999999999999986
  endloop
endfacet
facet normal -4.8753036386867e-31 -5.5511151231257815e-17 1.0
  outer loop
    vertex 612.8689477472984 139.3663100355766 -5.999999999999992
    vertex 589.4689477472984 135.2663100355766 -5.999999999999986
    vertex 604.4689477472984 127.26631003557658 -5.999999999999986
  endloop
endfacet
facet normal -4.8753036386867e-31 -5.5511151231257815e-17 1.0
  outer loop
    vertex 612.8689477472984 139.3663100355766 -5.999999999999992
    vertex 604.4689477472984 127.26631003557658 -5.999999999999986
    vertex 612.8689477472984 129.16631003557663 -6.000000000000003
  endloop
endfacet
facet normal -4.8753036386867e-31 -5.5511151231257815e-17 1.0
  outer loop
    vertex 646.9689477472984 140.2663100355766 -5.999999999999975
    vertex 612.8689477472984 139.3663100355766 -5.999999999999992
    vertex 616.0689477472984 139.3663100355766 -5.999999999999992
  endloop
endfacet
facet normal -4.8753036386867e-31 -5.5511151231257815e-17 1.0
  outer loop
    vertex 646.9689477472984 140.2663100355766 -5.999999999999975
    vertex 616.0689477472984 139.3663100355766 -5.999999999999992
    vertex 640.7189477472984 137.4313735450377 -5.999999999999997
  endloop
endfacet
facet normal -4.8753036386867e-31 -5.5511151231257815e-17 1.0
  outer loop
    vertex 640.7189477472984 137.4313735450377 -5.999999999999997
    vertex 616.0689477472984 139.3663100355766 -5.999999999999992
    vertex 624.4689477472984 127.26631003557658 -5.999999999999986
  endloop
endfacet
facet normal -4.8753036386867e-31 -5.5511151231257815e-17 1.0
  outer loop
    vertex 640.7189477472984 137.4313735450377 -5.999999999999997
    vertex 624.4689477472984 127.26631003557658 -5.999999999999986
    vertex 640.201180794332 137.03407698854295 -6.000000000000003
  endloop
endfacet
facet normal -4.8753036386867e-31 -5.5511151231257815e-17 1.0
  outer loop
    vertex 640.201180794332 137.03407698854295 -6.000000000000003
    vertex 624.4689477472984 127.26631003557658 -5.999999999999986
    vertex 639.8038842378373 136.51631003557665 -5.999999999999992
  endloop
endfacet
facet normal -4.8753036386867e-31 -5.5511151231257815e-17 1.0
  outer loop
    vertex 639.8038842378373 136.51631003557665 -5.999999999999992
    vertex 624.4689477472984 127.26631003557658 -5.999999999999986
    vertex 639.5541331815757 135.9133576483329 -5.999999999999986
  endloop
endfacet
facet normal -4.8753036386867e-31 -5.5511151231257815e-17 1.0
  outer loop
    vertex 639.5541331815757 135.9133576483329 -5.999999999999986
    vertex 624.4689477472984 127.26631003557658 -5.999999999999986
    vertex 639.4689477472984 135.2663100355766 -5.999999999999986
  endloop
endfacet
facet normal -4.8753036386867e-31 -5.5511151231257815e-17 1.0
  outer loop
    vertex 646.9689477472984 140.2663100355766 -5.999999999999975
    vertex 640.7189477472984 137.4313735450377 -5.999999999999997
    vertex 641.321900134542 137.6811246012993 -5.999999999999975
  endloop
endfacet
facet normal -4.8753036386867e-31 -5.5511151231257815e-17 1.0
  outer loop
    vertex 646.9689477472984 140.2663100355766 -5.999999999999975
    vertex 641.321900134542 137.6811246012993 -5.999999999999975
    vertex 641.9689477472984 137.76631003557657 -5.999999999999986
  endloop
endfacet
facet normal -4.8753036386867e-31 -5.5511151231257815e-17 1.0
  outer loop
    vertex 646.9689477472984 140.2663100355766 -5.999999999999975
    vertex 641.9689477472984 137.76631003557657 -5.999999999999986
    vertex 642.6159953600547 137.6811246012993 -5.999999999999975
  endloop
endfacet
facet normal -4.8753036386867e-31 -5.5511151231257815e-17 1.0
  outer loop
    vertex 646.9689477472984 140.2663100355766 -5.999999999999975
    vertex 642.6159953600547 137.6811246012993 -5.999999999999975
    vertex 643.2189477472984 137.4313735450377 -5.999999999999997
  endloop
endfacet
facet normal -4.8753036386867e-31 -5.5511151231257815e-17 1.0
  outer loop
    vertex 646.9689477472984 140.2663100355766 -5.999999999999975
    vertex 643.2189477472984 137.4313735450377 -5.999999999999997
    vertex 643.7367147002648 137.03407698854295 -6.000000000000003
  endloop
endfacet
facet normal -4.8753036386867e-31 -5.5511151231257815e-17 1.0
  outer loop
    vertex 646.9689477472984 140.2663100355766 -5.999999999999975
    vertex 643.7367147002648 137.03407698854295 -6.000000000000003
    vertex 644.1340112567594 136.51631003557665 -5.999999999999986
  endloop
endfacet
facet normal -4.8753036386867e-31 -5.5511151231257815e-17 1.0
  outer loop
    vertex 646.9689477472984 140.2663100355766 -5.999999999999975
    vertex 644.1340112567594 136.51631003557665 -5.999999999999986
    vertex 644.3837623130211 135.9133576483329 -5.999999999999986
  endloop
endfacet
facet normal -4.8753036386867e-31 -5.5511151231257815e-17 1.0
  outer loop
    vertex 646.9689477472984 140.2663100355766 -5.999999999999975
    vertex 644.3837623130211 135.9133576483329 -5.999999999999986
    vertex 644.4689477472983 135.2663100355766 -5.999999999999986
  endloop
endfacet
facet normal -4.8753036386867e-31 -5.5511151231257815e-17 1.0
  outer loop
    vertex 646.9689477472984 140.2663100355766 -5.999999999999975
    vertex 644.4689477472983 135.2663100355766 -5.999999999999986
    vertex 644.676054528485 122.97341681676318 -6.00000000000002
  endloop
endfacet
facet normal -4.8753036386867e-31 -5.5511151231257815e-17 1.0
  outer loop
    vertex 646.9689477472984 140.2663100355766 -5.999999999999975
    vertex 644.676054528485 122.97341681676318 -6.00000000000002
    vertex 644.8349731510829 122.76631003557665 -6.000000000000003
  endloop
endfacet
facet normal -4.8753036386867e-31 -5.5511151231257815e-17 1.0
  outer loop
    vertex 646.9689477472984 140.2663100355766 -5.999999999999975
    vertex 644.8349731510829 122.76631003557665 -6.000000000000003
    vertex 644.9348735735874 122.52512908067916 -6.000000000000003
  endloop
endfacet
facet normal -4.8753036386867e-31 -5.5511151231257815e-17 1.0
  outer loop
    vertex 646.9689477472984 140.2663100355766 -5.999999999999975
    vertex 644.9348735735874 122.52512908067916 -6.000000000000003
    vertex 644.9689477472984 122.26631003557664 -5.999999999999997
  endloop
endfacet
facet normal -4.8753036386867e-31 -5.5511151231257815e-17 1.0
  outer loop
    vertex 646.9689477472984 140.2663100355766 -5.999999999999975
    vertex 644.9689477472984 122.26631003557664 -5.999999999999997
    vertex 646.9689477472984 30.266310035576623 -5.999999999999997
  endloop
endfacet
facet normal -4.8753036386867e-31 -5.5511151231257815e-17 1.0
  outer loop
    vertex 641.3708715359452 120.76631003557661 -5.999999999999992
    vertex 643.3653943567051 121.4797439430911 -6.000000000000003
    vertex 641.0711702684312 121.48985290026907 -6.000000000000014
  endloop
endfacet
facet normal -4.8753036386867e-31 -5.5511151231257815e-17 1.0
  outer loop
    vertex 643.3653943567051 121.4797439430911 -6.000000000000003
    vertex 641.3708715359452 120.76631003557661 -5.999999999999992
    vertex 641.8476274037388 120.14498969201698 -6.000000000000009
  endloop
endfacet
facet normal -4.8753036386867e-31 -5.5511151231257815e-17 1.0
  outer loop
    vertex 643.3653943567051 121.4797439430911 -6.000000000000003
    vertex 641.8476274037388 120.14498969201698 -6.000000000000009
    vertex 642.4689477472983 119.66823382422334 -6.000000000000009
  endloop
endfacet
facet normal -4.8753036386867e-31 -5.5511151231257815e-17 1.0
  outer loop
    vertex 643.3653943567051 121.4797439430911 -6.000000000000003
    vertex 642.4689477472983 119.66823382422334 -6.000000000000009
    vertex 643.1924906119909 119.36853255670943 -6.000000000000009
  endloop
endfacet
facet normal -4.8753036386867e-31 -5.5511151231257815e-17 1.0
  outer loop
    vertex 643.3653943567051 121.4797439430911 -6.000000000000003
    vertex 643.1924906119909 119.36853255670943 -6.000000000000009
    vertex 643.9689477472984 119.26631003557664 -5.999999999999992
  endloop
endfacet
facet normal -4.8753036386867e-31 -5.5511151231257815e-17 1.0
  outer loop
    vertex 643.3653943567051 121.4797439430911 -6.000000000000003
    vertex 643.9689477472984 119.26631003557664 -5.999999999999992
    vertex 643.4689477472984 121.4002846317922 -6.000000000000003
  endloop
endfacet
facet normal -4.8753036386867e-31 -5.5511151231257815e-17 1.0
  outer loop
    vertex 643.4689477472984 121.4002846317922 -6.000000000000003
    vertex 643.9689477472984 119.26631003557664 -5.999999999999992
    vertex 643.7101287021959 121.30038420928759 -6.000000000000003
  endloop
endfacet
facet normal -4.8753036386867e-31 -5.5511151231257815e-17 1.0
  outer loop
    vertex 643.7101287021959 121.30038420928759 -6.000000000000003
    vertex 643.9689477472984 119.26631003557664 -5.999999999999992
    vertex 643.9689477472984 121.26631003557668 -6.000000000000031
  endloop
endfacet
facet normal -4.8753036386867e-31 -5.5511151231257815e-17 1.0
  outer loop
    vertex 641.8653943567052 84.05287612806215 -6.000000000000003
    vertex 639.8708715359451 84.76631003557664 -6.000000000000009
    vertex 639.5711702684312 84.04276717088418 -5.999999999999997
  endloop
endfacet
facet normal -4.8753036386867e-31 -5.5511151231257815e-17 1.0
  outer loop
    vertex 639.8708715359451 84.76631003557664 -6.000000000000009
    vertex 641.8653943567052 84.05287612806215 -6.000000000000003
    vertex 640.3476274037388 85.38763037913627 -6.000000000000009
  endloop
endfacet
facet normal -4.8753036386867e-31 -5.5511151231257815e-17 1.0
  outer loop
    vertex 640.3476274037388 85.38763037913627 -6.000000000000009
    vertex 641.8653943567052 84.05287612806215 -6.000000000000003
    vertex 640.9689477472984 85.86438624692993 -5.999999999999997
  endloop
endfacet
facet normal -4.8753036386867e-31 -5.5511151231257815e-17 1.0
  outer loop
    vertex 640.9689477472984 85.86438624692993 -5.999999999999997
    vertex 641.8653943567052 84.05287612806215 -6.000000000000003
    vertex 641.6924906119908 86.16408751444384 -5.999999999999992
  endloop
endfacet
facet normal -4.8753036386867e-31 -5.5511151231257815e-17 1.0
  outer loop
    vertex 641.6924906119908 86.16408751444384 -5.999999999999992
    vertex 641.8653943567052 84.05287612806215 -6.000000000000003
    vertex 642.4689477472983 86.26631003557662 -6.000000000000009
  endloop
endfacet
facet normal -4.8753036386867e-31 -5.5511151231257815e-17 1.0
  outer loop
    vertex 642.4689477472983 86.26631003557662 -6.000000000000009
    vertex 641.8653943567052 84.05287612806215 -6.000000000000003
    vertex 641.9689477472984 84.13233543936107 -5.999999999999997
  endloop
endfacet
facet normal -4.8753036386867e-31 -5.5511151231257815e-17 1.0
  outer loop
    vertex 642.4689477472983 86.26631003557662 -6.000000000000009
    vertex 641.9689477472984 84.13233543936107 -5.999999999999997
    vertex 642.2101287021959 84.23223586186569 -5.999999999999992
  endloop
endfacet
facet normal -4.8753036386867e-31 -5.5511151231257815e-17 1.0
  outer loop
    vertex 642.4689477472983 86.26631003557662 -6.000000000000009
    vertex 642.2101287021959 84.23223586186569 -5.999999999999992
    vertex 642.4689477472983 84.26631003557662 -6.000000000000009
  endloop
endfacet
facet normal -4.8753036386867e-31 -5.5511151231257815e-17 1.0
  outer loop
    vertex 642.4689477472983 86.26631003557662 -6.000000000000009
    vertex 642.4689477472983 84.26631003557662 -6.000000000000009
    vertex 642.7277667924009 84.23223586186569 -5.999999999999992
  endloop
endfacet
facet normal -4.8753036386867e-31 -5.5511151231257815e-17 1.0
  outer loop
    vertex 642.4689477472983 86.26631003557662 -6.000000000000009
    vertex 642.7277667924009 84.23223586186569 -5.999999999999992
    vertex 643.9689477472984 119.26631003557664 -5.999999999999992
  endloop
endfacet
facet normal -4.8753036386867e-31 -5.5511151231257815e-17 1.0
  outer loop
    vertex 643.9689477472984 119.26631003557664 -5.999999999999992
    vertex 642.7277667924009 84.23223586186569 -5.999999999999992
    vertex 642.9689477472984 84.13233543936107 -5.999999999999997
  endloop
endfacet
facet normal -4.8753036386867e-31 -5.5511151231257815e-17 1.0
  outer loop
    vertex 643.9689477472984 119.26631003557664 -5.999999999999992
    vertex 642.9689477472984 84.13233543936107 -5.999999999999997
    vertex 643.176054528485 83.97341681676315 -5.999999999999997
  endloop
endfacet
facet normal -4.8753036386867e-31 -5.5511151231257815e-17 1.0
  outer loop
    vertex 643.9689477472984 119.26631003557664 -5.999999999999992
    vertex 643.176054528485 83.97341681676315 -5.999999999999997
    vertex 643.3349731510829 83.76631003557665 -5.999999999999997
  endloop
endfacet
facet normal -4.8753036386867e-31 -5.5511151231257815e-17 1.0
  outer loop
    vertex 643.9689477472984 119.26631003557664 -5.999999999999992
    vertex 643.3349731510829 83.76631003557665 -5.999999999999997
    vertex 643.4348735735875 83.52512908067918 -6.000000000000009
  endloop
endfacet
facet normal -4.8753036386867e-31 -5.5511151231257815e-17 1.0
  outer loop
    vertex 643.9689477472984 119.26631003557664 -5.999999999999992
    vertex 643.4348735735875 83.52512908067918 -6.000000000000009
    vertex 643.4689477472984 83.26631003557664 -5.999999999999992
  endloop
endfacet
facet normal -4.8753036386867e-31 -5.5511151231257815e-17 1.0
  outer loop
    vertex 641.3653943567051 62.052876128062124 -5.999999999999975
    vertex 639.3708715359452 62.766310035576616 -5.999999999999997
    vertex 639.0711702684312 62.0427671708842 -5.999999999999992
  endloop
endfacet
facet normal -4.8753036386867e-31 -5.5511151231257815e-17 1.0
  outer loop
    vertex 639.3708715359452 62.766310035576616 -5.999999999999997
    vertex 641.3653943567051 62.052876128062124 -5.999999999999975
    vertex 639.8476274037388 63.38763037913627 -5.999999999999997
  endloop
endfacet
facet normal -4.8753036386867e-31 -5.5511151231257815e-17 1.0
  outer loop
    vertex 639.8476274037388 63.38763037913627 -5.999999999999997
    vertex 641.3653943567051 62.052876128062124 -5.999999999999975
    vertex 640.4689477472983 63.86438624692993 -5.999999999999986
  endloop
endfacet
facet normal -4.8753036386867e-31 -5.5511151231257815e-17 1.0
  outer loop
    vertex 640.4689477472983 63.86438624692993 -5.999999999999986
    vertex 641.3653943567051 62.052876128062124 -5.999999999999975
    vertex 641.1924906119909 64.16408751444386 -5.999999999999997
  endloop
endfacet
facet normal -4.8753036386867e-31 -5.5511151231257815e-17 1.0
  outer loop
    vertex 641.1924906119909 64.16408751444386 -5.999999999999997
    vertex 641.3653943567051 62.052876128062124 -5.999999999999975
    vertex 641.9689477472984 64.26631003557665 -6.000000000000009
  endloop
endfacet
facet normal -4.8753036386867e-31 -5.5511151231257815e-17 1.0
  outer loop
    vertex 641.9689477472984 64.26631003557665 -6.000000000000009
    vertex 641.3653943567051 62.052876128062124 -5.999999999999975
    vertex 641.4689477472984 62.132335439361064 -5.999999999999997
  endloop
endfacet
facet normal -4.8753036386867e-31 -5.5511151231257815e-17 1.0
  outer loop
    vertex 641.9689477472984 64.26631003557665 -6.000000000000009
    vertex 641.4689477472984 62.132335439361064 -5.999999999999997
    vertex 641.7101287021959 62.23223586186569 -6.000000000000009
  endloop
endfacet
facet normal -4.8753036386867e-31 -5.5511151231257815e-17 1.0
  outer loop
    vertex 641.9689477472984 64.26631003557665 -6.000000000000009
    vertex 641.7101287021959 62.23223586186569 -6.000000000000009
    vertex 641.9689477472984 62.2663100355766 -5.999999999999992
  endloop
endfacet
facet normal -4.8753036386867e-31 -5.5511151231257815e-17 1.0
  outer loop
    vertex 641.9689477472984 64.26631003557665 -6.000000000000009
    vertex 641.9689477472984 62.2663100355766 -5.999999999999992
    vertex 642.227766792401 62.23223586186569 -6.000000000000009
  endloop
endfacet
facet normal -4.8753036386867e-31 -5.5511151231257815e-17 1.0
  outer loop
    vertex 641.9689477472984 64.26631003557665 -6.000000000000009
    vertex 642.227766792401 62.23223586186569 -6.000000000000009
    vertex 642.4689477472983 80.26631003557665 -6.000000000000009
  endloop
endfacet
facet normal -4.8753036386867e-31 -5.5511151231257815e-17 1.0
  outer loop
    vertex 642.4689477472983 80.26631003557665 -6.000000000000009
    vertex 642.227766792401 62.23223586186569 -6.000000000000009
    vertex 642.4689477472983 62.132335439361064 -5.999999999999997
  endloop
endfacet
facet normal -4.8753036386867e-31 -5.5511151231257815e-17 1.0
  outer loop
    vertex 642.4689477472983 80.26631003557665 -6.000000000000009
    vertex 642.4689477472983 62.132335439361064 -5.999999999999997
    vertex 642.676054528485 61.97341681676317 -6.00000000000002
  endloop
endfacet
facet normal -4.8753036386867e-31 -5.5511151231257815e-17 1.0
  outer loop
    vertex 642.4689477472983 80.26631003557665 -6.000000000000009
    vertex 642.676054528485 61.97341681676317 -6.00000000000002
    vertex 642.4689477472983 82.26631003557665 -5.9999999999999805
  endloop
endfacet
facet normal -4.8753036386867e-31 -5.5511151231257815e-17 1.0
  outer loop
    vertex 642.4689477472983 82.26631003557665 -5.9999999999999805
    vertex 642.676054528485 61.97341681676317 -6.00000000000002
    vertex 642.7277667924009 82.3003842092876 -6.000000000000009
  endloop
endfacet
facet normal -4.8753036386867e-31 -5.5511151231257815e-17 1.0
  outer loop
    vertex 642.7277667924009 82.3003842092876 -6.000000000000009
    vertex 642.676054528485 61.97341681676317 -6.00000000000002
    vertex 642.8349731510829 61.76631003557661 -5.999999999999997
  endloop
endfacet
facet normal -4.8753036386867e-31 -5.5511151231257815e-17 1.0
  outer loop
    vertex 642.7277667924009 82.3003842092876 -6.000000000000009
    vertex 642.8349731510829 61.76631003557661 -5.999999999999997
    vertex 642.9689477472984 82.40028463179223 -6.000000000000009
  endloop
endfacet
facet normal -4.8753036386867e-31 -5.5511151231257815e-17 1.0
  outer loop
    vertex 642.9689477472984 82.40028463179223 -6.000000000000009
    vertex 642.8349731510829 61.76631003557661 -5.999999999999997
    vertex 642.9348735735874 61.52512908067915 -6.000000000000003
  endloop
endfacet
facet normal -4.8753036386867e-31 -5.5511151231257815e-17 1.0
  outer loop
    vertex 642.9689477472984 82.40028463179223 -6.000000000000009
    vertex 642.9348735735874 61.52512908067915 -6.000000000000003
    vertex 642.9689477472984 61.266310035576666 -5.9999999999999805
  endloop
endfacet
facet normal -4.8753036386867e-31 -5.5511151231257815e-17 1.0
  outer loop
    vertex 641.3653943567051 36.052876128062124 -6.000000000000009
    vertex 639.3708715359452 36.766310035576616 -6.000000000000031
    vertex 639.0711702684312 36.04276717088421 -5.999999999999975
  endloop
endfacet
facet normal -4.8753036386867e-31 -5.5511151231257815e-17 1.0
  outer loop
    vertex 639.3708715359452 36.766310035576616 -6.000000000000031
    vertex 641.3653943567051 36.052876128062124 -6.000000000000009
    vertex 639.8476274037388 37.387630379136276 -6.000000000000031
  endloop
endfacet
facet normal -4.8753036386867e-31 -5.5511151231257815e-17 1.0
  outer loop
    vertex 639.8476274037388 37.387630379136276 -6.000000000000031
    vertex 641.3653943567051 36.052876128062124 -6.000000000000009
    vertex 640.4689477472983 37.864386246929946 -6.000000000000009
  endloop
endfacet
facet normal -4.8753036386867e-31 -5.5511151231257815e-17 1.0
  outer loop
    vertex 640.4689477472983 37.864386246929946 -6.000000000000009
    vertex 641.3653943567051 36.052876128062124 -6.000000000000009
    vertex 641.1924906119909 38.16408751444385 -5.999999999999986
  endloop
endfacet
facet normal -4.8753036386867e-31 -5.5511151231257815e-17 1.0
  outer loop
    vertex 641.1924906119909 38.16408751444385 -5.999999999999986
    vertex 641.3653943567051 36.052876128062124 -6.000000000000009
    vertex 641.9689477472984 38.26631003557665 -5.9999999999999805
  endloop
endfacet
facet normal -4.8753036386867e-31 -5.5511151231257815e-17 1.0
  outer loop
    vertex 641.9689477472984 38.26631003557665 -5.9999999999999805
    vertex 641.3653943567051 36.052876128062124 -6.000000000000009
    vertex 641.4689477472984 36.132335439361064 -6.000000000000009
  endloop
endfacet
facet normal -4.8753036386867e-31 -5.5511151231257815e-17 1.0
  outer loop
    vertex 641.9689477472984 38.26631003557665 -5.9999999999999805
    vertex 641.4689477472984 36.132335439361064 -6.000000000000009
    vertex 641.7101287021959 36.23223586186574 -5.999999999999997
  endloop
endfacet
facet normal -4.8753036386867e-31 -5.5511151231257815e-17 1.0
  outer loop
    vertex 641.9689477472984 38.26631003557665 -5.9999999999999805
    vertex 641.7101287021959 36.23223586186574 -5.999999999999997
    vertex 641.9689477472984 36.26631003557665 -5.999999999999969
  endloop
endfacet
facet normal -4.8753036386867e-31 -5.5511151231257815e-17 1.0
  outer loop
    vertex 641.9689477472984 38.26631003557665 -5.9999999999999805
    vertex 641.9689477472984 36.26631003557665 -5.999999999999969
    vertex 642.227766792401 36.23223586186574 -5.999999999999997
  endloop
endfacet
facet normal -4.8753036386867e-31 -5.5511151231257815e-17 1.0
  outer loop
    vertex 641.9689477472984 38.26631003557665 -5.9999999999999805
    vertex 642.227766792401 36.23223586186574 -5.999999999999997
    vertex 641.9689477472984 58.266310035576645 -5.999999999999997
  endloop
endfacet
facet normal -4.8753036386867e-31 -5.5511151231257815e-17 1.0
  outer loop
    vertex 641.9689477472984 58.266310035576645 -5.999999999999997
    vertex 642.227766792401 36.23223586186574 -5.999999999999997
    vertex 641.9689477472984 60.26631003557663 -5.999999999999986
  endloop
endfacet
facet normal -4.8753036386867e-31 -5.5511151231257815e-17 1.0
  outer loop
    vertex 641.9689477472984 60.26631003557663 -5.999999999999986
    vertex 642.227766792401 36.23223586186574 -5.999999999999997
    vertex 642.227766792401 60.30038420928756 -6.000000000000003
  endloop
endfacet
facet normal -4.8753036386867e-31 -5.5511151231257815e-17 1.0
  outer loop
    vertex 642.227766792401 60.30038420928756 -6.000000000000003
    vertex 642.227766792401 36.23223586186574 -5.999999999999997
    vertex 642.4689477472983 36.132335439361064 -6.000000000000009
  endloop
endfacet
facet normal -4.8753036386867e-31 -5.5511151231257815e-17 1.0
  outer loop
    vertex 642.227766792401 60.30038420928756 -6.000000000000003
    vertex 642.4689477472983 36.132335439361064 -6.000000000000009
    vertex 642.4689477472983 60.40028463179222 -6.000000000000009
  endloop
endfacet
facet normal -4.8753036386867e-31 -5.5511151231257815e-17 1.0
  outer loop
    vertex 642.4689477472983 60.40028463179222 -6.000000000000009
    vertex 642.4689477472983 36.132335439361064 -6.000000000000009
    vertex 642.676054528485 35.97341681676318 -5.999999999999986
  endloop
endfacet
facet normal -4.8753036386867e-31 -5.5511151231257815e-17 1.0
  outer loop
    vertex 642.4689477472983 60.40028463179222 -6.000000000000009
    vertex 642.676054528485 35.97341681676318 -5.999999999999986
    vertex 642.676054528485 60.55920325439009 -6.000000000000009
  endloop
endfacet
facet normal -4.8753036386867e-31 -5.5511151231257815e-17 1.0
  outer loop
    vertex 642.676054528485 60.55920325439009 -6.000000000000009
    vertex 642.676054528485 35.97341681676318 -5.999999999999986
    vertex 642.8349731510829 35.76631003557664 -5.999999999999997
  endloop
endfacet
facet normal -4.8753036386867e-31 -5.5511151231257815e-17 1.0
  outer loop
    vertex 642.676054528485 60.55920325439009 -6.000000000000009
    vertex 642.8349731510829 35.76631003557664 -5.999999999999997
    vertex 642.8349731510829 60.76631003557665 -5.999999999999997
  endloop
endfacet
facet normal -4.8753036386867e-31 -5.5511151231257815e-17 1.0
  outer loop
    vertex 642.8349731510829 60.76631003557665 -5.999999999999997
    vertex 642.8349731510829 35.76631003557664 -5.999999999999997
    vertex 642.9348735735874 35.52512908067915 -6.000000000000026
  endloop
endfacet
facet normal -4.8753036386867e-31 -5.5511151231257815e-17 1.0
  outer loop
    vertex 642.8349731510829 60.76631003557665 -5.999999999999997
    vertex 642.9348735735874 35.52512908067915 -6.000000000000026
    vertex 642.9348735735874 61.00749099047413 -5.999999999999986
  endloop
endfacet
facet normal -4.8753036386867e-31 -5.5511151231257815e-17 1.0
  outer loop
    vertex 642.9348735735874 61.00749099047413 -5.999999999999986
    vertex 642.9348735735874 35.52512908067915 -6.000000000000026
    vertex 642.9689477472984 35.26631003557664 -6.000000000000009
  endloop
endfacet
facet normal -4.8753036386867e-31 -5.5511151231257815e-17 1.0
  outer loop
    vertex 642.9348735735874 61.00749099047413 -5.999999999999986
    vertex 642.9689477472984 35.26631003557664 -6.000000000000009
    vertex 642.9689477472984 61.266310035576666 -5.9999999999999805
  endloop
endfacet
facet normal -4.8753036386867e-31 -5.5511151231257815e-17 1.0
  outer loop
    vertex 639.8708715359451 81.76631003557667 -6.000000000000009
    vertex 641.8653943567052 82.47974394309114 -6.000000000000009
    vertex 639.5711702684312 82.48985290026907 -6.000000000000003
  endloop
endfacet
facet normal -4.8753036386867e-31 -5.5511151231257815e-17 1.0
  outer loop
    vertex 641.8653943567052 82.47974394309114 -6.000000000000009
    vertex 639.8708715359451 81.76631003557667 -6.000000000000009
    vertex 640.3476274037388 81.14498969201698 -5.999999999999997
  endloop
endfacet
facet normal -4.8753036386867e-31 -5.5511151231257815e-17 1.0
  outer loop
    vertex 641.8653943567052 82.47974394309114 -6.000000000000009
    vertex 640.3476274037388 81.14498969201698 -5.999999999999997
    vertex 640.9689477472984 80.66823382422332 -5.999999999999997
  endloop
endfacet
facet normal -4.8753036386867e-31 -5.5511151231257815e-17 1.0
  outer loop
    vertex 641.8653943567052 82.47974394309114 -6.000000000000009
    vertex 640.9689477472984 80.66823382422332 -5.999999999999997
    vertex 641.6924906119908 80.36853255670943 -5.999999999999997
  endloop
endfacet
facet normal -4.8753036386867e-31 -5.5511151231257815e-17 1.0
  outer loop
    vertex 641.8653943567052 82.47974394309114 -6.000000000000009
    vertex 641.6924906119908 80.36853255670943 -5.999999999999997
    vertex 642.4689477472983 80.26631003557665 -6.000000000000009
  endloop
endfacet
facet normal -4.8753036386867e-31 -5.5511151231257815e-17 1.0
  outer loop
    vertex 641.8653943567052 82.47974394309114 -6.000000000000009
    vertex 642.4689477472983 80.26631003557665 -6.000000000000009
    vertex 641.9689477472984 82.40028463179223 -6.000000000000009
  endloop
endfacet
facet normal -4.8753036386867e-31 -5.5511151231257815e-17 1.0
  outer loop
    vertex 641.9689477472984 82.40028463179223 -6.000000000000009
    vertex 642.4689477472983 80.26631003557665 -6.000000000000009
    vertex 642.2101287021959 82.30038420928756 -5.999999999999992
  endloop
endfacet
facet normal -4.8753036386867e-31 -5.5511151231257815e-17 1.0
  outer loop
    vertex 642.2101287021959 82.30038420928756 -5.999999999999992
    vertex 642.4689477472983 80.26631003557665 -6.000000000000009
    vertex 642.4689477472983 82.26631003557665 -5.9999999999999805
  endloop
endfacet
facet normal -4.8753036386867e-31 -5.5511151231257815e-17 1.0
  outer loop
    vertex 639.3708715359452 59.766310035576645 -6.000000000000003
    vertex 641.3653943567051 60.47974394309115 -6.000000000000014
    vertex 639.0711702684312 60.489852900269064 -5.999999999999997
  endloop
endfacet
facet normal -4.8753036386867e-31 -5.5511151231257815e-17 1.0
  outer loop
    vertex 641.3653943567051 60.47974394309115 -6.000000000000014
    vertex 639.3708715359452 59.766310035576645 -6.000000000000003
    vertex 639.8476274037388 59.14498969201699 -5.999999999999997
  endloop
endfacet
facet normal -4.8753036386867e-31 -5.5511151231257815e-17 1.0
  outer loop
    vertex 641.3653943567051 60.47974394309115 -6.000000000000014
    vertex 639.8476274037388 59.14498969201699 -5.999999999999997
    vertex 640.4689477472983 58.66823382422331 -5.999999999999997
  endloop
endfacet
facet normal -4.8753036386867e-31 -5.5511151231257815e-17 1.0
  outer loop
    vertex 641.3653943567051 60.47974394309115 -6.000000000000014
    vertex 640.4689477472983 58.66823382422331 -5.999999999999997
    vertex 641.1924906119909 58.36853255670941 -6.00000000000002
  endloop
endfacet
facet normal -4.8753036386867e-31 -5.5511151231257815e-17 1.0
  outer loop
    vertex 641.3653943567051 60.47974394309115 -6.000000000000014
    vertex 641.1924906119909 58.36853255670941 -6.00000000000002
    vertex 641.9689477472984 58.266310035576645 -5.999999999999997
  endloop
endfacet
facet normal -4.8753036386867e-31 -5.5511151231257815e-17 1.0
  outer loop
    vertex 641.3653943567051 60.47974394309115 -6.000000000000014
    vertex 641.9689477472984 58.266310035576645 -5.999999999999997
    vertex 641.4689477472984 60.40028463179222 -6.000000000000009
  endloop
endfacet
facet normal -4.8753036386867e-31 -5.5511151231257815e-17 1.0
  outer loop
    vertex 641.4689477472984 60.40028463179222 -6.000000000000009
    vertex 641.9689477472984 58.266310035576645 -5.999999999999997
    vertex 641.7101287021959 60.30038420928756 -6.000000000000003
  endloop
endfacet
facet normal -4.8753036386867e-31 -5.5511151231257815e-17 1.0
  outer loop
    vertex 641.7101287021959 60.30038420928756 -6.000000000000003
    vertex 641.9689477472984 58.266310035576645 -5.999999999999997
    vertex 641.9689477472984 60.26631003557663 -5.999999999999986
  endloop
endfacet
facet normal -4.8753036386867e-31 -5.5511151231257815e-17 1.0
  outer loop
    vertex 639.3708715359452 33.766310035576645 -6.000000000000009
    vertex 641.3653943567051 34.47974394309114 -6.000000000000009
    vertex 639.0711702684312 34.48985290026905 -5.999999999999997
  endloop
endfacet
facet normal -4.8753036386867e-31 -5.5511151231257815e-17 1.0
  outer loop
    vertex 641.3653943567051 34.47974394309114 -6.000000000000009
    vertex 639.3708715359452 33.766310035576645 -6.000000000000009
    vertex 639.8476274037388 33.14498969201697 -6.000000000000009
  endloop
endfacet
facet normal -4.8753036386867e-31 -5.5511151231257815e-17 1.0
  outer loop
    vertex 641.3653943567051 34.47974394309114 -6.000000000000009
    vertex 639.8476274037388 33.14498969201697 -6.000000000000009
    vertex 640.4689477472983 32.668233824223314 -6.000000000000009
  endloop
endfacet
facet normal -4.8753036386867e-31 -5.5511151231257815e-17 1.0
  outer loop
    vertex 641.3653943567051 34.47974394309114 -6.000000000000009
    vertex 640.4689477472983 32.668233824223314 -6.000000000000009
    vertex 641.1924906119909 32.36853255670945 -6.000000000000009
  endloop
endfacet
facet normal -4.8753036386867e-31 -5.5511151231257815e-17 1.0
  outer loop
    vertex 641.3653943567051 34.47974394309114 -6.000000000000009
    vertex 641.1924906119909 32.36853255670945 -6.000000000000009
    vertex 641.9689477472984 32.26631003557664 -6.000000000000009
  endloop
endfacet
facet normal -4.8753036386867e-31 -5.5511151231257815e-17 1.0
  outer loop
    vertex 641.3653943567051 34.47974394309114 -6.000000000000009
    vertex 641.9689477472984 32.26631003557664 -6.000000000000009
    vertex 641.4689477472984 34.400284631792196 -6.000000000000003
  endloop
endfacet
facet normal -4.8753036386867e-31 -5.5511151231257815e-17 1.0
  outer loop
    vertex 641.4689477472984 34.400284631792196 -6.000000000000003
    vertex 641.9689477472984 32.26631003557664 -6.000000000000009
    vertex 641.7101287021959 34.30038420928758 -5.999999999999997
  endloop
endfacet
facet normal -4.8753036386867e-31 -5.5511151231257815e-17 1.0
  outer loop
    vertex 641.7101287021959 34.30038420928758 -5.999999999999997
    vertex 641.9689477472984 32.26631003557664 -6.000000000000009
    vertex 641.9689477472984 34.26631003557666 -5.999999999999975
  endloop
endfacet
facet normal -4.8753036386867e-31 -5.5511151231257815e-17 1.0
  outer loop
    vertex 624.4689477472984 127.26631003557658 -5.999999999999986
    vertex 639.5541331815757 134.61926242282033 -5.999999999999997
    vertex 639.4689477472984 135.2663100355766 -5.999999999999986
  endloop
endfacet
facet normal -4.8753036386867e-31 -5.5511151231257815e-17 1.0
  outer loop
    vertex 639.5541331815757 134.61926242282033 -5.999999999999997
    vertex 624.4689477472984 127.26631003557658 -5.999999999999986
    vertex 640.9689477472984 130.26631003557662 -5.999999999999992
  endloop
endfacet
facet normal -4.8753036386867e-31 -5.5511151231257815e-17 1.0
  outer loop
    vertex 639.5541331815757 134.61926242282033 -5.999999999999997
    vertex 640.9689477472984 130.26631003557662 -5.999999999999992
    vertex 639.8038842378373 134.01631003557662 -6.000000000000014
  endloop
endfacet
facet normal -4.8753036386867e-31 -5.5511151231257815e-17 1.0
  outer loop
    vertex 639.8038842378373 134.01631003557662 -6.000000000000014
    vertex 640.9689477472984 130.26631003557662 -5.999999999999992
    vertex 640.201180794332 133.49854308261027 -6.000000000000009
  endloop
endfacet
facet normal -4.8753036386867e-31 -5.5511151231257815e-17 1.0
  outer loop
    vertex 640.201180794332 133.49854308261027 -6.000000000000009
    vertex 640.9689477472984 130.26631003557662 -5.999999999999992
    vertex 640.7189477472984 133.1012465261155 -6.000000000000003
  endloop
endfacet
facet normal -4.8753036386867e-31 -5.5511151231257815e-17 1.0
  outer loop
    vertex 640.7189477472984 133.1012465261155 -6.000000000000003
    vertex 640.9689477472984 130.26631003557662 -5.999999999999992
    vertex 641.321900134542 132.85149546985397 -6.00000000000002
  endloop
endfacet
facet normal 0.004406221300484417 0.9999902925598085 3.3306690738754696e-16
  outer loop
    vertex 587.5725011378917 36.05287612806213 -3.000000000000034
    vertex 589.8667252261656 36.04276717088421 -5.999999999999975
    vertex 587.5725011378917 36.052876128062124 -6.000000000000009
  endloop
endfacet
facet normal 0.004406221300484417 0.9999902925598085 3.3306690738754696e-16
  outer loop
    vertex 589.8667252261656 36.04276717088421 -5.999999999999975
    vertex 587.5725011378917 36.05287612806213 -3.000000000000034
    vertex 589.8667252261656 36.0427671708842 -3.000000000000003
  endloop
endfacet
facet normal 0.004406221300484417 -0.9999902925598085 -3.3306690738754696e-16
  outer loop
    vertex 589.8667252261656 34.48985290026905 -5.999999999999997
    vertex 587.5725011378917 34.479743943091144 -3.0000000000000253
    vertex 587.5725011378917 34.47974394309114 -6.000000000000009
  endloop
endfacet
facet normal 0.004406221300484417 -0.9999902925598085 -3.3306690738754696e-16
  outer loop
    vertex 587.5725011378917 34.479743943091144 -3.0000000000000253
    vertex 589.8667252261656 34.48985290026905 -5.999999999999997
    vertex 589.8667252261656 34.48985290026909 -3.0000000000000084
  endloop
endfacet
facet normal 0.004406221300484417 0.9999902925598085 3.3306690738754696e-16
  outer loop
    vertex 587.0725011378917 84.05287612806214 -3.00000000000002
    vertex 589.3667252261656 84.04276717088418 -5.999999999999997
    vertex 587.0725011378917 84.05287612806215 -6.000000000000003
  endloop
endfacet
facet normal 0.004406221300484417 0.9999902925598085 3.3306690738754696e-16
  outer loop
    vertex 589.3667252261656 84.04276717088418 -5.999999999999997
    vertex 587.0725011378917 84.05287612806214 -3.00000000000002
    vertex 589.3667252261656 84.04276717088422 -2.999999999999978
  endloop
endfacet
facet normal 0.004406221300484417 -0.9999902925598085 -3.3306690738754696e-16
  outer loop
    vertex 589.3667252261656 82.48985290026909 -6.000000000000003
    vertex 587.0725011378917 82.47974394309112 -3.000000000000003
    vertex 587.0725011378917 82.47974394309114 -6.000000000000009
  endloop
endfacet
facet normal 0.004406221300484417 -0.9999902925598085 -3.3306690738754696e-16
  outer loop
    vertex 587.0725011378917 82.47974394309112 -3.000000000000003
    vertex 589.3667252261656 82.48985290026909 -6.000000000000003
    vertex 589.3667252261656 82.48985290026909 -3.0000000000000058
  endloop
endfacet
facet normal 0.004406221300484417 0.9999902925598085 3.3306690738754696e-16
  outer loop
    vertex 587.5725011378917 62.052876128062124 -5.999999999999975
    vertex 589.8667252261656 62.04276717088419 -3.00000000000002
    vertex 589.8667252261656 62.0427671708842 -5.999999999999992
  endloop
endfacet
facet normal 0.004406221300484417 0.9999902925598085 3.3306690738754696e-16
  outer loop
    vertex 589.8667252261656 62.04276717088419 -3.00000000000002
    vertex 587.5725011378917 62.052876128062124 -5.999999999999975
    vertex 587.5725011378917 62.05287612806213 -2.999999999999983
  endloop
endfacet
facet normal 0.004406221300484417 -0.9999902925598085 -3.3306690738754696e-16
  outer loop
    vertex 589.8667252261656 60.489852900269064 -5.999999999999997
    vertex 587.5725011378917 60.47974394309113 -3.0000000000000084
    vertex 587.5725011378917 60.47974394309115 -6.000000000000014
  endloop
endfacet
facet normal 0.004406221300484417 -0.9999902925598085 -3.3306690738754696e-16
  outer loop
    vertex 587.5725011378917 60.47974394309113 -3.0000000000000084
    vertex 589.8667252261656 60.489852900269064 -5.999999999999997
    vertex 589.8667252261656 60.48985290026907 -2.999999999999989
  endloop
endfacet
facet normal 0.004218273505161592 0.99999110304474 0.0
  outer loop
    vertex 585.5725011378917 123.05287612806208 -5.999999999999969
    vertex 587.9689477472984 123.04276717088409 -2.9999999999999973
    vertex 587.9689477472984 123.04276717088419 -6.000000000000003
  endloop
endfacet
facet normal 0.004218273505161592 0.99999110304474 0.0
  outer loop
    vertex 587.9689477472984 123.04276717088409 -2.9999999999999973
    vertex 585.5725011378917 123.05287612806208 -5.999999999999969
    vertex 585.5725011378917 123.05287612806212 -2.9999999999999973
  endloop
endfacet
facet normal 0.0044062213004845896 -0.9999902925598085 -3.3306690738754696e-16
  outer loop
    vertex 587.8667252261656 121.48985290026907 -3.000000000000003
    vertex 585.5725011378917 121.4797439430911 -6.000000000000003
    vertex 587.8667252261656 121.48985290026907 -6.000000000000014
  endloop
endfacet
facet normal 0.0044062213004845896 -0.9999902925598085 -3.3306690738754696e-16
  outer loop
    vertex 585.5725011378917 121.4797439430911 -6.000000000000003
    vertex 587.8667252261656 121.48985290026907 -3.000000000000003
    vertex 585.5725011378917 121.47974394309118 -3.000000000000014
  endloop
endfacet
facet normal -0.004218273505161592 0.99999110304474 0.0
  outer loop
    vertex 640.9689477472984 123.04276717088409 -2.9999999999999973
    vertex 643.3653943567051 123.05287612806208 -5.999999999999969
    vertex 640.9689477472984 123.04276717088419 -6.000000000000003
  endloop
endfacet
facet normal -0.004218273505161592 0.99999110304474 0.0
  outer loop
    vertex 643.3653943567051 123.05287612806208 -5.999999999999969
    vertex 640.9689477472984 123.04276717088409 -2.9999999999999973
    vertex 643.3653943567051 123.05287612806212 -2.9999999999999973
  endloop
endfacet
facet normal 0.0 1.0 5.5511151231257815e-17
  outer loop
    vertex 614.4689477472983 127.26631003557662 -2.999999999999989
    vertex 624.4689477472984 127.26631003557658 -5.999999999999986
    vertex 614.4689477472983 127.26631003557658 -5.999999999999986
  endloop
endfacet
facet normal 0.0 1.0 5.5511151231257815e-17
  outer loop
    vertex 624.4689477472984 127.26631003557658 -5.999999999999986
    vertex 614.4689477472983 127.26631003557662 -2.999999999999989
    vertex 624.4689477472984 127.26631003557662 -2.999999999999989
  endloop
endfacet
facet normal 0.0 1.0 5.5511151231257815e-17
  outer loop
    vertex 604.4689477472984 127.26631003557662 -2.999999999999989
    vertex 614.4689477472983 127.26631003557658 -5.999999999999986
    vertex 604.4689477472984 127.26631003557658 -5.999999999999986
  endloop
endfacet
facet normal 0.0 1.0 5.5511151231257815e-17
  outer loop
    vertex 614.4689477472983 127.26631003557658 -5.999999999999986
    vertex 604.4689477472984 127.26631003557662 -2.999999999999989
    vertex 614.4689477472983 127.26631003557662 -2.999999999999989
  endloop
endfacet
facet normal -0.00440622130047441 -0.9999902925598085 -1.1102230246251565e-16
  outer loop
    vertex 641.8653943567052 82.47974394309112 -3.000000000000003
    vertex 639.5711702684312 82.48985290026907 -6.000000000000003
    vertex 641.8653943567052 82.47974394309114 -6.000000000000009
  endloop
endfacet
facet normal -0.00440622130047441 -0.9999902925598085 -1.1102230246251565e-16
  outer loop
    vertex 639.5711702684312 82.48985290026907 -6.000000000000003
    vertex 641.8653943567052 82.47974394309112 -3.000000000000003
    vertex 639.5711702684312 82.48985290026907 -3.000000000000003
  endloop
endfacet
facet normal -0.004406221300484417 -0.9999902925598085 -3.3306690738754696e-16
  outer loop
    vertex 643.3653943567051 121.4797439430911 -6.000000000000003
    vertex 641.0711702684312 121.48985290026907 -3.000000000000003
    vertex 641.0711702684312 121.48985290026907 -6.000000000000014
  endloop
endfacet
facet normal -0.004406221300484417 -0.9999902925598085 -3.3306690738754696e-16
  outer loop
    vertex 641.0711702684312 121.48985290026907 -3.000000000000003
    vertex 643.3653943567051 121.4797439430911 -6.000000000000003
    vertex 643.3653943567051 121.47974394309118 -3.000000000000014
  endloop
endfacet
facet normal -0.0044062213004842435 0.9999902925598085 3.3306690738754696e-16
  outer loop
    vertex 639.5711702684312 84.04276717088418 -5.999999999999997
    vertex 641.8653943567052 84.05287612806214 -3.00000000000002
    vertex 641.8653943567052 84.05287612806215 -6.000000000000003
  endloop
endfacet
facet normal -0.0044062213004842435 0.9999902925598085 3.3306690738754696e-16
  outer loop
    vertex 641.8653943567052 84.05287612806214 -3.00000000000002
    vertex 639.5711702684312 84.04276717088418 -5.999999999999997
    vertex 639.5711702684312 84.04276717088422 -2.999999999999978
  endloop
endfacet
facet normal 0.38268343236500973 0.92387953251132 -8.326672684688674e-17
  outer loop
    vertex 642.7277667924009 84.23223586186569 -5.999999999999992
    vertex 642.9689477472984 84.13233543936109 -5.639932965095795e-15
    vertex 642.9689477472984 84.13233543936107 -5.999999999999997
  endloop
endfacet
facet normal 0.38268343236500973 0.92387953251132 -8.326672684688674e-17
  outer loop
    vertex 642.9689477472984 84.13233543936109 -5.639932965095795e-15
    vertex 642.7277667924009 84.23223586186569 -5.999999999999992
    vertex 642.7277667924009 84.23223586186572 0.0
  endloop
endfacet
facet normal -0.38268343236500973 0.92387953251132 -8.326672684688674e-17
  outer loop
    vertex 641.9689477472984 84.13233543936109 -5.639932965095795e-15
    vertex 642.2101287021959 84.23223586186569 -5.999999999999992
    vertex 641.9689477472984 84.13233543936107 -5.999999999999997
  endloop
endfacet
facet normal -0.38268343236500973 0.92387953251132 -8.326672684688674e-17
  outer loop
    vertex 642.2101287021959 84.23223586186569 -5.999999999999992
    vertex 641.9689477472984 84.13233543936109 -5.639932965095795e-15
    vertex 642.2101287021959 84.23223586186572 0.0
  endloop
endfacet
facet normal 0.13052619222004516 0.9914448613738113 2.7755575615628914e-17
  outer loop
    vertex 584.9689477472983 123.26631003557662 1.4099832412739488e-14
    vertex 585.2277667924009 123.23223586186568 -5.999999999999986
    vertex 584.9689477472983 123.26631003557662 -6.000000000000003
  endloop
endfacet
facet normal 0.13052619222004516 0.9914448613738113 2.7755575615628914e-17
  outer loop
    vertex 585.2277667924009 123.23223586186568 -5.999999999999986
    vertex 584.9689477472983 123.26631003557662 1.4099832412739488e-14
    vertex 585.2277667924009 123.23223586186568 -2.8199664825478975e-15
  endloop
endfacet
facet normal -0.6087614290087632 0.7933533402912025 -4.85722573273506e-15
  outer loop
    vertex 641.8653943567052 84.05287612806214 -3.00000000000002
    vertex 641.9689477472984 84.13233543936107 -5.999999999999997
    vertex 641.8653943567052 84.05287612806215 -6.000000000000003
  endloop
endfacet
facet normal -0.6087614290087632 0.7933533402912025 -4.85722573273506e-15
  outer loop
    vertex 641.9689477472984 84.13233543936107 -5.999999999999997
    vertex 641.8653943567052 84.05287612806214 -3.00000000000002
    vertex 641.9689477472984 84.13233543936109 -5.639932965095795e-15
  endloop
endfacet
facet normal -0.6087614290087632 0.7933533402912025 -4.85722573273506e-15
  outer loop
    vertex 641.9689477472984 84.13233543936109 -5.639932965095795e-15
    vertex 641.8653943567052 84.05287612806214 -3.00000000000002
    vertex 641.7618409661119 83.9734168167632 -3.0000000000000058
  endloop
endfacet
facet normal -0.6087614290087632 0.7933533402912025 -4.85722573273506e-15
  outer loop
    vertex 641.9689477472984 84.13233543936109 -5.639932965095795e-15
    vertex 641.7618409661119 83.9734168167632 -3.0000000000000058
    vertex 641.7618409661119 83.97341681676319 -2.8199664825478975e-15
  endloop
endfacet
facet normal -0.1305261922200262 -0.9914448613738139 -8.326672684688677e-17
  outer loop
    vertex 642.4689477472983 82.26631003557665 -5.9999999999999805
    vertex 642.2101287021959 82.30038420928756 1.973976537783528e-14
    vertex 642.2101287021959 82.30038420928756 -5.999999999999992
  endloop
endfacet
facet normal -0.1305261922200262 -0.9914448613738139 -8.326672684688677e-17
  outer loop
    vertex 642.2101287021959 82.30038420928756 1.973976537783528e-14
    vertex 642.4689477472983 82.26631003557665 -5.9999999999999805
    vertex 642.4689477472983 82.26631003557667 -5.639932965095795e-15
  endloop
endfacet
facet normal -0.9914448613738182 0.1305261922199926 6.938893903907228e-18
  outer loop
    vertex 641.5030219210093 83.52512908067918 -5.639932965095795e-15
    vertex 641.4689477472984 83.26631003557665 -3.0000000000000226
    vertex 641.4689477472984 83.26631003557665 1.4099832412739488e-14
  endloop
endfacet
facet normal -0.9914448613738182 0.1305261922199926 6.938893903907228e-18
  outer loop
    vertex 641.4689477472984 83.26631003557665 -3.0000000000000226
    vertex 641.5030219210093 83.52512908067918 -5.639932965095795e-15
    vertex 641.5030219210093 83.52512908067914 -2.999999999999989
  endloop
endfacet
facet normal 0.38268343236500973 0.92387953251132 -8.326672684688674e-17
  outer loop
    vertex 585.2277667924009 123.23223586186568 -5.999999999999986
    vertex 585.4689477472984 123.13233543936106 1.127986593019159e-14
    vertex 585.4689477472984 123.13233543936111 -6.000000000000026
  endloop
endfacet
facet normal 0.38268343236500973 0.92387953251132 -8.326672684688674e-17
  outer loop
    vertex 585.4689477472984 123.13233543936106 1.127986593019159e-14
    vertex 585.2277667924009 123.23223586186568 -5.999999999999986
    vertex 585.2277667924009 123.23223586186568 -2.8199664825478975e-15
  endloop
endfacet
facet normal 0.6087614290087409 -0.7933533402912196 8.326672684688674e-17
  outer loop
    vertex 643.176054528485 82.5592032543901 -6.000000000000003
    vertex 642.9689477472984 82.4002846317922 5.639932965095795e-15
    vertex 642.9689477472984 82.40028463179223 -6.000000000000009
  endloop
endfacet
facet normal 0.6087614290087409 -0.7933533402912196 8.326672684688674e-17
  outer loop
    vertex 642.9689477472984 82.4002846317922 5.639932965095795e-15
    vertex 643.176054528485 82.5592032543901 -6.000000000000003
    vertex 643.176054528485 82.5592032543901 0.0
  endloop
endfacet
facet normal -0.991444861373819 0.13052619221998704 6.93889390390723e-18
  outer loop
    vertex 584.0030219210093 122.52512908067916 2.8199664825478975e-15
    vertex 583.9689477472984 122.26631003557664 -5.999999999999997
    vertex 583.9689477472984 122.26631003557664 1.4099832412739488e-14
  endloop
endfacet
facet normal -0.991444861373819 0.13052619221998704 6.93889390390723e-18
  outer loop
    vertex 583.9689477472984 122.26631003557664 -5.999999999999997
    vertex 584.0030219210093 122.52512908067916 2.8199664825478975e-15
    vertex 584.0030219210093 122.52512908067916 -6.000000000000003
  endloop
endfacet
facet normal 0.38268343236500973 -0.92387953251132 8.326672684688674e-17
  outer loop
    vertex 642.9689477472984 82.4002846317922 5.639932965095795e-15
    vertex 642.7277667924009 82.3003842092876 -6.000000000000009
    vertex 642.9689477472984 82.40028463179223 -6.000000000000009
  endloop
endfacet
facet normal 0.38268343236500973 -0.92387953251132 8.326672684688674e-17
  outer loop
    vertex 642.7277667924009 82.3003842092876 -6.000000000000009
    vertex 642.9689477472984 82.4002846317922 5.639932965095795e-15
    vertex 642.7277667924009 82.30038420928757 5.639932965095795e-15
  endloop
endfacet
facet normal 0.9238795325112642 0.38268343236514446 0.0
  outer loop
    vertex 643.3349731510829 83.76631003557665 -5.999999999999997
    vertex 643.4348735735875 83.52512908067918 -5.639932965095795e-15
    vertex 643.4348735735875 83.52512908067918 -6.000000000000009
  endloop
endfacet
facet normal 0.9238795325112642 0.38268343236514446 0.0
  outer loop
    vertex 643.4348735735875 83.52512908067918 -5.639932965095795e-15
    vertex 643.3349731510829 83.76631003557665 -5.999999999999997
    vertex 643.3349731510829 83.76631003557665 5.639932965095795e-15
  endloop
endfacet
facet normal 0.9914448613738182 0.1305261922199926 6.938893903907228e-18
  outer loop
    vertex 643.4348735735875 83.52512908067918 -6.000000000000009
    vertex 643.4689477472984 83.26631003557665 1.4099832412739488e-14
    vertex 643.4689477472984 83.26631003557664 -5.999999999999992
  endloop
endfacet
facet normal 0.9914448613738182 0.1305261922199926 6.938893903907228e-18
  outer loop
    vertex 643.4689477472984 83.26631003557665 1.4099832412739488e-14
    vertex 643.4348735735875 83.52512908067918 -6.000000000000009
    vertex 643.4348735735875 83.52512908067918 -5.639932965095795e-15
  endloop
endfacet
facet normal -0.38268343236500973 0.92387953251132 -8.326672684688674e-17
  outer loop
    vertex 584.4689477472984 123.13233543936106 1.127986593019159e-14
    vertex 584.7101287021959 123.23223586186568 -5.999999999999986
    vertex 584.4689477472984 123.13233543936111 -6.000000000000026
  endloop
endfacet
facet normal -0.38268343236500973 0.92387953251132 -8.326672684688674e-17
  outer loop
    vertex 584.7101287021959 123.23223586186568 -5.999999999999986
    vertex 584.4689477472984 123.13233543936106 1.127986593019159e-14
    vertex 584.7101287021959 123.23223586186568 -2.8199664825478975e-15
  endloop
endfacet
facet normal 0.6087614290087409 0.7933533402912196 -8.326672684688674e-17
  outer loop
    vertex 642.9689477472984 84.13233543936109 -5.639932965095795e-15
    vertex 643.176054528485 83.97341681676315 -5.999999999999997
    vertex 642.9689477472984 84.13233543936107 -5.999999999999997
  endloop
endfacet
facet normal 0.6087614290087409 0.7933533402912196 -8.326672684688674e-17
  outer loop
    vertex 643.176054528485 83.97341681676315 -5.999999999999997
    vertex 642.9689477472984 84.13233543936109 -5.639932965095795e-15
    vertex 643.176054528485 83.97341681676319 -2.8199664825478975e-15
  endloop
endfacet
facet normal 0.7933533402912519 0.608761429008699 8.326672684688674e-17
  outer loop
    vertex 643.176054528485 83.97341681676315 -5.999999999999997
    vertex 643.3349731510829 83.76631003557665 5.639932965095795e-15
    vertex 643.3349731510829 83.76631003557665 -5.999999999999997
  endloop
endfacet
facet normal 0.7933533402912519 0.608761429008699 8.326672684688674e-17
  outer loop
    vertex 643.3349731510829 83.76631003557665 5.639932965095795e-15
    vertex 643.176054528485 83.97341681676315 -5.999999999999997
    vertex 643.176054528485 83.97341681676319 -2.8199664825478975e-15
  endloop
endfacet
facet normal 0.9238795325112517 -0.38268343236517494 -1.3877787807814457e-16
  outer loop
    vertex 643.4348735735875 83.0074909904741 -6.000000000000003
    vertex 643.3349731510829 82.76631003557665 5.639932965095795e-15
    vertex 643.3349731510829 82.76631003557664 -5.999999999999997
  endloop
endfacet
facet normal 0.9238795325112517 -0.38268343236517494 -1.3877787807814457e-16
  outer loop
    vertex 643.3349731510829 82.76631003557665 5.639932965095795e-15
    vertex 643.4348735735875 83.0074909904741 -6.000000000000003
    vertex 643.4348735735875 83.0074909904741 -8.459899447643692e-15
  endloop
endfacet
facet normal 0.9914448613738197 -0.13052619221998144 -1.3877787807814457e-17
  outer loop
    vertex 643.4689477472984 83.26631003557664 -5.999999999999992
    vertex 643.4348735735875 83.0074909904741 -8.459899447643692e-15
    vertex 643.4348735735875 83.0074909904741 -6.000000000000003
  endloop
endfacet
facet normal 0.9914448613738197 -0.13052619221998144 -1.3877787807814457e-17
  outer loop
    vertex 643.4348735735875 83.0074909904741 -8.459899447643692e-15
    vertex 643.4689477472984 83.26631003557664 -5.999999999999992
    vertex 643.4689477472984 83.26631003557665 1.4099832412739488e-14
  endloop
endfacet
facet normal -0.38268343236508334 -0.9238795325112895 8.326672684688674e-17
  outer loop
    vertex 642.2101287021959 82.30038420928756 -5.999999999999992
    vertex 641.9689477472984 82.4002846317922 5.639932965095795e-15
    vertex 641.9689477472984 82.40028463179223 -6.000000000000009
  endloop
endfacet
facet normal -0.38268343236508334 -0.9238795325112895 8.326672684688674e-17
  outer loop
    vertex 641.9689477472984 82.4002846317922 5.639932965095795e-15
    vertex 642.2101287021959 82.30038420928756 -5.999999999999992
    vertex 642.2101287021959 82.30038420928756 1.973976537783528e-14
  endloop
endfacet
facet normal -0.7933533402912516 0.6087614290086991 1.3877787807814457e-16
  outer loop
    vertex 641.602922343514 83.76631003557665 5.639932965095795e-15
    vertex 641.7618409661119 83.9734168167632 -3.0000000000000058
    vertex 641.602922343514 83.76631003557664 -3.0000000000000115
  endloop
endfacet
facet normal -0.7933533402912516 0.6087614290086991 1.3877787807814457e-16
  outer loop
    vertex 641.7618409661119 83.9734168167632 -3.0000000000000058
    vertex 641.602922343514 83.76631003557665 5.639932965095795e-15
    vertex 641.7618409661119 83.97341681676319 -2.8199664825478975e-15
  endloop
endfacet
facet normal -0.9238795325112517 -0.382683432365175 -9.71445146547012e-17
  outer loop
    vertex 641.5030219210093 83.0074909904741 -8.459899447643692e-15
    vertex 641.602922343514 82.76631003557665 -2.9999999999999862
    vertex 641.602922343514 82.76631003557665 5.639932965095795e-15
  endloop
endfacet
facet normal -0.9238795325112517 -0.382683432365175 -9.71445146547012e-17
  outer loop
    vertex 641.602922343514 82.76631003557665 -2.9999999999999862
    vertex 641.5030219210093 83.0074909904741 -8.459899447643692e-15
    vertex 641.5030219210093 83.00749099047408 -2.9999999999999973
  endloop
endfacet
facet normal -0.991444861373819 -0.13052619221998701 0.0
  outer loop
    vertex 583.9689477472984 122.26631003557664 1.4099832412739488e-14
    vertex 584.0030219210093 122.00749099047414 -6.000000000000009
    vertex 584.0030219210093 122.0074909904741 -8.459899447643692e-15
  endloop
endfacet
facet normal -0.991444861373819 -0.13052619221998701 0.0
  outer loop
    vertex 584.0030219210093 122.00749099047414 -6.000000000000009
    vertex 583.9689477472984 122.26631003557664 1.4099832412739488e-14
    vertex 583.9689477472984 122.26631003557664 -5.999999999999997
  endloop
endfacet
facet normal -0.6087614290087632 -0.7933533402912026 -5.051514762044462e-15
  outer loop
    vertex 641.9689477472984 82.4002846317922 5.639932965095795e-15
    vertex 641.8653943567052 82.47974394309114 -6.000000000000009
    vertex 641.9689477472984 82.40028463179223 -6.000000000000009
  endloop
endfacet
facet normal -0.6087614290087632 -0.7933533402912026 -5.051514762044462e-15
  outer loop
    vertex 641.8653943567052 82.47974394309114 -6.000000000000009
    vertex 641.9689477472984 82.4002846317922 5.639932965095795e-15
    vertex 641.8653943567052 82.47974394309112 -3.000000000000003
  endloop
endfacet
facet normal -0.6087614290087632 -0.7933533402912026 -5.051514762044462e-15
  outer loop
    vertex 641.8653943567052 82.47974394309112 -3.000000000000003
    vertex 641.9689477472984 82.4002846317922 5.639932965095795e-15
    vertex 641.7618409661119 82.5592032543901 0.0
  endloop
endfacet
facet normal -0.6087614290087632 -0.7933533402912026 -5.051514762044462e-15
  outer loop
    vertex 641.7618409661119 82.5592032543901 0.0
    vertex 641.7618409661119 82.55920325439011 -3.0000000000000084
    vertex 641.8653943567052 82.47974394309112 -3.000000000000003
  endloop
endfacet
facet normal -0.9238795325112579 0.3826834323651596 5.551115123125783e-17
  outer loop
    vertex 584.102922343514 122.76631003557665 3.3839597790574766e-14
    vertex 584.0030219210093 122.52512908067916 -6.000000000000003
    vertex 584.0030219210093 122.52512908067916 2.8199664825478975e-15
  endloop
endfacet
facet normal -0.9238795325112579 0.3826834323651596 5.551115123125783e-17
  outer loop
    vertex 584.0030219210093 122.52512908067916 -6.000000000000003
    vertex 584.102922343514 122.76631003557665 3.3839597790574766e-14
    vertex 584.102922343514 122.76631003557665 -6.000000000000003
  endloop
endfacet
facet normal -0.7933533402912438 0.6087614290087096 8.326672684688674e-17
  outer loop
    vertex 584.2618409661119 122.97341681676322 -2.8199664825478975e-15
    vertex 584.102922343514 122.76631003557665 -6.000000000000003
    vertex 584.102922343514 122.76631003557665 3.3839597790574766e-14
  endloop
endfacet
facet normal -0.7933533402912438 0.6087614290087096 8.326672684688674e-17
  outer loop
    vertex 584.102922343514 122.76631003557665 -6.000000000000003
    vertex 584.2618409661119 122.97341681676322 -2.8199664825478975e-15
    vertex 584.2618409661119 122.97341681676318 -6.00000000000002
  endloop
endfacet
facet normal -0.13052619222008993 0.9914448613738054 5.551115123125783e-17
  outer loop
    vertex 584.7101287021959 123.23223586186568 -5.999999999999986
    vertex 584.9689477472983 123.26631003557662 1.4099832412739488e-14
    vertex 584.9689477472983 123.26631003557662 -6.000000000000003
  endloop
endfacet
facet normal -0.13052619222008993 0.9914448613738054 5.551115123125783e-17
  outer loop
    vertex 584.9689477472983 123.26631003557662 1.4099832412739488e-14
    vertex 584.7101287021959 123.23223586186568 -5.999999999999986
    vertex 584.7101287021959 123.23223586186568 -2.8199664825478975e-15
  endloop
endfacet
facet normal -0.9238795325112642 0.3826834323651444 0.0
  outer loop
    vertex 641.5030219210093 83.52512908067918 -5.639932965095795e-15
    vertex 641.602922343514 83.76631003557664 -3.0000000000000115
    vertex 641.5030219210093 83.52512908067914 -2.999999999999989
  endloop
endfacet
facet normal -0.9238795325112642 0.3826834323651444 0.0
  outer loop
    vertex 641.602922343514 83.76631003557664 -3.0000000000000115
    vertex 641.5030219210093 83.52512908067918 -5.639932965095795e-15
    vertex 641.602922343514 83.76631003557665 5.639932965095795e-15
  endloop
endfacet
facet normal -0.1305261922201111 0.9914448613738027 1.1102230246251565e-16
  outer loop
    vertex 642.2101287021959 84.23223586186569 -5.999999999999992
    vertex 642.4689477472983 84.26631003557664 -1.127986593019159e-14
    vertex 642.4689477472983 84.26631003557662 -6.000000000000009
  endloop
endfacet
facet normal -0.1305261922201111 0.9914448613738027 1.1102230246251565e-16
  outer loop
    vertex 642.4689477472983 84.26631003557664 -1.127986593019159e-14
    vertex 642.2101287021959 84.23223586186569 -5.999999999999992
    vertex 642.2101287021959 84.23223586186572 0.0
  endloop
endfacet
facet normal -0.7933533402912516 -0.6087614290086991 -1.3877787807814457e-16
  outer loop
    vertex 641.602922343514 82.76631003557665 5.639932965095795e-15
    vertex 641.7618409661119 82.55920325439011 -3.0000000000000084
    vertex 641.7618409661119 82.5592032543901 0.0
  endloop
endfacet
facet normal -0.7933533402912516 -0.6087614290086991 -1.3877787807814457e-16
  outer loop
    vertex 641.7618409661119 82.55920325439011 -3.0000000000000084
    vertex 641.602922343514 82.76631003557665 5.639932965095795e-15
    vertex 641.602922343514 82.76631003557665 -2.9999999999999862
  endloop
endfacet
facet normal 0.7933533402912519 -0.608761429008699 -8.326672684688674e-17
  outer loop
    vertex 643.3349731510829 82.76631003557664 -5.999999999999997
    vertex 643.176054528485 82.5592032543901 0.0
    vertex 643.176054528485 82.5592032543901 -6.000000000000003
  endloop
endfacet
facet normal 0.7933533402912519 -0.608761429008699 -8.326672684688674e-17
  outer loop
    vertex 643.176054528485 82.5592032543901 0.0
    vertex 643.3349731510829 82.76631003557664 -5.999999999999997
    vertex 643.3349731510829 82.76631003557665 5.639932965095795e-15
  endloop
endfacet
facet normal 0.13052619222006637 0.9914448613738086 3.0531133177191805e-16
  outer loop
    vertex 642.4689477472983 84.26631003557664 -1.127986593019159e-14
    vertex 642.7277667924009 84.23223586186569 -5.999999999999992
    vertex 642.4689477472983 84.26631003557662 -6.000000000000009
  endloop
endfacet
facet normal 0.13052619222006637 0.9914448613738086 3.0531133177191805e-16
  outer loop
    vertex 642.7277667924009 84.23223586186569 -5.999999999999992
    vertex 642.4689477472983 84.26631003557664 -1.127986593019159e-14
    vertex 642.7277667924009 84.23223586186572 0.0
  endloop
endfacet
facet normal 0.13052619222006637 -0.9914448613738086 -3.0531133177191805e-16
  outer loop
    vertex 642.7277667924009 82.30038420928757 5.639932965095795e-15
    vertex 642.4689477472983 82.26631003557665 -5.9999999999999805
    vertex 642.7277667924009 82.3003842092876 -6.000000000000009
  endloop
endfacet
facet normal 0.13052619222006637 -0.9914448613738086 -3.0531133177191805e-16
  outer loop
    vertex 642.4689477472983 82.26631003557665 -5.9999999999999805
    vertex 642.7277667924009 82.30038420928757 5.639932965095795e-15
    vertex 642.4689477472983 82.26631003557667 -5.639932965095795e-15
  endloop
endfacet
facet normal -0.6087614290087682 0.7933533402911989 2.7755575615628914e-17
  outer loop
    vertex 584.2618409661119 122.97341681676318 -6.00000000000002
    vertex 584.4689477472984 123.13233543936106 1.127986593019159e-14
    vertex 584.4689477472984 123.13233543936111 -6.000000000000026
  endloop
endfacet
facet normal -0.6087614290087682 0.7933533402911989 2.7755575615628914e-17
  outer loop
    vertex 584.4689477472984 123.13233543936106 1.127986593019159e-14
    vertex 584.2618409661119 122.97341681676318 -6.00000000000002
    vertex 584.2618409661119 122.97341681676322 -2.8199664825478975e-15
  endloop
endfacet
facet normal -0.9238795325112579 -0.3826834323651596 -5.551115123125783e-17
  outer loop
    vertex 584.0030219210093 122.0074909904741 -8.459899447643692e-15
    vertex 584.102922343514 121.76631003557665 -6.000000000000003
    vertex 584.102922343514 121.76631003557665 2.8199664825478975e-15
  endloop
endfacet
facet normal -0.9238795325112579 -0.3826834323651596 -5.551115123125783e-17
  outer loop
    vertex 584.102922343514 121.76631003557665 -6.000000000000003
    vertex 584.0030219210093 122.0074909904741 -8.459899447643692e-15
    vertex 584.0030219210093 122.00749099047414 -6.000000000000009
  endloop
endfacet
facet normal 0.9914448613737743 0.13052619222032688 1.3877787807814457e-17
  outer loop
    vertex 644.9348735735874 122.52512908067916 -6.000000000000003
    vertex 644.9689477472984 122.26631003557664 1.4099832412739488e-14
    vertex 644.9689477472984 122.26631003557664 -5.999999999999997
  endloop
endfacet
facet normal 0.9914448613737743 0.13052619222032688 1.3877787807814457e-17
  outer loop
    vertex 644.9689477472984 122.26631003557664 1.4099832412739488e-14
    vertex 644.9348735735874 122.52512908067916 -6.000000000000003
    vertex 644.9348735735874 122.52512908067916 2.8199664825478975e-15
  endloop
endfacet
facet normal 0.13052619222004516 0.9914448613738113 2.7755575615628914e-17
  outer loop
    vertex 643.9689477472984 123.26631003557662 1.4099832412739488e-14
    vertex 644.227766792401 123.23223586186568 -5.999999999999986
    vertex 643.9689477472984 123.26631003557662 -6.000000000000003
  endloop
endfacet
facet normal 0.13052619222004516 0.9914448613738113 2.7755575615628914e-17
  outer loop
    vertex 644.227766792401 123.23223586186568 -5.999999999999986
    vertex 643.9689477472984 123.26631003557662 1.4099832412739488e-14
    vertex 644.227766792401 123.23223586186568 -2.8199664825478975e-15
  endloop
endfacet
facet normal 0.7933533402912438 -0.6087614290087096 -8.326672684688674e-17
  outer loop
    vertex 644.8349731510829 121.76631003557665 -6.000000000000003
    vertex 644.676054528485 121.55920325439008 -2.8199664825478975e-15
    vertex 644.676054528485 121.55920325439008 -6.000000000000009
  endloop
endfacet
facet normal 0.7933533402912438 -0.6087614290087096 -8.326672684688674e-17
  outer loop
    vertex 644.676054528485 121.55920325439008 -2.8199664825478975e-15
    vertex 644.8349731510829 121.76631003557665 -6.000000000000003
    vertex 644.8349731510829 121.76631003557665 2.8199664825478975e-15
  endloop
endfacet
facet normal 0.9238795325112579 0.3826834323651596 5.551115123125783e-17
  outer loop
    vertex 585.8349731510829 122.76631003557661 -2.9999999999999973
    vertex 585.9348735735875 122.52512908067916 2.8199664825478975e-15
    vertex 585.9348735735875 122.52512908067916 -2.9999999999999862
  endloop
endfacet
facet normal 0.9238795325112579 0.3826834323651596 5.551115123125783e-17
  outer loop
    vertex 585.9348735735875 122.52512908067916 2.8199664825478975e-15
    vertex 585.8349731510829 122.76631003557661 -2.9999999999999973
    vertex 585.8349731510829 122.76631003557665 3.3839597790574766e-14
  endloop
endfacet
facet normal 0.6087614290086011 -0.7933533402913271 0.0
  outer loop
    vertex 644.676054528485 121.55920325439008 -2.8199664825478975e-15
    vertex 644.4689477472983 121.4002846317922 -6.000000000000003
    vertex 644.676054528485 121.55920325439008 -6.000000000000009
  endloop
endfacet
facet normal 0.6087614290086011 -0.7933533402913271 0.0
  outer loop
    vertex 644.4689477472983 121.4002846317922 -6.000000000000003
    vertex 644.676054528485 121.55920325439008 -2.8199664825478975e-15
    vertex 644.4689477472983 121.40028463179215 1.4099832412739488e-14
  endloop
endfacet
facet normal 0.9238795325112611 -0.382683432365152 -5.551115123125783e-17
  outer loop
    vertex 585.9348735735875 122.0074909904741 -2.9999999999999973
    vertex 585.8349731510829 121.76631003557665 2.8199664825478975e-15
    vertex 585.8349731510829 121.76631003557665 -3.0000000000000084
  endloop
endfacet
facet normal 0.9238795325112611 -0.382683432365152 -5.551115123125783e-17
  outer loop
    vertex 585.8349731510829 121.76631003557665 2.8199664825478975e-15
    vertex 585.9348735735875 122.0074909904741 -2.9999999999999973
    vertex 585.9348735735875 122.0074909904741 -8.459899447643692e-15
  endloop
endfacet
facet normal -0.38268343236500973 -0.92387953251132 8.326672684688674e-17
  outer loop
    vertex 584.7101287021959 121.30038420928754 -2.8199664825478975e-15
    vertex 584.4689477472984 121.4002846317922 -6.000000000000003
    vertex 584.7101287021959 121.30038420928759 -6.000000000000003
  endloop
endfacet
facet normal -0.38268343236500973 -0.92387953251132 8.326672684688674e-17
  outer loop
    vertex 584.4689477472984 121.4002846317922 -6.000000000000003
    vertex 584.7101287021959 121.30038420928754 -2.8199664825478975e-15
    vertex 584.4689477472984 121.40028463179215 1.4099832412739488e-14
  endloop
endfacet
facet normal 0.7933533402912437 -0.6087614290087096 -8.326672684688674e-17
  outer loop
    vertex 585.8349731510829 121.76631003557665 -3.0000000000000084
    vertex 585.676054528485 121.55920325439008 -2.8199664825478975e-15
    vertex 585.676054528485 121.55920325439008 -2.9999999999999916
  endloop
endfacet
facet normal 0.7933533402912437 -0.6087614290087096 -8.326672684688674e-17
  outer loop
    vertex 585.676054528485 121.55920325439008 -2.8199664825478975e-15
    vertex 585.8349731510829 121.76631003557665 -3.0000000000000084
    vertex 585.8349731510829 121.76631003557665 2.8199664825478975e-15
  endloop
endfacet
facet normal 0.7933533402912437 0.6087614290087096 8.326672684688674e-17
  outer loop
    vertex 585.676054528485 122.97341681676318 -3.000000000000003
    vertex 585.8349731510829 122.76631003557665 3.3839597790574766e-14
    vertex 585.8349731510829 122.76631003557661 -2.9999999999999973
  endloop
endfacet
facet normal 0.7933533402912437 0.6087614290087096 8.326672684688674e-17
  outer loop
    vertex 585.8349731510829 122.76631003557665 3.3839597790574766e-14
    vertex 585.676054528485 122.97341681676318 -3.000000000000003
    vertex 585.676054528485 122.97341681676322 -2.8199664825478975e-15
  endloop
endfacet
facet normal -0.13052619222008993 -0.9914448613738054 -5.551115123125783e-17
  outer loop
    vertex 584.9689477472983 121.26631003557664 1.4099832412739488e-14
    vertex 584.7101287021959 121.30038420928759 -6.000000000000003
    vertex 584.9689477472983 121.26631003557668 -6.000000000000031
  endloop
endfacet
facet normal -0.13052619222008993 -0.9914448613738054 -5.551115123125783e-17
  outer loop
    vertex 584.7101287021959 121.30038420928759 -6.000000000000003
    vertex 584.9689477472983 121.26631003557664 1.4099832412739488e-14
    vertex 584.7101287021959 121.30038420928754 -2.8199664825478975e-15
  endloop
endfacet
facet normal 0.38268343236500973 -0.92387953251132 8.326672684688674e-17
  outer loop
    vertex 585.4689477472984 121.40028463179215 1.4099832412739488e-14
    vertex 585.2277667924009 121.30038420928759 -6.000000000000003
    vertex 585.4689477472984 121.4002846317922 -6.000000000000003
  endloop
endfacet
facet normal 0.38268343236500973 -0.92387953251132 8.326672684688674e-17
  outer loop
    vertex 585.2277667924009 121.30038420928759 -6.000000000000003
    vertex 585.4689477472984 121.40028463179215 1.4099832412739488e-14
    vertex 585.2277667924009 121.30038420928754 -2.8199664825478975e-15
  endloop
endfacet
facet normal -0.7933533402912438 -0.6087614290087093 -8.326672684688674e-17
  outer loop
    vertex 584.102922343514 121.76631003557665 2.8199664825478975e-15
    vertex 584.2618409661119 121.55920325439008 -6.000000000000009
    vertex 584.2618409661119 121.55920325439008 -2.8199664825478975e-15
  endloop
endfacet
facet normal -0.7933533402912438 -0.6087614290087093 -8.326672684688674e-17
  outer loop
    vertex 584.2618409661119 121.55920325439008 -6.000000000000009
    vertex 584.102922343514 121.76631003557665 2.8199664825478975e-15
    vertex 584.102922343514 121.76631003557665 -6.000000000000003
  endloop
endfacet
facet normal -0.9914448613738186 0.13052619221998987 6.938893903907228e-18
  outer loop
    vertex 643.0030219210093 122.52512908067916 -1.4099832412739488e-14
    vertex 642.9689477472984 122.26631003557664 -3.0
    vertex 642.9689477472984 122.26631003557664 1.4099832412739488e-14
  endloop
endfacet
facet normal -0.9914448613738186 0.13052619221998987 6.938893903907228e-18
  outer loop
    vertex 642.9689477472984 122.26631003557664 -3.0
    vertex 643.0030219210093 122.52512908067916 -1.4099832412739488e-14
    vertex 643.0030219210093 122.52512908067916 -2.9999999999999467
  endloop
endfacet
facet normal 0.13052619222004516 -0.9914448613738113 -2.7755575615628914e-17
  outer loop
    vertex 585.2277667924009 121.30038420928759 -6.000000000000003
    vertex 584.9689477472983 121.26631003557664 1.4099832412739488e-14
    vertex 584.9689477472983 121.26631003557668 -6.000000000000031
  endloop
endfacet
facet normal 0.13052619222004516 -0.9914448613738113 -2.7755575615628914e-17
  outer loop
    vertex 584.9689477472983 121.26631003557664 1.4099832412739488e-14
    vertex 585.2277667924009 121.30038420928759 -6.000000000000003
    vertex 585.2277667924009 121.30038420928754 -2.8199664825478975e-15
  endloop
endfacet
facet normal -0.7933533402912437 0.6087614290087096 8.326672684688674e-17
  outer loop
    vertex 643.102922343514 122.76631003557665 3.3839597790574766e-14
    vertex 643.2618409661119 122.97341681676318 -3.000000000000003
    vertex 643.102922343514 122.76631003557661 -2.9999999999999973
  endloop
endfacet
facet normal -0.7933533402912437 0.6087614290087096 8.326672684688674e-17
  outer loop
    vertex 643.2618409661119 122.97341681676318 -3.000000000000003
    vertex 643.102922343514 122.76631003557665 3.3839597790574766e-14
    vertex 643.2618409661119 122.97341681676322 -2.8199664825478975e-15
  endloop
endfacet
facet normal -0.6087614290087698 0.7933533402911974 -4.718447854656915e-16
  outer loop
    vertex 643.2618409661119 122.97341681676322 -2.8199664825478975e-15
    vertex 643.3653943567051 123.05287612806212 -2.9999999999999973
    vertex 643.2618409661119 122.97341681676318 -3.000000000000003
  endloop
endfacet
facet normal -0.6087614290087698 0.7933533402911974 -4.718447854656915e-16
  outer loop
    vertex 643.3653943567051 123.05287612806208 -5.999999999999969
    vertex 643.4689477472984 123.13233543936106 1.127986593019159e-14
    vertex 643.4689477472984 123.13233543936111 -6.000000000000026
  endloop
endfacet
facet normal -0.6087614290087698 0.7933533402911974 -4.718447854656915e-16
  outer loop
    vertex 643.4689477472984 123.13233543936106 1.127986593019159e-14
    vertex 643.3653943567051 123.05287612806208 -5.999999999999969
    vertex 643.3653943567051 123.05287612806212 -2.9999999999999973
  endloop
endfacet
facet normal -0.6087614290087698 0.7933533402911974 -4.718447854656915e-16
  outer loop
    vertex 643.4689477472984 123.13233543936106 1.127986593019159e-14
    vertex 643.3653943567051 123.05287612806212 -2.9999999999999973
    vertex 643.2618409661119 122.97341681676322 -2.8199664825478975e-15
  endloop
endfacet
facet normal -0.3826834323651317 0.9238795325112694 -1.1102230246251565e-16
  outer loop
    vertex 643.4689477472984 123.13233543936106 1.127986593019159e-14
    vertex 643.7101287021959 123.23223586186568 -5.999999999999986
    vertex 643.4689477472984 123.13233543936111 -6.000000000000026
  endloop
endfacet
facet normal -0.3826834323651317 0.9238795325112694 -1.1102230246251565e-16
  outer loop
    vertex 643.7101287021959 123.23223586186568 -5.999999999999986
    vertex 643.4689477472984 123.13233543936106 1.127986593019159e-14
    vertex 643.7101287021959 123.23223586186568 -2.8199664825478975e-15
  endloop
endfacet
facet normal 0.991444861373819 0.13052619221998701 0.0
  outer loop
    vertex 585.9348735735875 122.52512908067916 -2.9999999999999862
    vertex 585.9689477472984 122.26631003557664 1.4099832412739488e-14
    vertex 585.9689477472984 122.26631003557664 -3.0
  endloop
endfacet
facet normal 0.991444861373819 0.13052619221998701 0.0
  outer loop
    vertex 585.9689477472984 122.26631003557664 1.4099832412739488e-14
    vertex 585.9348735735875 122.52512908067916 -2.9999999999999862
    vertex 585.9348735735875 122.52512908067916 2.8199664825478975e-15
  endloop
endfacet
facet normal 0.6087614290087698 0.7933533402911975 -4.718447854656915e-16
  outer loop
    vertex 585.4689477472984 123.13233543936106 1.127986593019159e-14
    vertex 585.5725011378917 123.05287612806208 -5.999999999999969
    vertex 585.4689477472984 123.13233543936111 -6.000000000000026
  endloop
endfacet
facet normal 0.6087614290087698 0.7933533402911975 -4.718447854656915e-16
  outer loop
    vertex 585.5725011378917 123.05287612806208 -5.999999999999969
    vertex 585.4689477472984 123.13233543936106 1.127986593019159e-14
    vertex 585.5725011378917 123.05287612806212 -2.9999999999999973
  endloop
endfacet
facet normal 0.6087614290087698 0.7933533402911975 -4.718447854656915e-16
  outer loop
    vertex 585.5725011378917 123.05287612806212 -2.9999999999999973
    vertex 585.4689477472984 123.13233543936106 1.127986593019159e-14
    vertex 585.676054528485 122.97341681676322 -2.8199664825478975e-15
  endloop
endfacet
facet normal 0.6087614290087698 0.7933533402911975 -4.718447854656915e-16
  outer loop
    vertex 585.676054528485 122.97341681676322 -2.8199664825478975e-15
    vertex 585.676054528485 122.97341681676318 -3.000000000000003
    vertex 585.5725011378917 123.05287612806212 -2.9999999999999973
  endloop
endfacet
facet normal -0.6087614290087682 -0.7933533402911989 -2.7755575615628914e-17
  outer loop
    vertex 584.4689477472984 121.4002846317922 -6.000000000000003
    vertex 584.2618409661119 121.55920325439008 -2.8199664825478975e-15
    vertex 584.2618409661119 121.55920325439008 -6.000000000000009
  endloop
endfacet
facet normal -0.6087614290087682 -0.7933533402911989 -2.7755575615628914e-17
  outer loop
    vertex 584.2618409661119 121.55920325439008 -2.8199664825478975e-15
    vertex 584.4689477472984 121.4002846317922 -6.000000000000003
    vertex 584.4689477472984 121.40028463179215 1.4099832412739488e-14
  endloop
endfacet
facet normal 0.3826834323651317 0.9238795325112694 -1.1102230246251565e-16
  outer loop
    vertex 644.227766792401 123.23223586186568 -5.999999999999986
    vertex 644.4689477472983 123.13233543936106 1.127986593019159e-14
    vertex 644.4689477472983 123.13233543936111 -6.000000000000026
  endloop
endfacet
facet normal 0.3826834323651317 0.9238795325112694 -1.1102230246251565e-16
  outer loop
    vertex 644.4689477472983 123.13233543936106 1.127986593019159e-14
    vertex 644.227766792401 123.23223586186568 -5.999999999999986
    vertex 644.227766792401 123.23223586186568 -2.8199664825478975e-15
  endloop
endfacet
facet normal 0.6087614290087663 -0.7933533402912001 4.718447854656915e-16
  outer loop
    vertex 585.5725011378917 121.47974394309118 -3.000000000000014
    vertex 585.4689477472984 121.4002846317922 -6.000000000000003
    vertex 585.5725011378917 121.4797439430911 -6.000000000000003
  endloop
endfacet
facet normal 0.6087614290087663 -0.7933533402912001 4.718447854656915e-16
  outer loop
    vertex 585.4689477472984 121.4002846317922 -6.000000000000003
    vertex 585.5725011378917 121.47974394309118 -3.000000000000014
    vertex 585.4689477472984 121.40028463179215 1.4099832412739488e-14
  endloop
endfacet
facet normal 0.6087614290087663 -0.7933533402912001 4.718447854656915e-16
  outer loop
    vertex 585.4689477472984 121.40028463179215 1.4099832412739488e-14
    vertex 585.5725011378917 121.47974394309118 -3.000000000000014
    vertex 585.676054528485 121.55920325439008 -2.9999999999999916
  endloop
endfacet
facet normal 0.6087614290087663 -0.7933533402912001 4.718447854656915e-16
  outer loop
    vertex 585.4689477472984 121.40028463179215 1.4099832412739488e-14
    vertex 585.676054528485 121.55920325439008 -2.9999999999999916
    vertex 585.676054528485 121.55920325439008 -2.8199664825478975e-15
  endloop
endfacet
facet normal -0.991444861373819 -0.13052619221998701 0.0
  outer loop
    vertex 642.9689477472984 122.26631003557664 1.4099832412739488e-14
    vertex 643.0030219210093 122.0074909904741 -3.000000000000003
    vertex 643.0030219210093 122.0074909904741 -8.459899447643692e-15
  endloop
endfacet
facet normal -0.991444861373819 -0.13052619221998701 0.0
  outer loop
    vertex 643.0030219210093 122.0074909904741 -3.000000000000003
    vertex 642.9689477472984 122.26631003557664 1.4099832412739488e-14
    vertex 642.9689477472984 122.26631003557664 -3.0
  endloop
endfacet
facet normal -0.9238795325112611 0.382683432365152 5.551115123125783e-17
  outer loop
    vertex 643.102922343514 122.76631003557665 3.3839597790574766e-14
    vertex 643.0030219210093 122.52512908067916 -2.9999999999999467
    vertex 643.0030219210093 122.52512908067916 -1.4099832412739488e-14
  endloop
endfacet
facet normal -0.9238795325112611 0.382683432365152 5.551115123125783e-17
  outer loop
    vertex 643.0030219210093 122.52512908067916 -2.9999999999999467
    vertex 643.102922343514 122.76631003557665 3.3839597790574766e-14
    vertex 643.102922343514 122.76631003557661 -2.9999999999999973
  endloop
endfacet
facet normal -0.13052619222004516 0.9914448613738113 2.7755575615628914e-17
  outer loop
    vertex 643.7101287021959 123.23223586186568 -5.999999999999986
    vertex 643.9689477472984 123.26631003557662 1.4099832412739488e-14
    vertex 643.9689477472984 123.26631003557662 -6.000000000000003
  endloop
endfacet
facet normal -0.13052619222004516 0.9914448613738113 2.7755575615628914e-17
  outer loop
    vertex 643.9689477472984 123.26631003557662 1.4099832412739488e-14
    vertex 643.7101287021959 123.23223586186568 -5.999999999999986
    vertex 643.7101287021959 123.23223586186568 -2.8199664825478975e-15
  endloop
endfacet
facet normal 0.7933533402912438 0.6087614290087093 8.326672684688674e-17
  outer loop
    vertex 644.676054528485 122.97341681676318 -6.00000000000002
    vertex 644.8349731510829 122.76631003557665 3.3839597790574766e-14
    vertex 644.8349731510829 122.76631003557665 -6.000000000000003
  endloop
endfacet
facet normal 0.7933533402912438 0.6087614290087093 8.326672684688674e-17
  outer loop
    vertex 644.8349731510829 122.76631003557665 3.3839597790574766e-14
    vertex 644.676054528485 122.97341681676318 -6.00000000000002
    vertex 644.676054528485 122.97341681676322 -2.8199664825478975e-15
  endloop
endfacet
facet normal 0.9914448613737743 -0.13052619222032688 -1.3877787807814457e-17
  outer loop
    vertex 644.9348735735874 122.00749099047414 -6.000000000000009
    vertex 644.9689477472984 122.26631003557664 1.4099832412739488e-14
    vertex 644.9348735735874 122.0074909904741 -8.459899447643692e-15
  endloop
endfacet
facet normal 0.9914448613737743 -0.13052619222032688 -1.3877787807814457e-17
  outer loop
    vertex 644.9689477472984 122.26631003557664 1.4099832412739488e-14
    vertex 644.9348735735874 122.00749099047414 -6.000000000000009
    vertex 644.9689477472984 122.26631003557664 -5.999999999999997
  endloop
endfacet
facet normal 0.6087614290086012 0.793353340291327 5.551115123125783e-17
  outer loop
    vertex 644.4689477472983 123.13233543936106 1.127986593019159e-14
    vertex 644.676054528485 122.97341681676318 -6.00000000000002
    vertex 644.4689477472983 123.13233543936111 -6.000000000000026
  endloop
endfacet
facet normal 0.6087614290086012 0.793353340291327 5.551115123125783e-17
  outer loop
    vertex 644.676054528485 122.97341681676318 -6.00000000000002
    vertex 644.4689477472983 123.13233543936106 1.127986593019159e-14
    vertex 644.676054528485 122.97341681676322 -2.8199664825478975e-15
  endloop
endfacet
facet normal 0.9914448613738186 -0.13052619221998987 -6.938893903907228e-18
  outer loop
    vertex 585.9689477472984 122.26631003557664 -3.0
    vertex 585.9348735735875 122.0074909904741 -8.459899447643692e-15
    vertex 585.9348735735875 122.0074909904741 -2.9999999999999973
  endloop
endfacet
facet normal 0.9914448613738186 -0.13052619221998987 -6.938893903907228e-18
  outer loop
    vertex 585.9348735735875 122.0074909904741 -8.459899447643692e-15
    vertex 585.9689477472984 122.26631003557664 -3.0
    vertex 585.9689477472984 122.26631003557664 1.4099832412739488e-14
  endloop
endfacet
facet normal 0.9238795325113801 0.3826834323648645 -1.3877787807814457e-17
  outer loop
    vertex 644.8349731510829 122.76631003557665 -6.000000000000003
    vertex 644.9348735735874 122.52512908067916 2.8199664825478975e-15
    vertex 644.9348735735874 122.52512908067916 -6.000000000000003
  endloop
endfacet
facet normal 0.9238795325113801 0.3826834323648645 -1.3877787807814457e-17
  outer loop
    vertex 644.9348735735874 122.52512908067916 2.8199664825478975e-15
    vertex 644.8349731510829 122.76631003557665 -6.000000000000003
    vertex 644.8349731510829 122.76631003557665 3.3839597790574766e-14
  endloop
endfacet
facet normal 0.9238795325113802 -0.3826834323648646 -8.326672684688673e-17
  outer loop
    vertex 644.9348735735874 122.00749099047414 -6.000000000000009
    vertex 644.8349731510829 121.76631003557665 2.8199664825478975e-15
    vertex 644.8349731510829 121.76631003557665 -6.000000000000003
  endloop
endfacet
facet normal 0.9238795325113802 -0.3826834323648646 -8.326672684688673e-17
  outer loop
    vertex 644.8349731510829 121.76631003557665 2.8199664825478975e-15
    vertex 644.9348735735874 122.00749099047414 -6.000000000000009
    vertex 644.9348735735874 122.0074909904741 -8.459899447643692e-15
  endloop
endfacet
facet normal -0.3826834323651317 -0.9238795325112694 1.1102230246251565e-16
  outer loop
    vertex 643.7101287021959 121.30038420928754 -2.8199664825478975e-15
    vertex 643.4689477472984 121.4002846317922 -6.000000000000003
    vertex 643.7101287021959 121.30038420928759 -6.000000000000003
  endloop
endfacet
facet normal -0.3826834323651317 -0.9238795325112694 1.1102230246251565e-16
  outer loop
    vertex 643.4689477472984 121.4002846317922 -6.000000000000003
    vertex 643.7101287021959 121.30038420928754 -2.8199664825478975e-15
    vertex 643.4689477472984 121.40028463179215 1.4099832412739488e-14
  endloop
endfacet
facet normal -0.6087614290087409 0.7933533402912196 -8.326672684688674e-17
  outer loop
    vertex 641.3653943567051 36.05287612806213 -3.000000000000034
    vertex 641.4689477472984 36.132335439361064 -6.000000000000009
    vertex 641.3653943567051 36.052876128062124 -6.000000000000009
  endloop
endfacet
facet normal -0.6087614290087409 0.7933533402912196 -8.326672684688674e-17
  outer loop
    vertex 641.4689477472984 36.132335439361064 -6.000000000000009
    vertex 641.3653943567051 36.05287612806213 -3.000000000000034
    vertex 641.4689477472984 36.13233543936109 5.357936316841005e-14
  endloop
endfacet
facet normal -0.6087614290087409 0.7933533402912196 -8.326672684688674e-17
  outer loop
    vertex 641.4689477472984 36.13233543936109 5.357936316841005e-14
    vertex 641.3653943567051 36.05287612806213 -3.000000000000034
    vertex 641.2618409661119 35.97341681676317 -3.000000000000031
  endloop
endfacet
facet normal -0.6087614290087409 0.7933533402912196 -8.326672684688674e-17
  outer loop
    vertex 641.4689477472984 36.13233543936109 5.357936316841005e-14
    vertex 641.2618409661119 35.97341681676317 -3.000000000000031
    vertex 641.2618409661119 35.97341681676319 -1.6919798895287383e-14
  endloop
endfacet
facet normal 0.6087614290085739 0.7933533402913479 -5.551115123125783e-17
  outer loop
    vertex 642.4689477472983 36.13233543936109 5.357936316841005e-14
    vertex 642.676054528485 35.97341681676318 -5.999999999999986
    vertex 642.4689477472983 36.132335439361064 -6.000000000000009
  endloop
endfacet
facet normal 0.6087614290085739 0.7933533402913479 -5.551115123125783e-17
  outer loop
    vertex 642.676054528485 35.97341681676318 -5.999999999999986
    vertex 642.4689477472983 36.13233543936109 5.357936316841005e-14
    vertex 642.676054528485 35.97341681676319 -1.6919798895287383e-14
  endloop
endfacet
facet normal 0.3826834323651317 -0.9238795325112694 1.1102230246251565e-16
  outer loop
    vertex 644.4689477472983 121.40028463179215 1.4099832412739488e-14
    vertex 644.227766792401 121.30038420928759 -6.000000000000003
    vertex 644.4689477472983 121.4002846317922 -6.000000000000003
  endloop
endfacet
facet normal 0.3826834323651317 -0.9238795325112694 1.1102230246251565e-16
  outer loop
    vertex 644.227766792401 121.30038420928759 -6.000000000000003
    vertex 644.4689477472983 121.40028463179215 1.4099832412739488e-14
    vertex 644.227766792401 121.30038420928754 -2.8199664825478975e-15
  endloop
endfacet
facet normal 0.9914448613737734 0.13052619222033238 2.7755575615628914e-17
  outer loop
    vertex 642.9348735735874 35.52512908067915 -6.000000000000026
    vertex 642.9689477472984 35.26631003557665 1.4099832412739488e-14
    vertex 642.9689477472984 35.26631003557664 -6.000000000000009
  endloop
endfacet
facet normal 0.9914448613737734 0.13052619222033238 2.7755575615628914e-17
  outer loop
    vertex 642.9689477472984 35.26631003557665 1.4099832412739488e-14
    vertex 642.9348735735874 35.52512908067915 -6.000000000000026
    vertex 642.9348735735874 35.52512908067916 -1.973976537783528e-14
  endloop
endfacet
facet normal 0.9238795325113864 0.38268343236484936 0.0
  outer loop
    vertex 642.8349731510829 35.76631003557664 -5.999999999999997
    vertex 642.9348735735874 35.52512908067916 -1.973976537783528e-14
    vertex 642.9348735735874 35.52512908067915 -6.000000000000026
  endloop
endfacet
facet normal 0.9238795325113864 0.38268343236484936 0.0
  outer loop
    vertex 642.9348735735874 35.52512908067916 -1.973976537783528e-14
    vertex 642.8349731510829 35.76631003557664 -5.999999999999997
    vertex 642.8349731510829 35.76631003557662 -3.101963130802687e-14
  endloop
endfacet
facet normal 0.9914448613737734 -0.13052619222033238 -2.7755575615628914e-17
  outer loop
    vertex 642.9689477472984 35.26631003557664 -6.000000000000009
    vertex 642.9348735735874 35.007490990474125 2.8199664825478975e-15
    vertex 642.9348735735874 35.007490990474125 -6.000000000000009
  endloop
endfacet
facet normal 0.9914448613737734 -0.13052619222033238 -2.7755575615628914e-17
  outer loop
    vertex 642.9348735735874 35.007490990474125 2.8199664825478975e-15
    vertex 642.9689477472984 35.26631003557664 -6.000000000000009
    vertex 642.9689477472984 35.26631003557665 1.4099832412739488e-14
  endloop
endfacet
facet normal 0.13052619222006637 0.9914448613738086 3.0531133177191805e-16
  outer loop
    vertex 641.9689477472984 36.26631003557665 -5.999999999999969
    vertex 642.227766792401 36.23223586186572 0.0
    vertex 642.227766792401 36.23223586186574 -5.999999999999997
  endloop
endfacet
facet normal 0.13052619222006637 0.9914448613738086 3.0531133177191805e-16
  outer loop
    vertex 642.227766792401 36.23223586186572 0.0
    vertex 641.9689477472984 36.26631003557665 -5.999999999999969
    vertex 641.9689477472984 36.26631003557665 -8.459899447643692e-15
  endloop
endfacet
facet normal 0.7933533402912519 -0.608761429008699 -8.326672684688674e-17
  outer loop
    vertex 642.676054528485 34.55920325439013 -5.999999999999986
    vertex 642.8349731510829 34.76631003557664 -3.101963130802687e-14
    vertex 642.676054528485 34.559203254390084 -8.459899447643692e-15
  endloop
endfacet
facet normal 0.7933533402912519 -0.608761429008699 -8.326672684688674e-17
  outer loop
    vertex 642.8349731510829 34.76631003557664 -3.101963130802687e-14
    vertex 642.676054528485 34.55920325439013 -5.999999999999986
    vertex 642.8349731510829 34.76631003557666 -5.999999999999975
  endloop
endfacet
facet normal -0.38268343236513175 0.9238795325112694 -1.1102230246251565e-16
  outer loop
    vertex 641.4689477472984 36.13233543936109 5.357936316841005e-14
    vertex 641.7101287021959 36.23223586186574 -5.999999999999997
    vertex 641.4689477472984 36.132335439361064 -6.000000000000009
  endloop
endfacet
facet normal -0.38268343236513175 0.9238795325112694 -1.1102230246251565e-16
  outer loop
    vertex 641.7101287021959 36.23223586186574 -5.999999999999997
    vertex 641.4689477472984 36.13233543936109 5.357936316841005e-14
    vertex 641.7101287021959 36.23223586186572 0.0
  endloop
endfacet
facet normal 0.38268343236513175 0.9238795325112694 -1.1102230246251565e-16
  outer loop
    vertex 642.227766792401 36.23223586186574 -5.999999999999997
    vertex 642.4689477472983 36.13233543936109 5.357936316841005e-14
    vertex 642.4689477472983 36.132335439361064 -6.000000000000009
  endloop
endfacet
facet normal 0.38268343236513175 0.9238795325112694 -1.1102230246251565e-16
  outer loop
    vertex 642.4689477472983 36.13233543936109 5.357936316841005e-14
    vertex 642.227766792401 36.23223586186574 -5.999999999999997
    vertex 642.227766792401 36.23223586186572 0.0
  endloop
endfacet
facet normal 0.6087614290085739 -0.7933533402913479 5.551115123125783e-17
  outer loop
    vertex 642.676054528485 34.55920325439013 -5.999999999999986
    vertex 642.4689477472983 34.40028463179222 2.8199664825478975e-15
    vertex 642.4689477472983 34.400284631792196 -6.000000000000003
  endloop
endfacet
facet normal 0.6087614290085739 -0.7933533402913479 5.551115123125783e-17
  outer loop
    vertex 642.4689477472983 34.40028463179222 2.8199664825478975e-15
    vertex 642.676054528485 34.55920325439013 -5.999999999999986
    vertex 642.676054528485 34.559203254390084 -8.459899447643692e-15
  endloop
endfacet
facet normal -0.9914448613738182 0.1305261922199926 6.938893903907228e-18
  outer loop
    vertex 640.9689477472984 35.26631003557665 1.4099832412739488e-14
    vertex 641.0030219210093 35.525129080679164 -3.000000000000003
    vertex 640.9689477472984 35.266310035576645 -3.000000000000017
  endloop
endfacet
facet normal -0.9914448613738182 0.1305261922199926 6.938893903907228e-18
  outer loop
    vertex 641.0030219210093 35.525129080679164 -3.000000000000003
    vertex 640.9689477472984 35.26631003557665 1.4099832412739488e-14
    vertex 641.0030219210093 35.52512908067916 -1.973976537783528e-14
  endloop
endfacet
facet normal 0.1305261922200664 -0.9914448613738086 -3.0531133177191805e-16
  outer loop
    vertex 642.227766792401 34.300384209287586 2.8199664825478975e-15
    vertex 641.9689477472984 34.26631003557666 -5.999999999999975
    vertex 642.227766792401 34.30038420928758 -5.999999999999997
  endloop
endfacet
facet normal 0.1305261922200664 -0.9914448613738086 -3.0531133177191805e-16
  outer loop
    vertex 641.9689477472984 34.26631003557666 -5.999999999999975
    vertex 642.227766792401 34.300384209287586 2.8199664825478975e-15
    vertex 641.9689477472984 34.266310035576645 -1.973976537783528e-14
  endloop
endfacet
facet normal -0.13052619222006637 -0.9914448613738086 -3.0531133177191805e-16
  outer loop
    vertex 641.9689477472984 34.26631003557666 -5.999999999999975
    vertex 641.7101287021959 34.300384209287586 2.8199664825478975e-15
    vertex 641.7101287021959 34.30038420928758 -5.999999999999997
  endloop
endfacet
facet normal -0.13052619222006637 -0.9914448613738086 -3.0531133177191805e-16
  outer loop
    vertex 641.7101287021959 34.300384209287586 2.8199664825478975e-15
    vertex 641.9689477472984 34.26631003557666 -5.999999999999975
    vertex 641.9689477472984 34.266310035576645 -1.973976537783528e-14
  endloop
endfacet
facet normal -0.9914448613738182 -0.1305261922199926 -6.938893903907228e-18
  outer loop
    vertex 640.9689477472984 35.26631003557665 1.4099832412739488e-14
    vertex 641.0030219210093 35.007490990474174 -2.9999999999999805
    vertex 641.0030219210093 35.007490990474125 2.8199664825478975e-15
  endloop
endfacet
facet normal -0.9914448613738182 -0.1305261922199926 -6.938893903907228e-18
  outer loop
    vertex 641.0030219210093 35.007490990474174 -2.9999999999999805
    vertex 640.9689477472984 35.26631003557665 1.4099832412739488e-14
    vertex 640.9689477472984 35.266310035576645 -3.000000000000017
  endloop
endfacet
facet normal -0.38268343236513175 -0.9238795325112694 1.1102230246251565e-16
  outer loop
    vertex 641.7101287021959 34.30038420928758 -5.999999999999997
    vertex 641.4689477472984 34.40028463179222 2.8199664825478975e-15
    vertex 641.4689477472984 34.400284631792196 -6.000000000000003
  endloop
endfacet
facet normal -0.38268343236513175 -0.9238795325112694 1.1102230246251565e-16
  outer loop
    vertex 641.4689477472984 34.40028463179222 2.8199664825478975e-15
    vertex 641.7101287021959 34.30038420928758 -5.999999999999997
    vertex 641.7101287021959 34.300384209287586 2.8199664825478975e-15
  endloop
endfacet
facet normal 0.13052619222004516 -0.9914448613738113 -2.7755575615628914e-17
  outer loop
    vertex 644.227766792401 121.30038420928759 -6.000000000000003
    vertex 643.9689477472984 121.26631003557664 1.4099832412739488e-14
    vertex 643.9689477472984 121.26631003557668 -6.000000000000031
  endloop
endfacet
facet normal 0.13052619222004516 -0.9914448613738113 -2.7755575615628914e-17
  outer loop
    vertex 643.9689477472984 121.26631003557664 1.4099832412739488e-14
    vertex 644.227766792401 121.30038420928759 -6.000000000000003
    vertex 644.227766792401 121.30038420928754 -2.8199664825478975e-15
  endloop
endfacet
facet normal 0.9238795325113864 -0.38268343236484936 0.0
  outer loop
    vertex 642.8349731510829 34.76631003557666 -5.999999999999975
    vertex 642.9348735735874 35.007490990474125 2.8199664825478975e-15
    vertex 642.8349731510829 34.76631003557664 -3.101963130802687e-14
  endloop
endfacet
facet normal 0.9238795325113864 -0.38268343236484936 0.0
  outer loop
    vertex 642.9348735735874 35.007490990474125 2.8199664825478975e-15
    vertex 642.8349731510829 34.76631003557666 -5.999999999999975
    vertex 642.9348735735874 35.007490990474125 -6.000000000000009
  endloop
endfacet
facet normal 0.38268343236513175 -0.9238795325112694 1.1102230246251565e-16
  outer loop
    vertex 642.4689477472983 34.40028463179222 2.8199664825478975e-15
    vertex 642.227766792401 34.30038420928758 -5.999999999999997
    vertex 642.4689477472983 34.400284631792196 -6.000000000000003
  endloop
endfacet
facet normal 0.38268343236513175 -0.9238795325112694 1.1102230246251565e-16
  outer loop
    vertex 642.227766792401 34.30038420928758 -5.999999999999997
    vertex 642.4689477472983 34.40028463179222 2.8199664825478975e-15
    vertex 642.227766792401 34.300384209287586 2.8199664825478975e-15
  endloop
endfacet
facet normal -0.7933533402912516 0.6087614290086991 1.3877787807814457e-16
  outer loop
    vertex 641.102922343514 35.76631003557662 -3.101963130802687e-14
    vertex 641.2618409661119 35.97341681676317 -3.000000000000031
    vertex 641.102922343514 35.766310035576616 -3.0000000000000253
  endloop
endfacet
facet normal -0.7933533402912516 0.6087614290086991 1.3877787807814457e-16
  outer loop
    vertex 641.2618409661119 35.97341681676317 -3.000000000000031
    vertex 641.102922343514 35.76631003557662 -3.101963130802687e-14
    vertex 641.2618409661119 35.97341681676319 -1.6919798895287383e-14
  endloop
endfacet
facet normal -0.7933533402912437 -0.6087614290087096 -8.326672684688674e-17
  outer loop
    vertex 643.102922343514 121.76631003557665 2.8199664825478975e-15
    vertex 643.2618409661119 121.55920325439008 -2.9999999999999916
    vertex 643.2618409661119 121.55920325439008 -2.8199664825478975e-15
  endloop
endfacet
facet normal -0.7933533402912437 -0.6087614290087096 -8.326672684688674e-17
  outer loop
    vertex 643.2618409661119 121.55920325439008 -2.9999999999999916
    vertex 643.102922343514 121.76631003557665 2.8199664825478975e-15
    vertex 643.102922343514 121.76631003557665 -3.0000000000000084
  endloop
endfacet
facet normal -0.9238795325112642 0.3826834323651444 0.0
  outer loop
    vertex 641.102922343514 35.76631003557662 -3.101963130802687e-14
    vertex 641.0030219210093 35.525129080679164 -3.000000000000003
    vertex 641.0030219210093 35.52512908067916 -1.973976537783528e-14
  endloop
endfacet
facet normal -0.9238795325112642 0.3826834323651444 0.0
  outer loop
    vertex 641.0030219210093 35.525129080679164 -3.000000000000003
    vertex 641.102922343514 35.76631003557662 -3.101963130802687e-14
    vertex 641.102922343514 35.766310035576616 -3.0000000000000253
  endloop
endfacet
facet normal -0.13052619222004516 -0.9914448613738113 -2.7755575615628914e-17
  outer loop
    vertex 643.9689477472984 121.26631003557664 1.4099832412739488e-14
    vertex 643.7101287021959 121.30038420928759 -6.000000000000003
    vertex 643.9689477472984 121.26631003557668 -6.000000000000031
  endloop
endfacet
facet normal -0.13052619222004516 -0.9914448613738113 -2.7755575615628914e-17
  outer loop
    vertex 643.7101287021959 121.30038420928759 -6.000000000000003
    vertex 643.9689477472984 121.26631003557664 1.4099832412739488e-14
    vertex 643.7101287021959 121.30038420928754 -2.8199664825478975e-15
  endloop
endfacet
facet normal -0.9238795325112579 -0.3826834323651596 -5.551115123125783e-17
  outer loop
    vertex 643.0030219210093 122.0074909904741 -8.459899447643692e-15
    vertex 643.102922343514 121.76631003557665 -3.0000000000000084
    vertex 643.102922343514 121.76631003557665 2.8199664825478975e-15
  endloop
endfacet
facet normal -0.9238795325112579 -0.3826834323651596 -5.551115123125783e-17
  outer loop
    vertex 643.102922343514 121.76631003557665 -3.0000000000000084
    vertex 643.0030219210093 122.0074909904741 -8.459899447643692e-15
    vertex 643.0030219210093 122.0074909904741 -3.000000000000003
  endloop
endfacet
facet normal -0.6087614290087409 -0.7933533402912196 8.326672684688674e-17
  outer loop
    vertex 641.4689477472984 34.400284631792196 -6.000000000000003
    vertex 641.3653943567051 34.479743943091144 -3.0000000000000253
    vertex 641.3653943567051 34.47974394309114 -6.000000000000009
  endloop
endfacet
facet normal -0.6087614290087409 -0.7933533402912196 8.326672684688674e-17
  outer loop
    vertex 641.3653943567051 34.479743943091144 -3.0000000000000253
    vertex 641.4689477472984 34.400284631792196 -6.000000000000003
    vertex 641.4689477472984 34.40028463179222 2.8199664825478975e-15
  endloop
endfacet
facet normal -0.6087614290087409 -0.7933533402912196 8.326672684688674e-17
  outer loop
    vertex 641.3653943567051 34.479743943091144 -3.0000000000000253
    vertex 641.4689477472984 34.40028463179222 2.8199664825478975e-15
    vertex 641.2618409661119 34.5592032543901 -3.000000000000003
  endloop
endfacet
facet normal -0.6087614290087409 -0.7933533402912196 8.326672684688674e-17
  outer loop
    vertex 641.2618409661119 34.5592032543901 -3.000000000000003
    vertex 641.4689477472984 34.40028463179222 2.8199664825478975e-15
    vertex 641.2618409661119 34.559203254390084 -8.459899447643692e-15
  endloop
endfacet
facet normal -0.6087614290087663 -0.7933533402912001 4.718447854656915e-16
  outer loop
    vertex 643.4689477472984 121.40028463179215 1.4099832412739488e-14
    vertex 643.3653943567051 121.4797439430911 -6.000000000000003
    vertex 643.4689477472984 121.4002846317922 -6.000000000000003
  endloop
endfacet
facet normal -0.6087614290087663 -0.7933533402912001 4.718447854656915e-16
  outer loop
    vertex 643.3653943567051 121.4797439430911 -6.000000000000003
    vertex 643.4689477472984 121.40028463179215 1.4099832412739488e-14
    vertex 643.3653943567051 121.47974394309118 -3.000000000000014
  endloop
endfacet
facet normal -0.6087614290087663 -0.7933533402912001 4.718447854656915e-16
  outer loop
    vertex 643.3653943567051 121.47974394309118 -3.000000000000014
    vertex 643.4689477472984 121.40028463179215 1.4099832412739488e-14
    vertex 643.2618409661119 121.55920325439008 -2.9999999999999916
  endloop
endfacet
facet normal -0.6087614290087663 -0.7933533402912001 4.718447854656915e-16
  outer loop
    vertex 643.2618409661119 121.55920325439008 -2.9999999999999916
    vertex 643.4689477472984 121.40028463179215 1.4099832412739488e-14
    vertex 643.2618409661119 121.55920325439008 -2.8199664825478975e-15
  endloop
endfacet
facet normal 0.7933533402912519 0.608761429008699 8.326672684688674e-17
  outer loop
    vertex 642.8349731510829 35.76631003557664 -5.999999999999997
    vertex 642.676054528485 35.97341681676319 -1.6919798895287383e-14
    vertex 642.8349731510829 35.76631003557662 -3.101963130802687e-14
  endloop
endfacet
facet normal 0.7933533402912519 0.608761429008699 8.326672684688674e-17
  outer loop
    vertex 642.676054528485 35.97341681676319 -1.6919798895287383e-14
    vertex 642.8349731510829 35.76631003557664 -5.999999999999997
    vertex 642.676054528485 35.97341681676318 -5.999999999999986
  endloop
endfacet
facet normal -0.13052619222006637 0.9914448613738086 3.0531133177191805e-16
  outer loop
    vertex 641.7101287021959 36.23223586186572 0.0
    vertex 641.9689477472984 36.26631003557665 -5.999999999999969
    vertex 641.7101287021959 36.23223586186574 -5.999999999999997
  endloop
endfacet
facet normal -0.13052619222006637 0.9914448613738086 3.0531133177191805e-16
  outer loop
    vertex 641.9689477472984 36.26631003557665 -5.999999999999969
    vertex 641.7101287021959 36.23223586186572 0.0
    vertex 641.9689477472984 36.26631003557665 -8.459899447643692e-15
  endloop
endfacet
facet normal -0.004406221300484417 0.9999902925598085 3.3306690738754696e-16
  outer loop
    vertex 639.0711702684312 62.04276717088419 -3.00000000000002
    vertex 641.3653943567051 62.052876128062124 -5.999999999999975
    vertex 639.0711702684312 62.0427671708842 -5.999999999999992
  endloop
endfacet
facet normal -0.004406221300484417 0.9999902925598085 3.3306690738754696e-16
  outer loop
    vertex 641.3653943567051 62.052876128062124 -5.999999999999975
    vertex 639.0711702684312 62.04276717088419 -3.00000000000002
    vertex 641.3653943567051 62.05287612806213 -2.999999999999983
  endloop
endfacet
facet normal -0.004406221300484417 0.9999902925598085 3.3306690738754696e-16
  outer loop
    vertex 639.0711702684312 36.04276717088421 -5.999999999999975
    vertex 641.3653943567051 36.05287612806213 -3.000000000000034
    vertex 641.3653943567051 36.052876128062124 -6.000000000000009
  endloop
endfacet
facet normal -0.004406221300484417 0.9999902925598085 3.3306690738754696e-16
  outer loop
    vertex 641.3653943567051 36.05287612806213 -3.000000000000034
    vertex 639.0711702684312 36.04276717088421 -5.999999999999975
    vertex 639.0711702684312 36.0427671708842 -3.000000000000003
  endloop
endfacet
facet normal -0.004406221300484417 -0.9999902925598085 -3.3306690738754696e-16
  outer loop
    vertex 641.3653943567051 34.479743943091144 -3.0000000000000253
    vertex 639.0711702684312 34.48985290026905 -5.999999999999997
    vertex 641.3653943567051 34.47974394309114 -6.000000000000009
  endloop
endfacet
facet normal -0.004406221300484417 -0.9999902925598085 -3.3306690738754696e-16
  outer loop
    vertex 639.0711702684312 34.48985290026905 -5.999999999999997
    vertex 641.3653943567051 34.479743943091144 -3.0000000000000253
    vertex 639.0711702684312 34.48985290026909 -3.0000000000000084
  endloop
endfacet
facet normal -0.004406221300484417 -0.9999902925598085 -3.3306690738754696e-16
  outer loop
    vertex 641.3653943567051 60.47974394309113 -3.0000000000000084
    vertex 639.0711702684312 60.489852900269064 -5.999999999999997
    vertex 641.3653943567051 60.47974394309115 -6.000000000000014
  endloop
endfacet
facet normal -0.004406221300484417 -0.9999902925598085 -3.3306690738754696e-16
  outer loop
    vertex 639.0711702684312 60.489852900269064 -5.999999999999997
    vertex 641.3653943567051 60.47974394309113 -3.0000000000000084
    vertex 639.0711702684312 60.48985290026907 -2.999999999999989
  endloop
endfacet
facet normal 0.0 5.5511151231257815e-17 -1.0
  outer loop
    vertex 618.9689477472984 96.76631003557662 -2.9999999999999973
    vertex 609.9689477472984 94.76631003557662 -3.0
    vertex 609.9689477472984 96.76631003557662 -2.9999999999999973
  endloop
endfacet
facet normal 0.0 5.5511151231257815e-17 -1.0
  outer loop
    vertex 609.9689477472984 94.76631003557662 -3.0
    vertex 618.9689477472984 96.76631003557662 -2.9999999999999973
    vertex 610.4156468883992 89.98077612964383 -3.00000000000002
  endloop
endfacet
facet normal 0.0 5.5511151231257815e-17 -1.0
  outer loop
    vertex 610.4156468883992 89.98077612964383 -3.00000000000002
    vertex 618.9689477472984 96.76631003557662 -2.9999999999999973
    vertex 611.511415992568 88.7286512619239 -3.00000000000002
  endloop
endfacet
facet normal 0.0 5.5511151231257815e-17 -1.0
  outer loop
    vertex 611.511415992568 88.7286512619239 -3.00000000000002
    vertex 618.9689477472984 96.76631003557662 -2.9999999999999973
    vertex 612.8939214325464 87.80279742764803 -3.0000000000000084
  endloop
endfacet
facet normal 0.0 5.5511151231257815e-17 -1.0
  outer loop
    vertex 612.8939214325464 87.80279742764803 -3.0000000000000084
    vertex 618.9689477472984 96.76631003557662 -2.9999999999999973
    vertex 614.4689477472986 87.26631003557668 -3.00000000000002
  endloop
endfacet
facet normal 0.0 5.5511151231257815e-17 -1.0
  outer loop
    vertex 614.4689477472986 87.26631003557668 -3.00000000000002
    vertex 618.9689477472984 96.76631003557662 -2.9999999999999973
    vertex 616.0439740620508 87.8027974276483 -2.9999999999999916
  endloop
endfacet
facet normal 0.0 5.5511151231257815e-17 -1.0
  outer loop
    vertex 616.0439740620508 87.8027974276483 -2.9999999999999916
    vertex 618.9689477472984 96.76631003557662 -2.9999999999999973
    vertex 617.4264795020292 88.728651261924 -2.9999999999999947
  endloop
endfacet
facet normal 0.0 5.5511151231257815e-17 -1.0
  outer loop
    vertex 617.4264795020292 88.728651261924 -2.9999999999999947
    vertex 618.9689477472984 96.76631003557662 -2.9999999999999973
    vertex 618.5222486061974 89.98077612964406 -3.000000000000003
  endloop
endfacet
facet normal 0.0 5.5511151231257815e-17 -1.0
  outer loop
    vertex 618.5222486061974 89.98077612964406 -3.000000000000003
    vertex 618.9689477472984 96.76631003557662 -2.9999999999999973
    vertex 618.9689477472984 94.76631003557662 -3.0
  endloop
endfacet
facet normal 0.0 5.5511151231257815e-17 -1.0
  outer loop
    vertex 618.5222486061974 89.98077612964406 -3.000000000000003
    vertex 618.9689477472984 94.76631003557662 -3.0
    vertex 619.2566065209511 91.47384179030743 -2.9999999999999947
  endloop
endfacet
facet normal 0.0 5.5511151231257815e-17 -1.0
  outer loop
    vertex 619.2566065209511 91.47384179030743 -2.9999999999999947
    vertex 618.9689477472984 94.76631003557662 -3.0
    vertex 619.4689477472988 94.76631003557692 -3.000000000000014
  endloop
endfacet
facet normal 0.0 5.5511151231257815e-17 -1.0
  outer loop
    vertex 619.2566065209511 91.47384179030743 -2.9999999999999947
    vertex 619.4689477472988 94.76631003557692 -3.000000000000014
    vertex 619.5795079679837 93.10609828654744 -2.9999999999999973
  endloop
endfacet
facet normal 0.0 5.5511151231257815e-17 -1.0
  outer loop
    vertex 609.4689477472984 94.7663100355767 -2.9999999999999916
    vertex 609.6812889736457 91.47384179030723 -3.0
    vertex 609.3583875266136 93.10609828654734 -3.0000000000000084
  endloop
endfacet
facet normal 0.0 5.5511151231257815e-17 -1.0
  outer loop
    vertex 609.6812889736457 91.47384179030723 -3.0
    vertex 609.4689477472984 94.7663100355767 -2.9999999999999916
    vertex 609.9689477472984 94.76631003557662 -3.0
  endloop
endfacet
facet normal 0.0 5.5511151231257815e-17 -1.0
  outer loop
    vertex 609.6812889736457 91.47384179030723 -3.0
    vertex 609.9689477472984 94.76631003557662 -3.0
    vertex 610.4156468883992 89.98077612964383 -3.00000000000002
  endloop
endfacet
facet normal 0.9958915928988537 0.09053559935444028 -0.0018001230280800043
  outer loop
    vertex 604.4689477472984 122.26631003557664 1.4099832412739488e-14
    vertex 606.9689477472984 94.76631003557665 1.127986593019159e-14
    vertex 604.6180705543161 120.5663100355766 -2.9999999999999862
  endloop
endfacet
facet normal 0.9961747239492189 0.08738374771487825 1.0408340855860843e-17
  outer loop
    vertex 604.4689477472984 122.26631003557664 1.4099832412739488e-14
    vertex 604.6180705543161 120.5663100355766 -2.9999999999999862
    vertex 604.4689477472984 122.26631003557664 -3.0
  endloop
endfacet
facet normal 0.9958743123469916 0.09074334139432347 -3.469446951953614e-18
  outer loop
    vertex 606.9689477472984 94.76631003557665 -6.000000000000009
    vertex 604.6180705543161 120.5663100355766 -2.9999999999999862
    vertex 606.9689477472984 94.76631003557665 1.127986593019159e-14
  endloop
endfacet
facet normal 0.9958743123469916 0.09074334139432347 -3.469446951953614e-18
  outer loop
    vertex 604.6180705543161 120.5663100355766 -2.9999999999999862
    vertex 606.9689477472984 94.76631003557665 -6.000000000000009
    vertex 604.6180705543161 120.56631003557656 -6.000000000000003
  endloop
endfacet
facet normal -0.995893206467704 0.0905357460425176 0.0
  outer loop
    vertex 624.4689477472984 122.26631003557664 -3.0
    vertex 621.9689477472984 94.76631003557665 1.127986593019159e-14
    vertex 624.4689477472984 122.26631003557664 1.4099832412739488e-14
  endloop
endfacet
facet normal -0.9957523976751711 0.087346701550488 -0.029115567183174654
  outer loop
    vertex 624.4689477472984 122.26631003557664 -3.0
    vertex 624.3198249402808 120.5663100355766 -2.9999999999999862
    vertex 621.9689477472984 94.76631003557665 1.127986593019159e-14
  endloop
endfacet
facet normal 0.0 -5.5511151231257815e-17 1.0
  outer loop
    vertex 613.5030219210093 102.52512908067918 -2.9999999999999862
    vertex 613.4689477472984 120.5663100355766 -2.9999999999999862
    vertex 613.4689477472984 102.26631003557662 -2.9999999999999947
  endloop
endfacet
facet normal 0.0 -5.5511151231257815e-17 1.0
  outer loop
    vertex 613.4689477472984 120.5663100355766 -2.9999999999999862
    vertex 613.4689477472984 122.26631003557664 -3.0
    vertex 604.6180705543161 120.5663100355766 -2.9999999999999862
  endloop
endfacet
facet normal 0.0 -5.5511151231257815e-17 1.0
  outer loop
    vertex 613.4689477472984 122.26631003557664 -3.0
    vertex 613.4689477472984 120.5663100355766 -2.9999999999999862
    vertex 613.5030219210093 122.0074909904741 -3.000000000000003
  endloop
endfacet
facet normal 0.0 -5.5511151231257815e-17 1.0
  outer loop
    vertex 613.5030219210093 122.0074909904741 -3.000000000000003
    vertex 613.4689477472984 120.5663100355766 -2.9999999999999862
    vertex 613.5030219210093 102.52512908067918 -2.9999999999999862
  endloop
endfacet
facet normal 0.0 -5.5511151231257815e-17 1.0
  outer loop
    vertex 613.5030219210093 122.0074909904741 -3.000000000000003
    vertex 613.5030219210093 102.52512908067918 -2.9999999999999862
    vertex 613.6029223435139 102.76631003557662 -3.0000000000000058
  endloop
endfacet
facet normal 0.0 -5.5511151231257815e-17 1.0
  outer loop
    vertex 613.5030219210093 122.0074909904741 -3.000000000000003
    vertex 613.6029223435139 102.76631003557662 -3.0000000000000058
    vertex 613.6029223435139 121.76631003557665 -3.0000000000000084
  endloop
endfacet
facet normal 0.0 -5.5511151231257815e-17 1.0
  outer loop
    vertex 613.6029223435139 121.76631003557665 -3.0000000000000084
    vertex 613.6029223435139 102.76631003557662 -3.0000000000000058
    vertex 613.7618409661119 102.97341681676318 -2.9999999999999916
  endloop
endfacet
facet normal 0.0 -5.5511151231257815e-17 1.0
  outer loop
    vertex 613.6029223435139 121.76631003557665 -3.0000000000000084
    vertex 613.7618409661119 102.97341681676318 -2.9999999999999916
    vertex 613.7618409661119 121.55920325439008 -2.9999999999999916
  endloop
endfacet
facet normal 0.0 -5.5511151231257815e-17 1.0
  outer loop
    vertex 613.7618409661119 121.55920325439008 -2.9999999999999916
    vertex 613.7618409661119 102.97341681676318 -2.9999999999999916
    vertex 613.9689477472984 121.4002846317922 -3.0000000000000084
  endloop
endfacet
facet normal 0.0 -5.5511151231257815e-17 1.0
  outer loop
    vertex 613.9689477472984 121.4002846317922 -3.0000000000000084
    vertex 613.7618409661119 102.97341681676318 -2.9999999999999916
    vertex 613.9689477472984 103.13233543936107 -3.0000000000000253
  endloop
endfacet
facet normal 0.0 -5.5511151231257815e-17 1.0
  outer loop
    vertex 613.9689477472984 121.4002846317922 -3.0000000000000084
    vertex 613.9689477472984 103.13233543936107 -3.0000000000000253
    vertex 614.2101287021959 103.2322358618657 -3.00000000000002
  endloop
endfacet
facet normal 0.0 -5.5511151231257815e-17 1.0
  outer loop
    vertex 613.9689477472984 121.4002846317922 -3.0000000000000084
    vertex 614.2101287021959 103.2322358618657 -3.00000000000002
    vertex 614.2101287021959 121.3003842092875 -3.000000000000003
  endloop
endfacet
facet normal 0.0 -5.5511151231257815e-17 1.0
  outer loop
    vertex 614.2101287021959 121.3003842092875 -3.000000000000003
    vertex 614.2101287021959 103.2322358618657 -3.00000000000002
    vertex 614.4689477472984 103.26631003557662 -3.000000000000003
  endloop
endfacet
facet normal 0.0 -5.5511151231257815e-17 1.0
  outer loop
    vertex 614.2101287021959 121.3003842092875 -3.000000000000003
    vertex 614.4689477472984 103.26631003557662 -3.000000000000003
    vertex 614.4689477472984 121.26631003557664 -2.9999999999999973
  endloop
endfacet
facet normal 0.0 -5.5511151231257815e-17 1.0
  outer loop
    vertex 614.4689477472984 121.26631003557664 -2.9999999999999973
    vertex 614.4689477472984 103.26631003557662 -3.000000000000003
    vertex 614.727766792401 103.23223586186573 -3.0000000000000084
  endloop
endfacet
facet normal 0.0 -5.5511151231257815e-17 1.0
  outer loop
    vertex 614.4689477472984 121.26631003557664 -2.9999999999999973
    vertex 614.727766792401 103.23223586186573 -3.0000000000000084
    vertex 614.727766792401 121.3003842092875 -3.000000000000003
  endloop
endfacet
facet normal 0.0 -5.5511151231257815e-17 1.0
  outer loop
    vertex 614.727766792401 121.3003842092875 -3.000000000000003
    vertex 614.727766792401 103.23223586186573 -3.0000000000000084
    vertex 614.9689477472984 103.13233543936107 -3.0000000000000253
  endloop
endfacet
facet normal 0.0 -5.5511151231257815e-17 1.0
  outer loop
    vertex 614.727766792401 121.3003842092875 -3.000000000000003
    vertex 614.9689477472984 103.13233543936107 -3.0000000000000253
    vertex 614.9689477472984 121.4002846317922 -3.0000000000000084
  endloop
endfacet
facet normal 0.0 -5.5511151231257815e-17 1.0
  outer loop
    vertex 614.9689477472984 121.4002846317922 -3.0000000000000084
    vertex 614.9689477472984 103.13233543936107 -3.0000000000000253
    vertex 615.1760545284849 102.97341681676318 -2.9999999999999916
  endloop
endfacet
facet normal 0.0 -5.5511151231257815e-17 1.0
  outer loop
    vertex 614.9689477472984 121.4002846317922 -3.0000000000000084
    vertex 615.1760545284849 102.97341681676318 -2.9999999999999916
    vertex 615.1760545284849 121.55920325439008 -2.9999999999999916
  endloop
endfacet
facet normal 0.0 -5.5511151231257815e-17 1.0
  outer loop
    vertex 615.1760545284849 121.55920325439008 -2.9999999999999916
    vertex 615.1760545284849 102.97341681676318 -2.9999999999999916
    vertex 615.3349731510829 102.76631003557662 -3.0000000000000058
  endloop
endfacet
facet normal 0.0 -5.5511151231257815e-17 1.0
  outer loop
    vertex 615.1760545284849 121.55920325439008 -2.9999999999999916
    vertex 615.3349731510829 102.76631003557662 -3.0000000000000058
    vertex 615.3349731510829 121.76631003557665 -3.0000000000000084
  endloop
endfacet
facet normal 0.0 -5.5511151231257815e-17 1.0
  outer loop
    vertex 615.3349731510829 121.76631003557665 -3.0000000000000084
    vertex 615.3349731510829 102.76631003557662 -3.0000000000000058
    vertex 615.4348735735874 122.0074909904741 -3.000000000000003
  endloop
endfacet
facet normal 0.0 -5.5511151231257815e-17 1.0
  outer loop
    vertex 615.4348735735874 122.0074909904741 -3.000000000000003
    vertex 615.3349731510829 102.76631003557662 -3.0000000000000058
    vertex 615.4348735735874 102.52512908067918 -2.9999999999999862
  endloop
endfacet
facet normal 0.0 -5.5511151231257815e-17 1.0
  outer loop
    vertex 615.4348735735874 122.0074909904741 -3.000000000000003
    vertex 615.4348735735874 102.52512908067918 -2.9999999999999862
    vertex 615.4689477472984 102.26631003557662 -2.9999999999999947
  endloop
endfacet
facet normal 0.0 -5.5511151231257815e-17 1.0
  outer loop
    vertex 615.4348735735874 122.0074909904741 -3.000000000000003
    vertex 615.4689477472984 102.26631003557662 -2.9999999999999947
    vertex 615.4689477472983 122.26631003557664 -3.0
  endloop
endfacet
facet normal 0.0 -5.5511151231257815e-17 1.0
  outer loop
    vertex 604.6180705543161 120.5663100355766 -2.9999999999999862
    vertex 604.4689477472984 127.26631003557662 -2.999999999999989
    vertex 604.4689477472984 122.26631003557664 -3.0
  endloop
endfacet
facet normal 0.0 -5.5511151231257815e-17 1.0
  outer loop
    vertex 604.4689477472984 127.26631003557662 -2.999999999999989
    vertex 604.6180705543161 120.5663100355766 -2.9999999999999862
    vertex 614.4689477472983 127.26631003557662 -2.999999999999989
  endloop
endfacet
facet normal 0.0 -5.5511151231257815e-17 1.0
  outer loop
    vertex 614.4689477472983 127.26631003557662 -2.999999999999989
    vertex 604.6180705543161 120.5663100355766 -2.9999999999999862
    vertex 613.5030219210093 122.52512908067916 -2.9999999999999467
  endloop
endfacet
facet normal 0.0 -5.5511151231257815e-17 1.0
  outer loop
    vertex 613.5030219210093 122.52512908067916 -2.9999999999999467
    vertex 604.6180705543161 120.5663100355766 -2.9999999999999862
    vertex 613.4689477472984 122.26631003557664 -3.0
  endloop
endfacet
facet normal 0.0 -5.5511151231257815e-17 1.0
  outer loop
    vertex 614.4689477472983 127.26631003557662 -2.999999999999989
    vertex 613.5030219210093 122.52512908067916 -2.9999999999999467
    vertex 613.6029223435139 122.76631003557661 -2.9999999999999973
  endloop
endfacet
facet normal 0.0 -5.5511151231257815e-17 1.0
  outer loop
    vertex 614.4689477472983 127.26631003557662 -2.999999999999989
    vertex 613.6029223435139 122.76631003557661 -2.9999999999999973
    vertex 613.7618409661119 122.97341681676318 -3.000000000000003
  endloop
endfacet
facet normal 0.0 -5.5511151231257815e-17 1.0
  outer loop
    vertex 614.4689477472983 127.26631003557662 -2.999999999999989
    vertex 613.7618409661119 122.97341681676318 -3.000000000000003
    vertex 613.9689477472984 123.13233543936101 -3.000000000000003
  endloop
endfacet
facet normal 0.0 -5.5511151231257815e-17 1.0
  outer loop
    vertex 614.4689477472983 127.26631003557662 -2.999999999999989
    vertex 613.9689477472984 123.13233543936101 -3.000000000000003
    vertex 614.2101287021959 123.23223586186572 -3.000000000000003
  endloop
endfacet
facet normal 0.0 -5.5511151231257815e-17 1.0
  outer loop
    vertex 614.4689477472983 127.26631003557662 -2.999999999999989
    vertex 614.2101287021959 123.23223586186572 -3.000000000000003
    vertex 614.4689477472984 123.26631003557662 -2.9999999999999916
  endloop
endfacet
facet normal 0.0 -5.5511151231257815e-17 1.0
  outer loop
    vertex 614.4689477472983 127.26631003557662 -2.999999999999989
    vertex 614.4689477472984 123.26631003557662 -2.9999999999999916
    vertex 624.4689477472984 127.26631003557662 -2.999999999999989
  endloop
endfacet
facet normal 0.0 -5.5511151231257815e-17 1.0
  outer loop
    vertex 624.4689477472984 127.26631003557662 -2.999999999999989
    vertex 614.4689477472984 123.26631003557662 -2.9999999999999916
    vertex 614.727766792401 123.23223586186572 -3.000000000000003
  endloop
endfacet
facet normal 0.0 -5.5511151231257815e-17 1.0
  outer loop
    vertex 624.4689477472984 127.26631003557662 -2.999999999999989
    vertex 614.727766792401 123.23223586186572 -3.000000000000003
    vertex 614.9689477472984 123.13233543936101 -3.000000000000003
  endloop
endfacet
facet normal 0.0 -5.5511151231257815e-17 1.0
  outer loop
    vertex 624.4689477472984 127.26631003557662 -2.999999999999989
    vertex 614.9689477472984 123.13233543936101 -3.000000000000003
    vertex 615.1760545284849 122.97341681676318 -3.000000000000003
  endloop
endfacet
facet normal 0.0 -5.5511151231257815e-17 1.0
  outer loop
    vertex 624.4689477472984 127.26631003557662 -2.999999999999989
    vertex 615.1760545284849 122.97341681676318 -3.000000000000003
    vertex 615.3349731510829 122.76631003557661 -2.9999999999999973
  endloop
endfacet
facet normal 0.0 -5.5511151231257815e-17 1.0
  outer loop
    vertex 624.4689477472984 127.26631003557662 -2.999999999999989
    vertex 615.3349731510829 122.76631003557661 -2.9999999999999973
    vertex 615.4348735735874 122.52512908067916 -2.9999999999999862
  endloop
endfacet
facet normal 0.0 -5.5511151231257815e-17 1.0
  outer loop
    vertex 624.4689477472984 127.26631003557662 -2.999999999999989
    vertex 615.4348735735874 122.52512908067916 -2.9999999999999862
    vertex 615.4689477472983 122.26631003557664 -3.0
  endloop
endfacet
facet normal 0.0 -5.5511151231257815e-17 1.0
  outer loop
    vertex 624.4689477472984 127.26631003557662 -2.999999999999989
    vertex 615.4689477472983 122.26631003557664 -3.0
    vertex 615.4689477472984 120.5663100355766 -2.9999999999999862
  endloop
endfacet
facet normal 0.0 -5.5511151231257815e-17 1.0
  outer loop
    vertex 615.4689477472984 120.5663100355766 -2.9999999999999862
    vertex 615.4689477472983 122.26631003557664 -3.0
    vertex 615.4689477472984 102.26631003557662 -2.9999999999999947
  endloop
endfacet
facet normal 0.0 -5.5511151231257815e-17 1.0
  outer loop
    vertex 624.4689477472984 127.26631003557662 -2.999999999999989
    vertex 615.4689477472984 120.5663100355766 -2.9999999999999862
    vertex 624.3198249402808 120.5663100355766 -2.9999999999999862
  endloop
endfacet
facet normal 0.0 -5.5511151231257815e-17 1.0
  outer loop
    vertex 624.4689477472984 127.26631003557662 -2.999999999999989
    vertex 624.3198249402808 120.5663100355766 -2.9999999999999862
    vertex 624.4689477472984 122.26631003557664 -3.0
  endloop
endfacet
facet normal -0.9958743123469916 0.09074334139432347 -3.469446951953614e-18
  outer loop
    vertex 624.3198249402808 120.5663100355766 -2.9999999999999862
    vertex 621.9689477472984 94.76631003557665 -6.000000000000009
    vertex 621.9689477472984 94.76631003557665 1.127986593019159e-14
  endloop
endfacet
facet normal -0.9958743123469916 0.09074334139432347 -3.469446951953614e-18
  outer loop
    vertex 621.9689477472984 94.76631003557665 -6.000000000000009
    vertex 624.3198249402808 120.5663100355766 -2.9999999999999862
    vertex 624.3198249402808 120.56631003557656 -6.000000000000003
  endloop
endfacet
facet normal -8.265096338841528e-31 -5.5511151231257815e-17 1.0
  outer loop
    vertex 609.6812889736457 91.47384179030722 -5.999999999999997
    vertex 609.4689477472984 94.76631003557668 -6.000000000000009
    vertex 609.3583875266136 93.10609828654736 -5.9999999999999805
  endloop
endfacet
facet normal -8.265096338841528e-31 -5.5511151231257815e-17 1.0
  outer loop
    vertex 609.4689477472984 94.76631003557668 -6.000000000000009
    vertex 609.6812889736457 91.47384179030722 -5.999999999999997
    vertex 609.4689477472984 103.86631003557653 -6.000000000000003
  endloop
endfacet
facet normal -8.265096338841528e-31 -5.5511151231257815e-17 1.0
  outer loop
    vertex 609.4689477472984 103.86631003557653 -6.000000000000003
    vertex 609.6812889736457 91.47384179030722 -5.999999999999997
    vertex 609.9607039329932 103.9310509656273 -6.000000000000026
  endloop
endfacet
facet normal -8.265096338841528e-31 -5.5511151231257815e-17 1.0
  outer loop
    vertex 609.9607039329932 103.9310509656273 -6.000000000000026
    vertex 609.6812889736457 91.47384179030722 -5.999999999999997
    vertex 610.4156468883992 89.98077612964383 -6.000000000000003
  endloop
endfacet
facet normal -8.265096338841528e-31 -5.5511151231257815e-17 1.0
  outer loop
    vertex 609.9607039329932 103.9310509656273 -6.000000000000026
    vertex 610.4156468883992 89.98077612964383 -6.000000000000003
    vertex 610.4189477472984 104.12086176838612 -5.999999999999992
  endloop
endfacet
facet normal -8.265096338841528e-31 -5.5511151231257815e-17 1.0
  outer loop
    vertex 610.4189477472984 104.12086176838612 -5.999999999999992
    vertex 610.4156468883992 89.98077612964383 -6.000000000000003
    vertex 611.511415992568 88.72865126192389 -6.000000000000009
  endloop
endfacet
facet normal -8.265096338841528e-31 -5.5511151231257815e-17 1.0
  outer loop
    vertex 610.4189477472984 104.12086176838612 -5.999999999999992
    vertex 611.511415992568 88.72865126192389 -6.000000000000009
    vertex 610.8124506315529 104.42280715132209 -6.00000000000002
  endloop
endfacet
facet normal -8.265096338841528e-31 -5.5511151231257815e-17 1.0
  outer loop
    vertex 610.8124506315529 104.42280715132209 -6.00000000000002
    vertex 611.511415992568 88.72865126192389 -6.000000000000009
    vertex 611.1143960144888 104.81631003557649 -5.999999999999997
  endloop
endfacet
facet normal -8.265096338841528e-31 -5.5511151231257815e-17 1.0
  outer loop
    vertex 611.1143960144888 104.81631003557649 -5.999999999999997
    vertex 611.511415992568 88.72865126192389 -6.000000000000009
    vertex 611.3042068172476 105.27455384988178 -5.999999999999992
  endloop
endfacet
facet normal -8.265096338841528e-31 -5.5511151231257815e-17 1.0
  outer loop
    vertex 611.3042068172476 105.27455384988178 -5.999999999999992
    vertex 611.511415992568 88.72865126192389 -6.000000000000009
    vertex 611.3689477472983 105.76631003557655 -6.000000000000003
  endloop
endfacet
facet normal -8.265096338841528e-31 -5.5511151231257815e-17 1.0
  outer loop
    vertex 611.3689477472983 105.76631003557655 -6.000000000000003
    vertex 611.511415992568 88.72865126192389 -6.000000000000009
    vertex 611.4007993998765 117.2486719453715 -6.000000000000009
  endloop
endfacet
facet normal -8.265096338841528e-31 -5.5511151231257815e-17 1.0
  outer loop
    vertex 611.4007993998765 117.2486719453715 -6.000000000000009
    vertex 611.511415992568 88.72865126192389 -6.000000000000009
    vertex 611.4689477472983 117.76631003557652 -5.999999999999992
  endloop
endfacet
facet normal -8.265096338841528e-31 -5.5511151231257815e-17 1.0
  outer loop
    vertex 604.6180705543161 120.56631003557656 -6.000000000000003
    vertex 608.9513096570934 119.6981616881547 -6.000000000000037
    vertex 613.4689477472984 120.56631003557656 -6.000000000000003
  endloop
endfacet
facet normal -8.265096338841528e-31 -5.5511151231257815e-17 1.0
  outer loop
    vertex 608.9513096570934 119.6981616881547 -6.000000000000037
    vertex 604.6180705543161 120.56631003557656 -6.000000000000003
    vertex 608.4689477472983 119.49836084314539 -5.9999999999999805
  endloop
endfacet
facet normal -8.265096338841528e-31 -5.5511151231257815e-17 1.0
  outer loop
    vertex 608.4689477472983 119.49836084314539 -5.9999999999999805
    vertex 604.6180705543161 120.56631003557656 -6.000000000000003
    vertex 608.0547341849252 119.18052359794963 -6.000000000000009
  endloop
endfacet
facet normal -8.265096338841528e-31 -5.5511151231257815e-17 1.0
  outer loop
    vertex 608.0547341849252 119.18052359794963 -6.000000000000009
    vertex 604.6180705543161 120.56631003557656 -6.000000000000003
    vertex 607.7368969397295 118.76631003557652 -5.999999999999997
  endloop
endfacet
facet normal -8.265096338841528e-31 -5.5511151231257815e-17 1.0
  outer loop
    vertex 607.7368969397295 118.76631003557652 -5.999999999999997
    vertex 604.6180705543161 120.56631003557656 -6.000000000000003
    vertex 607.5370960947203 118.28394812578159 -6.000000000000009
  endloop
endfacet
facet normal -8.265096338841528e-31 -5.5511151231257815e-17 1.0
  outer loop
    vertex 607.5370960947203 118.28394812578159 -6.000000000000009
    vertex 604.6180705543161 120.56631003557656 -6.000000000000003
    vertex 607.4689477472983 117.76631003557652 -5.999999999999992
  endloop
endfacet
facet normal -8.265096338841528e-31 -5.5511151231257815e-17 1.0
  outer loop
    vertex 607.4689477472983 117.76631003557652 -5.999999999999992
    vertex 604.6180705543161 120.56631003557656 -6.000000000000003
    vertex 606.9689477472984 94.76631003557665 -6.000000000000009
  endloop
endfacet
facet normal -8.265096338841528e-31 -5.5511151231257815e-17 1.0
  outer loop
    vertex 613.4689477472984 120.56631003557656 -6.000000000000003
    vertex 608.9513096570934 119.6981616881547 -6.000000000000037
    vertex 609.4689477472984 119.76631003557652 -6.000000000000003
  endloop
endfacet
facet normal -8.265096338841528e-31 -5.5511151231257815e-17 1.0
  outer loop
    vertex 613.4689477472984 120.56631003557656 -6.000000000000003
    vertex 609.4689477472984 119.76631003557652 -6.000000000000003
    vertex 609.9865858375034 119.6981616881547 -6.000000000000037
  endloop
endfacet
facet normal -8.265096338841528e-31 -5.5511151231257815e-17 1.0
  outer loop
    vertex 613.4689477472984 120.56631003557656 -6.000000000000003
    vertex 609.9865858375034 119.6981616881547 -6.000000000000037
    vertex 610.4689477472983 119.49836084314539 -5.9999999999999805
  endloop
endfacet
facet normal -8.265096338841528e-31 -5.5511151231257815e-17 1.0
  outer loop
    vertex 613.4689477472984 120.56631003557656 -6.000000000000003
    vertex 610.4689477472983 119.49836084314539 -5.9999999999999805
    vertex 610.8831613096714 119.18052359794963 -6.000000000000009
  endloop
endfacet
facet normal -8.265096338841528e-31 -5.5511151231257815e-17 1.0
  outer loop
    vertex 613.4689477472984 120.56631003557656 -6.000000000000003
    vertex 610.8831613096714 119.18052359794963 -6.000000000000009
    vertex 611.2009985548672 118.76631003557652 -5.999999999999997
  endloop
endfacet
facet normal -8.265096338841528e-31 -5.5511151231257815e-17 1.0
  outer loop
    vertex 613.4689477472984 120.56631003557656 -6.000000000000003
    vertex 611.2009985548672 118.76631003557652 -5.999999999999997
    vertex 611.4007993998765 118.28394812578159 -6.000000000000009
  endloop
endfacet
facet normal -8.265096338841528e-31 -5.5511151231257815e-17 1.0
  outer loop
    vertex 613.4689477472984 120.56631003557656 -6.000000000000003
    vertex 611.4007993998765 118.28394812578159 -6.000000000000009
    vertex 611.4689477472983 117.76631003557652 -5.999999999999992
  endloop
endfacet
facet normal -8.265096338841528e-31 -5.5511151231257815e-17 1.0
  outer loop
    vertex 613.4689477472984 120.56631003557656 -6.000000000000003
    vertex 611.4689477472983 117.76631003557652 -5.999999999999992
    vertex 611.511415992568 88.72865126192389 -6.000000000000009
  endloop
endfacet
facet normal -8.265096338841528e-31 -5.5511151231257815e-17 1.0
  outer loop
    vertex 613.4689477472984 120.56631003557656 -6.000000000000003
    vertex 611.511415992568 88.72865126192389 -6.000000000000009
    vertex 612.8939214325464 87.80279742764806 -5.999999999999997
  endloop
endfacet
facet normal -8.265096338841528e-31 -5.5511151231257815e-17 1.0
  outer loop
    vertex 613.4689477472984 120.56631003557656 -6.000000000000003
    vertex 612.8939214325464 87.80279742764806 -5.999999999999997
    vertex 613.4689477472984 102.26631003557662 -5.999999999999992
  endloop
endfacet
facet normal -8.265096338841528e-31 -5.5511151231257815e-17 1.0
  outer loop
    vertex 607.5689477472982 105.76631003557655 -6.000000000000003
    vertex 607.7368969397295 116.76631003557652 -5.999999999999992
    vertex 607.5370960947203 117.2486719453715 -6.000000000000009
  endloop
endfacet
facet normal -8.265096338841528e-31 -5.5511151231257815e-17 1.0
  outer loop
    vertex 607.7368969397295 116.76631003557652 -5.999999999999992
    vertex 607.5689477472982 105.76631003557655 -6.000000000000003
    vertex 607.6336886773491 106.25806622127136 -6.000000000000003
  endloop
endfacet
facet normal -8.265096338841528e-31 -5.5511151231257815e-17 1.0
  outer loop
    vertex 607.7368969397295 116.76631003557652 -5.999999999999992
    vertex 607.6336886773491 106.25806622127136 -6.000000000000003
    vertex 607.8234994801079 106.7163100355766 -6.000000000000009
  endloop
endfacet
facet normal -8.265096338841528e-31 -5.5511151231257815e-17 1.0
  outer loop
    vertex 607.7368969397295 116.76631003557652 -5.999999999999992
    vertex 607.8234994801079 106.7163100355766 -6.000000000000009
    vertex 608.0547341849252 116.35209647320343 -5.999999999999997
  endloop
endfacet
facet normal -8.265096338841528e-31 -5.5511151231257815e-17 1.0
  outer loop
    vertex 608.0547341849252 116.35209647320343 -5.999999999999997
    vertex 607.8234994801079 106.7163100355766 -6.000000000000009
    vertex 608.1254448630439 107.10981291983097 -6.000000000000003
  endloop
endfacet
facet normal -8.265096338841528e-31 -5.5511151231257815e-17 1.0
  outer loop
    vertex 608.0547341849252 116.35209647320343 -5.999999999999997
    vertex 608.1254448630439 107.10981291983097 -6.000000000000003
    vertex 608.4689477472983 116.03425922800761 -5.999999999999997
  endloop
endfacet
facet normal -8.265096338841528e-31 -5.5511151231257815e-17 1.0
  outer loop
    vertex 608.4689477472983 116.03425922800761 -5.999999999999997
    vertex 608.1254448630439 107.10981291983097 -6.000000000000003
    vertex 608.5189477472983 107.41175830276691 -6.000000000000003
  endloop
endfacet
facet normal -8.265096338841528e-31 -5.5511151231257815e-17 1.0
  outer loop
    vertex 608.4689477472983 116.03425922800761 -5.999999999999997
    vertex 608.5189477472983 107.41175830276691 -6.000000000000003
    vertex 608.9513096570934 115.8344583829984 -5.999999999999986
  endloop
endfacet
facet normal -8.265096338841528e-31 -5.5511151231257815e-17 1.0
  outer loop
    vertex 608.9513096570934 115.8344583829984 -5.999999999999986
    vertex 608.5189477472983 107.41175830276691 -6.000000000000003
    vertex 608.9771915616035 107.6015691055258 -5.999999999999992
  endloop
endfacet
facet normal -8.265096338841528e-31 -5.5511151231257815e-17 1.0
  outer loop
    vertex 608.9513096570934 115.8344583829984 -5.999999999999986
    vertex 608.9771915616035 107.6015691055258 -5.999999999999992
    vertex 609.4689477472984 115.76631003557658 -6.000000000000003
  endloop
endfacet
facet normal -8.265096338841528e-31 -5.5511151231257815e-17 1.0
  outer loop
    vertex 609.4689477472984 115.76631003557658 -6.000000000000003
    vertex 608.9771915616035 107.6015691055258 -5.999999999999992
    vertex 609.4689477472984 107.66631003557657 -6.000000000000009
  endloop
endfacet
facet normal -8.265096338841528e-31 -5.5511151231257815e-17 1.0
  outer loop
    vertex 609.4689477472984 115.76631003557658 -6.000000000000003
    vertex 609.4689477472984 107.66631003557657 -6.000000000000009
    vertex 609.9607039329932 107.6015691055258 -5.999999999999992
  endloop
endfacet
facet normal -8.265096338841528e-31 -5.5511151231257815e-17 1.0
  outer loop
    vertex 609.4689477472984 115.76631003557658 -6.000000000000003
    vertex 609.9607039329932 107.6015691055258 -5.999999999999992
    vertex 609.9865858375034 115.8344583829984 -5.999999999999986
  endloop
endfacet
facet normal -8.265096338841528e-31 -5.5511151231257815e-17 1.0
  outer loop
    vertex 609.9865858375034 115.8344583829984 -5.999999999999986
    vertex 609.9607039329932 107.6015691055258 -5.999999999999992
    vertex 610.4189477472984 107.41175830276696 -6.000000000000003
  endloop
endfacet
facet normal -8.265096338841528e-31 -5.5511151231257815e-17 1.0
  outer loop
    vertex 609.9865858375034 115.8344583829984 -5.999999999999986
    vertex 610.4189477472984 107.41175830276696 -6.000000000000003
    vertex 610.4689477472983 116.03425922800761 -5.999999999999997
  endloop
endfacet
facet normal -8.265096338841528e-31 -5.5511151231257815e-17 1.0
  outer loop
    vertex 610.4689477472983 116.03425922800761 -5.999999999999997
    vertex 610.4189477472984 107.41175830276696 -6.000000000000003
    vertex 610.8124506315529 107.10981291983097 -6.000000000000003
  endloop
endfacet
facet normal -8.265096338841528e-31 -5.5511151231257815e-17 1.0
  outer loop
    vertex 610.4689477472983 116.03425922800761 -5.999999999999997
    vertex 610.8124506315529 107.10981291983097 -6.000000000000003
    vertex 610.8831613096714 116.35209647320343 -5.999999999999997
  endloop
endfacet
facet normal -8.265096338841528e-31 -5.5511151231257815e-17 1.0
  outer loop
    vertex 610.8831613096714 116.35209647320343 -5.999999999999997
    vertex 610.8124506315529 107.10981291983097 -6.000000000000003
    vertex 611.1143960144888 106.7163100355766 -6.000000000000009
  endloop
endfacet
facet normal -8.265096338841528e-31 -5.5511151231257815e-17 1.0
  outer loop
    vertex 610.8831613096714 116.35209647320343 -5.999999999999997
    vertex 611.1143960144888 106.7163100355766 -6.000000000000009
    vertex 611.2009985548672 116.76631003557652 -5.999999999999992
  endloop
endfacet
facet normal -8.265096338841528e-31 -5.5511151231257815e-17 1.0
  outer loop
    vertex 611.2009985548672 116.76631003557652 -5.999999999999992
    vertex 611.1143960144888 106.7163100355766 -6.000000000000009
    vertex 611.3042068172476 106.25806622127136 -6.000000000000003
  endloop
endfacet
facet normal -8.265096338841528e-31 -5.5511151231257815e-17 1.0
  outer loop
    vertex 611.2009985548672 116.76631003557652 -5.999999999999992
    vertex 611.3042068172476 106.25806622127136 -6.000000000000003
    vertex 611.4007993998765 117.2486719453715 -6.000000000000009
  endloop
endfacet
facet normal -8.265096338841528e-31 -5.5511151231257815e-17 1.0
  outer loop
    vertex 611.4007993998765 117.2486719453715 -6.000000000000009
    vertex 611.3042068172476 106.25806622127136 -6.000000000000003
    vertex 611.3689477472983 105.76631003557655 -6.000000000000003
  endloop
endfacet
facet normal -8.265096338841528e-31 -5.5511151231257815e-17 1.0
  outer loop
    vertex 606.9689477472984 94.76631003557665 -6.000000000000009
    vertex 607.5689477472982 105.76631003557655 -6.000000000000003
    vertex 607.4689477472983 117.76631003557652 -5.999999999999992
  endloop
endfacet
facet normal -8.265096338841528e-31 -5.5511151231257815e-17 1.0
  outer loop
    vertex 607.5689477472982 105.76631003557655 -6.000000000000003
    vertex 606.9689477472984 94.76631003557665 -6.000000000000009
    vertex 607.6336886773491 105.27455384988178 -5.999999999999992
  endloop
endfacet
facet normal -8.265096338841528e-31 -5.5511151231257815e-17 1.0
  outer loop
    vertex 607.6336886773491 105.27455384988178 -5.999999999999992
    vertex 606.9689477472984 94.76631003557665 -6.000000000000009
    vertex 609.4689477472984 94.76631003557668 -6.000000000000009
  endloop
endfacet
facet normal -8.265096338841528e-31 -5.5511151231257815e-17 1.0
  outer loop
    vertex 607.4689477472983 117.76631003557652 -5.999999999999992
    vertex 607.5689477472982 105.76631003557655 -6.000000000000003
    vertex 607.5370960947203 117.2486719453715 -6.000000000000009
  endloop
endfacet
facet normal -8.265096338841528e-31 -5.5511151231257815e-17 1.0
  outer loop
    vertex 607.6336886773491 105.27455384988178 -5.999999999999992
    vertex 609.4689477472984 94.76631003557668 -6.000000000000009
    vertex 607.8234994801079 104.81631003557649 -5.999999999999997
  endloop
endfacet
facet normal -8.265096338841528e-31 -5.5511151231257815e-17 1.0
  outer loop
    vertex 607.8234994801079 104.81631003557649 -5.999999999999997
    vertex 609.4689477472984 94.76631003557668 -6.000000000000009
    vertex 608.1254448630439 104.42280715132209 -6.00000000000002
  endloop
endfacet
facet normal -8.265096338841528e-31 -5.5511151231257815e-17 1.0
  outer loop
    vertex 608.1254448630439 104.42280715132209 -6.00000000000002
    vertex 609.4689477472984 94.76631003557668 -6.000000000000009
    vertex 608.5189477472983 104.12086176838612 -5.999999999999992
  endloop
endfacet
facet normal -8.265096338841528e-31 -5.5511151231257815e-17 1.0
  outer loop
    vertex 608.5189477472983 104.12086176838612 -5.999999999999992
    vertex 609.4689477472984 94.76631003557668 -6.000000000000009
    vertex 608.9771915616035 103.9310509656273 -6.000000000000026
  endloop
endfacet
facet normal -8.265096338841528e-31 -5.5511151231257815e-17 1.0
  outer loop
    vertex 608.9771915616035 103.9310509656273 -6.000000000000026
    vertex 609.4689477472984 94.76631003557668 -6.000000000000009
    vertex 609.4689477472984 103.86631003557653 -6.000000000000003
  endloop
endfacet
facet normal -8.265096338841528e-31 -5.5511151231257815e-17 1.0
  outer loop
    vertex 617.4264795020292 88.72865126192401 -6.000000000000009
    vertex 617.3689477472984 105.76631003557655 -6.000000000000003
    vertex 616.0439740620508 87.8027974276483 -6.000000000000003
  endloop
endfacet
facet normal -8.265096338841528e-31 -5.5511151231257815e-17 1.0
  outer loop
    vertex 617.3689477472984 105.76631003557655 -6.000000000000003
    vertex 617.4264795020292 88.72865126192401 -6.000000000000009
    vertex 617.4405035120914 105.22279004086127 -6.000000000000009
  endloop
endfacet
facet normal -8.265096338841528e-31 -5.5511151231257815e-17 1.0
  outer loop
    vertex 617.4405035120914 105.22279004086127 -6.000000000000009
    vertex 617.4264795020292 88.72865126192401 -6.000000000000009
    vertex 618.5222486061974 89.98077612964406 -5.999999999999992
  endloop
endfacet
facet normal -8.265096338841528e-31 -5.5511151231257815e-17 1.0
  outer loop
    vertex 617.4405035120914 105.22279004086127 -6.000000000000009
    vertex 618.5222486061974 89.98077612964406 -5.999999999999992
    vertex 617.6502943993512 104.71631003557651 -5.999999999999997
  endloop
endfacet
facet normal -8.265096338841528e-31 -5.5511151231257815e-17 1.0
  outer loop
    vertex 617.6502943993512 104.71631003557651 -5.999999999999997
    vertex 618.5222486061974 89.98077612964406 -5.999999999999992
    vertex 617.9840235068067 104.28138579508479 -6.000000000000009
  endloop
endfacet
facet normal -8.265096338841528e-31 -5.5511151231257815e-17 1.0
  outer loop
    vertex 617.9840235068067 104.28138579508479 -6.000000000000009
    vertex 618.5222486061974 89.98077612964406 -5.999999999999992
    vertex 618.4189477472985 103.9476566876292 -5.999999999999992
  endloop
endfacet
facet normal -8.265096338841528e-31 -5.5511151231257815e-17 1.0
  outer loop
    vertex 618.4189477472985 103.9476566876292 -5.999999999999992
    vertex 618.5222486061974 89.98077612964406 -5.999999999999992
    vertex 618.9254277525832 103.73786580036946 -6.000000000000009
  endloop
endfacet
facet normal -8.265096338841528e-31 -5.5511151231257815e-17 1.0
  outer loop
    vertex 618.9254277525832 103.73786580036946 -6.000000000000009
    vertex 618.5222486061974 89.98077612964406 -5.999999999999992
    vertex 619.2566065209511 91.47384179030745 -6.000000000000003
  endloop
endfacet
facet normal -8.265096338841528e-31 -5.5511151231257815e-17 1.0
  outer loop
    vertex 618.9254277525832 103.73786580036946 -6.000000000000009
    vertex 619.2566065209511 91.47384179030745 -6.000000000000003
    vertex 619.4689477472984 103.66631003557653 -6.00000000000002
  endloop
endfacet
facet normal -8.265096338841528e-31 -5.5511151231257815e-17 1.0
  outer loop
    vertex 619.4689477472984 103.66631003557653 -6.00000000000002
    vertex 619.2566065209511 91.47384179030745 -6.000000000000003
    vertex 619.4689477472988 94.76631003557692 -5.999999999999997
  endloop
endfacet
facet normal -8.265096338841528e-31 -5.5511151231257815e-17 1.0
  outer loop
    vertex 619.4689477472988 94.76631003557692 -5.999999999999997
    vertex 619.2566065209511 91.47384179030745 -6.000000000000003
    vertex 619.5795079679837 93.10609828654746 -6.000000000000009
  endloop
endfacet
facet normal -8.265096338841528e-31 -5.5511151231257815e-17 1.0
  outer loop
    vertex 617.6502943993512 106.81631003557658 -6.000000000000014
    vertex 617.4689477472984 117.76631003557652 -5.999999999999992
    vertex 617.4405035120914 106.30983003029186 -6.000000000000003
  endloop
endfacet
facet normal -8.265096338841528e-31 -5.5511151231257815e-17 1.0
  outer loop
    vertex 617.4689477472984 117.76631003557652 -5.999999999999992
    vertex 617.6502943993512 106.81631003557658 -6.000000000000014
    vertex 617.5370960947204 117.2486719453715 -6.000000000000009
  endloop
endfacet
facet normal -8.265096338841528e-31 -5.5511151231257815e-17 1.0
  outer loop
    vertex 617.5370960947204 117.2486719453715 -6.000000000000009
    vertex 617.6502943993512 106.81631003557658 -6.000000000000014
    vertex 617.7368969397296 116.76631003557652 -5.999999999999992
  endloop
endfacet
facet normal -8.265096338841528e-31 -5.5511151231257815e-17 1.0
  outer loop
    vertex 617.7368969397296 116.76631003557652 -5.999999999999992
    vertex 617.6502943993512 106.81631003557658 -6.000000000000014
    vertex 617.9840235068067 107.25123427606832 -6.000000000000003
  endloop
endfacet
facet normal -8.265096338841528e-31 -5.5511151231257815e-17 1.0
  outer loop
    vertex 617.7368969397296 116.76631003557652 -5.999999999999992
    vertex 617.9840235068067 107.25123427606832 -6.000000000000003
    vertex 618.0547341849253 116.35209647320343 -5.999999999999997
  endloop
endfacet
facet normal -8.265096338841528e-31 -5.5511151231257815e-17 1.0
  outer loop
    vertex 618.0547341849253 116.35209647320343 -5.999999999999997
    vertex 617.9840235068067 107.25123427606832 -6.000000000000003
    vertex 618.4189477472985 107.58496338352387 -5.999999999999992
  endloop
endfacet
facet normal -8.265096338841528e-31 -5.5511151231257815e-17 1.0
  outer loop
    vertex 618.0547341849253 116.35209647320343 -5.999999999999997
    vertex 618.4189477472985 107.58496338352387 -5.999999999999992
    vertex 618.4689477472986 116.03425922800761 -5.999999999999997
  endloop
endfacet
facet normal -8.265096338841528e-31 -5.5511151231257815e-17 1.0
  outer loop
    vertex 618.4689477472986 116.03425922800761 -5.999999999999997
    vertex 618.4189477472985 107.58496338352387 -5.999999999999992
    vertex 618.9254277525832 107.79475427078364 -6.000000000000009
  endloop
endfacet
facet normal -8.265096338841528e-31 -5.5511151231257815e-17 1.0
  outer loop
    vertex 618.4689477472986 116.03425922800761 -5.999999999999997
    vertex 618.9254277525832 107.79475427078364 -6.000000000000009
    vertex 618.9513096570934 115.8344583829984 -5.999999999999986
  endloop
endfacet
facet normal -8.265096338841528e-31 -5.5511151231257815e-17 1.0
  outer loop
    vertex 618.9513096570934 115.8344583829984 -5.999999999999986
    vertex 618.9254277525832 107.79475427078364 -6.000000000000009
    vertex 619.4689477472984 107.86631003557656 -5.999999999999992
  endloop
endfacet
facet normal -8.265096338841528e-31 -5.5511151231257815e-17 1.0
  outer loop
    vertex 618.9513096570934 115.8344583829984 -5.999999999999986
    vertex 619.4689477472984 107.86631003557656 -5.999999999999992
    vertex 619.4689477472984 115.76631003557658 -6.000000000000003
  endloop
endfacet
facet normal -8.265096338841528e-31 -5.5511151231257815e-17 1.0
  outer loop
    vertex 619.4689477472984 115.76631003557658 -6.000000000000003
    vertex 619.4689477472984 107.86631003557656 -5.999999999999992
    vertex 620.0124677420137 107.79475427078364 -6.000000000000009
  endloop
endfacet
facet normal -8.265096338841528e-31 -5.5511151231257815e-17 1.0
  outer loop
    vertex 619.4689477472984 115.76631003557658 -6.000000000000003
    vertex 620.0124677420137 107.79475427078364 -6.000000000000009
    vertex 619.9865858375035 115.8344583829984 -5.999999999999986
  endloop
endfacet
facet normal -8.265096338841528e-31 -5.5511151231257815e-17 1.0
  outer loop
    vertex 619.9865858375035 115.8344583829984 -5.999999999999986
    vertex 620.0124677420137 107.79475427078364 -6.000000000000009
    vertex 620.4689477472984 116.03425922800761 -5.999999999999997
  endloop
endfacet
facet normal -8.265096338841528e-31 -5.5511151231257815e-17 1.0
  outer loop
    vertex 620.4689477472984 116.03425922800761 -5.999999999999997
    vertex 620.0124677420137 107.79475427078364 -6.000000000000009
    vertex 620.5189477472984 107.58496338352387 -5.999999999999992
  endloop
endfacet
facet normal -8.265096338841528e-31 -5.5511151231257815e-17 1.0
  outer loop
    vertex 620.4689477472984 116.03425922800761 -5.999999999999997
    vertex 620.5189477472984 107.58496338352387 -5.999999999999992
    vertex 620.8831613096716 116.35209647320343 -5.999999999999997
  endloop
endfacet
facet normal -8.265096338841528e-31 -5.5511151231257815e-17 1.0
  outer loop
    vertex 620.8831613096716 116.35209647320343 -5.999999999999997
    vertex 620.5189477472984 107.58496338352387 -5.999999999999992
    vertex 620.9538719877902 107.25123427606832 -6.000000000000003
  endloop
endfacet
facet normal -8.265096338841528e-31 -5.5511151231257815e-17 1.0
  outer loop
    vertex 620.8831613096716 116.35209647320343 -5.999999999999997
    vertex 620.9538719877902 107.25123427606832 -6.000000000000003
    vertex 621.2009985548673 116.76631003557652 -5.999999999999992
  endloop
endfacet
facet normal -8.265096338841528e-31 -5.5511151231257815e-17 1.0
  outer loop
    vertex 621.2009985548673 116.76631003557652 -5.999999999999992
    vertex 620.9538719877902 107.25123427606832 -6.000000000000003
    vertex 621.2876010952458 106.81631003557658 -6.000000000000014
  endloop
endfacet
facet normal -8.265096338841528e-31 -5.5511151231257815e-17 1.0
  outer loop
    vertex 621.2009985548673 116.76631003557652 -5.999999999999992
    vertex 621.2876010952458 106.81631003557658 -6.000000000000014
    vertex 621.4007993998765 117.2486719453715 -6.000000000000009
  endloop
endfacet
facet normal -8.265096338841528e-31 -5.5511151231257815e-17 1.0
  outer loop
    vertex 621.4007993998765 117.2486719453715 -6.000000000000009
    vertex 621.2876010952458 106.81631003557658 -6.000000000000014
    vertex 621.4973919825055 106.30983003029186 -6.000000000000003
  endloop
endfacet
facet normal -8.265096338841528e-31 -5.5511151231257815e-17 1.0
  outer loop
    vertex 621.4007993998765 117.2486719453715 -6.000000000000009
    vertex 621.4973919825055 106.30983003029186 -6.000000000000003
    vertex 621.4689477472984 117.76631003557652 -5.999999999999992
  endloop
endfacet
facet normal -8.265096338841528e-31 -5.5511151231257815e-17 1.0
  outer loop
    vertex 619.4689477472988 94.76631003557692 -5.999999999999997
    vertex 620.0124677420138 103.73786580036946 -6.000000000000009
    vertex 619.4689477472984 103.66631003557653 -6.00000000000002
  endloop
endfacet
facet normal -8.265096338841528e-31 -5.5511151231257815e-17 1.0
  outer loop
    vertex 620.0124677420138 103.73786580036946 -6.000000000000009
    vertex 619.4689477472988 94.76631003557692 -5.999999999999997
    vertex 621.9689477472984 94.76631003557665 -6.000000000000009
  endloop
endfacet
facet normal -8.265096338841528e-31 -5.5511151231257815e-17 1.0
  outer loop
    vertex 620.0124677420138 103.73786580036946 -6.000000000000009
    vertex 621.9689477472984 94.76631003557665 -6.000000000000009
    vertex 620.5189477472985 103.9476566876292 -5.999999999999992
  endloop
endfacet
facet normal -8.265096338841528e-31 -5.5511151231257815e-17 1.0
  outer loop
    vertex 620.5189477472985 103.9476566876292 -5.999999999999992
    vertex 621.9689477472984 94.76631003557665 -6.000000000000009
    vertex 620.9538719877902 104.28138579508479 -6.000000000000009
  endloop
endfacet
facet normal -8.265096338841528e-31 -5.5511151231257815e-17 1.0
  outer loop
    vertex 620.9538719877902 104.28138579508479 -6.000000000000009
    vertex 621.9689477472984 94.76631003557665 -6.000000000000009
    vertex 621.2876010952458 104.71631003557651 -5.999999999999997
  endloop
endfacet
facet normal -8.265096338841528e-31 -5.5511151231257815e-17 1.0
  outer loop
    vertex 621.2876010952458 104.71631003557651 -5.999999999999997
    vertex 621.9689477472984 94.76631003557665 -6.000000000000009
    vertex 621.4973919825055 105.22279004086127 -6.000000000000009
  endloop
endfacet
facet normal -8.265096338841528e-31 -5.5511151231257815e-17 1.0
  outer loop
    vertex 621.4973919825055 105.22279004086127 -6.000000000000009
    vertex 621.9689477472984 94.76631003557665 -6.000000000000009
    vertex 621.5689477472986 105.76631003557655 -6.000000000000003
  endloop
endfacet
facet normal -8.265096338841528e-31 -5.5511151231257815e-17 1.0
  outer loop
    vertex 614.4689477472986 87.26631003557667 -5.999999999999997
    vertex 613.4689477472984 102.26631003557662 -5.999999999999992
    vertex 612.8939214325464 87.80279742764806 -5.999999999999997
  endloop
endfacet
facet normal -8.265096338841528e-31 -5.5511151231257815e-17 1.0
  outer loop
    vertex 613.4689477472984 102.26631003557662 -5.999999999999992
    vertex 614.4689477472986 87.26631003557667 -5.999999999999997
    vertex 613.5030219210093 102.00749099047408 -5.999999999999997
  endloop
endfacet
facet normal -8.265096338841528e-31 -5.5511151231257815e-17 1.0
  outer loop
    vertex 613.5030219210093 102.00749099047408 -5.999999999999997
    vertex 614.4689477472986 87.26631003557667 -5.999999999999997
    vertex 613.6029223435139 101.76631003557662 -6.000000000000014
  endloop
endfacet
facet normal -8.265096338841528e-31 -5.5511151231257815e-17 1.0
  outer loop
    vertex 613.6029223435139 101.76631003557662 -6.000000000000014
    vertex 614.4689477472986 87.26631003557667 -5.999999999999997
    vertex 613.7618409661119 101.55920325439007 -6.000000000000014
  endloop
endfacet
facet normal -8.265096338841528e-31 -5.5511151231257815e-17 1.0
  outer loop
    vertex 613.7618409661119 101.55920325439007 -6.000000000000014
    vertex 614.4689477472986 87.26631003557667 -5.999999999999997
    vertex 613.9689477472984 101.40028463179219 -5.999999999999992
  endloop
endfacet
facet normal -8.265096338841528e-31 -5.5511151231257815e-17 1.0
  outer loop
    vertex 613.9689477472984 101.40028463179219 -5.999999999999992
    vertex 614.4689477472986 87.26631003557667 -5.999999999999997
    vertex 614.2101287021959 101.30038420928754 -5.999999999999992
  endloop
endfacet
facet normal -8.265096338841528e-31 -5.5511151231257815e-17 1.0
  outer loop
    vertex 614.2101287021959 101.30038420928754 -5.999999999999992
    vertex 614.4689477472986 87.26631003557667 -5.999999999999997
    vertex 614.4689477472984 101.2663100355766 -5.999999999999986
  endloop
endfacet
facet normal -8.265096338841528e-31 -5.5511151231257815e-17 1.0
  outer loop
    vertex 614.4689477472984 101.2663100355766 -5.999999999999986
    vertex 614.4689477472986 87.26631003557667 -5.999999999999997
    vertex 614.727766792401 101.30038420928754 -5.999999999999992
  endloop
endfacet
facet normal -8.265096338841528e-31 -5.5511151231257815e-17 1.0
  outer loop
    vertex 614.727766792401 101.30038420928754 -5.999999999999992
    vertex 614.4689477472986 87.26631003557667 -5.999999999999997
    vertex 616.0439740620508 87.8027974276483 -6.000000000000003
  endloop
endfacet
facet normal -8.265096338841528e-31 -5.5511151231257815e-17 1.0
  outer loop
    vertex 614.727766792401 101.30038420928754 -5.999999999999992
    vertex 616.0439740620508 87.8027974276483 -6.000000000000003
    vertex 614.9689477472984 101.40028463179219 -5.999999999999992
  endloop
endfacet
facet normal -8.265096338841528e-31 -5.5511151231257815e-17 1.0
  outer loop
    vertex 614.9689477472984 101.40028463179219 -5.999999999999992
    vertex 616.0439740620508 87.8027974276483 -6.000000000000003
    vertex 615.1760545284849 101.55920325439007 -6.000000000000014
  endloop
endfacet
facet normal -8.265096338841528e-31 -5.5511151231257815e-17 1.0
  outer loop
    vertex 615.1760545284849 101.55920325439007 -6.000000000000014
    vertex 616.0439740620508 87.8027974276483 -6.000000000000003
    vertex 615.3349731510829 101.76631003557662 -6.000000000000014
  endloop
endfacet
facet normal -8.265096338841528e-31 -5.5511151231257815e-17 1.0
  outer loop
    vertex 615.3349731510829 101.76631003557662 -6.000000000000014
    vertex 616.0439740620508 87.8027974276483 -6.000000000000003
    vertex 615.4348735735874 102.00749099047408 -5.999999999999997
  endloop
endfacet
facet normal -8.265096338841528e-31 -5.5511151231257815e-17 1.0
  outer loop
    vertex 615.4348735735874 102.00749099047408 -5.999999999999997
    vertex 616.0439740620508 87.8027974276483 -6.000000000000003
    vertex 615.4689477472984 102.26631003557662 -5.999999999999992
  endloop
endfacet
facet normal -8.265096338841528e-31 -5.5511151231257815e-17 1.0
  outer loop
    vertex 615.4689477472984 102.26631003557662 -5.999999999999992
    vertex 616.0439740620508 87.8027974276483 -6.000000000000003
    vertex 615.4689477472984 120.56631003557656 -6.000000000000003
  endloop
endfacet
facet normal -8.265096338841528e-31 -5.5511151231257815e-17 1.0
  outer loop
    vertex 615.4689477472984 120.56631003557656 -6.000000000000003
    vertex 616.0439740620508 87.8027974276483 -6.000000000000003
    vertex 617.4689477472984 117.76631003557652 -5.999999999999992
  endloop
endfacet
facet normal -8.265096338841528e-31 -5.5511151231257815e-17 1.0
  outer loop
    vertex 615.4689477472984 120.56631003557656 -6.000000000000003
    vertex 617.4689477472984 117.76631003557652 -5.999999999999992
    vertex 617.5370960947204 118.28394812578159 -6.000000000000009
  endloop
endfacet
facet normal -8.265096338841528e-31 -5.5511151231257815e-17 1.0
  outer loop
    vertex 615.4689477472984 120.56631003557656 -6.000000000000003
    vertex 617.5370960947204 118.28394812578159 -6.000000000000009
    vertex 617.7368969397296 118.76631003557652 -5.999999999999997
  endloop
endfacet
facet normal -8.265096338841528e-31 -5.5511151231257815e-17 1.0
  outer loop
    vertex 615.4689477472984 120.56631003557656 -6.000000000000003
    vertex 617.7368969397296 118.76631003557652 -5.999999999999997
    vertex 618.0547341849253 119.18052359794963 -6.000000000000003
  endloop
endfacet
facet normal -8.265096338841528e-31 -5.5511151231257815e-17 1.0
  outer loop
    vertex 615.4689477472984 120.56631003557656 -6.000000000000003
    vertex 618.0547341849253 119.18052359794963 -6.000000000000003
    vertex 618.4689477472986 119.49836084314539 -5.9999999999999805
  endloop
endfacet
facet normal -8.265096338841528e-31 -5.5511151231257815e-17 1.0
  outer loop
    vertex 615.4689477472984 120.56631003557656 -6.000000000000003
    vertex 618.4689477472986 119.49836084314539 -5.9999999999999805
    vertex 618.9513096570934 119.6981616881547 -6.000000000000026
  endloop
endfacet
facet normal -8.265096338841528e-31 -5.5511151231257815e-17 1.0
  outer loop
    vertex 615.4689477472984 120.56631003557656 -6.000000000000003
    vertex 618.9513096570934 119.6981616881547 -6.000000000000026
    vertex 624.3198249402808 120.56631003557656 -6.000000000000003
  endloop
endfacet
facet normal -8.265096338841528e-31 -5.5511151231257815e-17 1.0
  outer loop
    vertex 617.4689477472984 117.76631003557652 -5.999999999999992
    vertex 616.0439740620508 87.8027974276483 -6.000000000000003
    vertex 617.3689477472984 105.76631003557655 -6.000000000000003
  endloop
endfacet
facet normal -8.265096338841528e-31 -5.5511151231257815e-17 1.0
  outer loop
    vertex 617.4689477472984 117.76631003557652 -5.999999999999992
    vertex 617.3689477472984 105.76631003557655 -6.000000000000003
    vertex 617.4405035120914 106.30983003029186 -6.000000000000003
  endloop
endfacet
facet normal -8.265096338841528e-31 -5.5511151231257815e-17 1.0
  outer loop
    vertex 624.3198249402808 120.56631003557656 -6.000000000000003
    vertex 618.9513096570934 119.6981616881547 -6.000000000000026
    vertex 619.4689477472984 119.76631003557652 -5.999999999999997
  endloop
endfacet
facet normal -8.265096338841528e-31 -5.5511151231257815e-17 1.0
  outer loop
    vertex 624.3198249402808 120.56631003557656 -6.000000000000003
    vertex 619.4689477472984 119.76631003557652 -5.999999999999997
    vertex 619.9865858375035 119.6981616881547 -6.000000000000026
  endloop
endfacet
facet normal -8.265096338841528e-31 -5.5511151231257815e-17 1.0
  outer loop
    vertex 624.3198249402808 120.56631003557656 -6.000000000000003
    vertex 619.9865858375035 119.6981616881547 -6.000000000000026
    vertex 620.4689477472984 119.49836084314539 -5.9999999999999805
  endloop
endfacet
facet normal -8.265096338841528e-31 -5.5511151231257815e-17 1.0
  outer loop
    vertex 624.3198249402808 120.56631003557656 -6.000000000000003
    vertex 620.4689477472984 119.49836084314539 -5.9999999999999805
    vertex 620.8831613096716 119.18052359794963 -6.000000000000003
  endloop
endfacet
facet normal -8.265096338841528e-31 -5.5511151231257815e-17 1.0
  outer loop
    vertex 624.3198249402808 120.56631003557656 -6.000000000000003
    vertex 620.8831613096716 119.18052359794963 -6.000000000000003
    vertex 621.2009985548673 118.76631003557652 -5.999999999999997
  endloop
endfacet
facet normal -8.265096338841528e-31 -5.5511151231257815e-17 1.0
  outer loop
    vertex 624.3198249402808 120.56631003557656 -6.000000000000003
    vertex 621.2009985548673 118.76631003557652 -5.999999999999997
    vertex 621.4007993998765 118.28394812578159 -6.000000000000009
  endloop
endfacet
facet normal -8.265096338841528e-31 -5.5511151231257815e-17 1.0
  outer loop
    vertex 624.3198249402808 120.56631003557656 -6.000000000000003
    vertex 621.4007993998765 118.28394812578159 -6.000000000000009
    vertex 621.4689477472984 117.76631003557652 -5.999999999999992
  endloop
endfacet
facet normal -8.265096338841528e-31 -5.5511151231257815e-17 1.0
  outer loop
    vertex 624.3198249402808 120.56631003557656 -6.000000000000003
    vertex 621.4689477472984 117.76631003557652 -5.999999999999992
    vertex 621.4973919825055 106.30983003029186 -6.000000000000003
  endloop
endfacet
facet normal -8.265096338841528e-31 -5.5511151231257815e-17 1.0
  outer loop
    vertex 624.3198249402808 120.56631003557656 -6.000000000000003
    vertex 621.4973919825055 106.30983003029186 -6.000000000000003
    vertex 621.5689477472986 105.76631003557655 -6.000000000000003
  endloop
endfacet
facet normal -8.265096338841528e-31 -5.5511151231257815e-17 1.0
  outer loop
    vertex 624.3198249402808 120.56631003557656 -6.000000000000003
    vertex 621.5689477472986 105.76631003557655 -6.000000000000003
    vertex 621.9689477472984 94.76631003557665 -6.000000000000009
  endloop
endfacet
endsolid WifiYagiWood
